[18:58:30] [main/INFO]: Loading tweak class name net.minecraftforge.fml.common.launcher.FMLTweaker
[18:58:30] [main/INFO]: Using primary tweak class name net.minecraftforge.fml.common.launcher.FMLTweaker
[18:58:30] [main/INFO]: Calling tweak class net.minecraftforge.fml.common.launcher.FMLTweaker
[18:58:30] [main/INFO]: Forge Mod Loader version 11.15.1.2318 for Minecraft 1.8.9 loading
[18:58:30] [main/INFO]: Java is Java HotSpot(TM) 64-Bit Server VM, version 1.8.0_202, running on Linux:amd64:6.8.0-51-generic, installed at /home/e/.minecraft/runtime/jre-legacy/linux/jre-legacy
[18:58:31] [main/INFO]: Loading tweaker org.spongepowered.asm.launch.MixinTweaker from ConfigurationsBackport-1.8.9-1.1.jar
[18:58:31] [main/WARN]: The coremod pl.asie.foamfix.coremod.FoamFixCore does not have a MCVersion annotation, it may cause issues with this version of Minecraft
[18:58:31] [main/INFO]: Loading tweaker org.spongepowered.asm.launch.MixinTweaker from liquidbounce-b100.jar
[18:58:31] [main/INFO]: Loading tweaker org.spongepowered.asm.launch.MixinTweaker from Nothirium-1.8.9-port-1.8.9-0.4.9-beta-1.jar
[18:58:31] [main/INFO]: Loading tweaker org.spongepowered.asm.launch.MixinTweaker from phosphor-universal.jar
[18:58:31] [main/INFO]: Loading tweaker org.spongepowered.asm.launch.MixinTweaker from RenderLib-1.8.9-port-1.8.9-1.4.5.5.jar
[18:58:31] [main/INFO]: Loading tweak class name net.minecraftforge.fml.common.launcher.FMLInjectionAndSortingTweaker
[18:58:31] [main/INFO]: Loading tweak class name org.spongepowered.asm.launch.MixinTweaker
[18:58:31] [main/INFO]: SpongePowered MIXIN Subsystem Version=0.7.10 Source=file:/home/e/.minecraft/mods/ConfigurationsBackport-1.8.9-1.1.jar Service=LaunchWrapper Env=CLIENT
[18:58:31] [main/DEBUG]: Instantiating coremod class MixinLoaderCorePlugin
[18:58:31] [main/DEBUG]: The coremod my_life_is_bad.configurationsbackport.mixins.MixinLoaderCorePlugin requested minecraft version 1.8.9 and minecraft is 1.8.9. It will be loaded.
[18:58:31] [main/INFO]: Compatibility level set to JAVA_8
[18:58:31] [main/DEBUG]: Enqueued coremod MixinLoaderCorePlugin
[18:58:31] [main/DEBUG]: Instantiating coremod class MixinLoader
[18:58:31] [main/WARN]: The coremod net.ccbluex.liquidbounce.injection.forge.MixinLoader does not have a MCVersion annotation, it may cause issues with this version of Minecraft
[18:58:31] [main/INFO]: [net.ccbluex.liquidbounce.injection.forge.MixinLoader:<init>:20]: [LiquidBounce] Injecting with IFMLLoadingPlugin.
[18:58:31] [main/ERROR]: Mixin config liquidbounce.forge.mixins.json does not specify "minVersion" property
[18:58:31] [main/DEBUG]: Enqueued coremod MixinLoader
[18:58:31] [main/DEBUG]: Instantiating coremod class NothiriumPlugin
[18:58:31] [main/DEBUG]: The coremod meldexun.nothirium.mc.asm.NothiriumPlugin requested minecraft version 1.8.9 and minecraft is 1.8.9. It will be loaded.
[18:58:31] [main/DEBUG]: Enqueued coremod NothiriumPlugin
[18:58:31] [main/DEBUG]: Instantiating coremod class PhosphorFMLPlugin
[18:58:31] [main/WARN]: The coremod me.jellysquid.mods.phosphor.core.PhosphorFMLPlugin does not have a MCVersion annotation, it may cause issues with this version of Minecraft
[18:58:31] [main/DEBUG]: Enqueued coremod PhosphorFMLPlugin
[18:58:31] [main/DEBUG]: Instantiating coremod class RenderLibPlugin
[18:58:31] [main/DEBUG]: The coremod meldexun.renderlib.asm.RenderLibPlugin requested minecraft version 1.8.9 and minecraft is 1.8.9. It will be loaded.
[18:58:31] [main/DEBUG]: Enqueued coremod RenderLibPlugin
[18:58:31] [main/WARN]: Tweak class name org.spongepowered.asm.launch.MixinTweaker has already been visited -- skipping
[18:58:31] [main/WARN]: Tweak class name org.spongepowered.asm.launch.MixinTweaker has already been visited -- skipping
[18:58:31] [main/WARN]: Tweak class name org.spongepowered.asm.launch.MixinTweaker has already been visited -- skipping
[18:58:31] [main/WARN]: Tweak class name org.spongepowered.asm.launch.MixinTweaker has already been visited -- skipping
[18:58:31] [main/INFO]: Loading tweak class name net.minecraftforge.fml.common.launcher.FMLDeobfTweaker
[18:58:31] [main/INFO]: Calling tweak class net.minecraftforge.fml.common.launcher.FMLInjectionAndSortingTweaker
[18:58:31] [main/INFO]: Calling tweak class net.minecraftforge.fml.common.launcher.FMLInjectionAndSortingTweaker
[18:58:31] [main/INFO]: Calling tweak class net.minecraftforge.fml.relauncher.CoreModManager$FMLPluginWrapper
[18:58:31] [main/DEBUG]: Injecting coremod FMLCorePlugin {net.minecraftforge.fml.relauncher.FMLCorePlugin} class transformers
[18:58:31] [main/TRACE]: Registering transformer net.minecraftforge.fml.common.asm.transformers.BlamingTransformer
[18:58:31] [main/TRACE]: Registering transformer net.minecraftforge.fml.common.asm.transformers.SideTransformer
[18:58:31] [main/TRACE]: Registering transformer net.minecraftforge.fml.common.asm.transformers.EventSubscriptionTransformer
[18:58:31] [main/TRACE]: Registering transformer net.minecraftforge.fml.common.asm.transformers.EventSubscriberTransformer
[18:58:31] [main/DEBUG]: Injection complete
[18:58:31] [main/DEBUG]: Running coremod plugin for FMLCorePlugin {net.minecraftforge.fml.relauncher.FMLCorePlugin}
[18:58:31] [main/DEBUG]: Running coremod plugin FMLCorePlugin
[18:58:32] [main/DEBUG]: Read 825 binary patches
[18:58:33] [main/DEBUG]: Loading deobfuscation resource /deobfuscation_data-1.8.9.lzma with 27891 records
[18:58:34] [main/INFO]: Found valid fingerprint for Minecraft Forge. Certificate fingerprint e3c3d50c7c986df74c645c0ac54639741c90a557
[18:58:34] [main/INFO]: Found valid fingerprint for Minecraft. Certificate fingerprint cd99959656f753dc28d863b46769f7f8fbaefcfc
[18:58:34] [main/DEBUG]: Coremod plugin class FMLCorePlugin run successfully
[18:58:34] [main/INFO]: Calling tweak class net.minecraftforge.fml.relauncher.CoreModManager$FMLPluginWrapper
[18:58:34] [main/DEBUG]: Injecting coremod FMLForgePlugin {net.minecraftforge.classloading.FMLForgePlugin} class transformers
[18:58:34] [main/DEBUG]: Injection complete
[18:58:34] [main/DEBUG]: Running coremod plugin for FMLForgePlugin {net.minecraftforge.classloading.FMLForgePlugin}
[18:58:34] [main/DEBUG]: Running coremod plugin FMLForgePlugin
[18:58:34] [main/DEBUG]: Coremod plugin class FMLForgePlugin run successfully
[18:58:34] [main/INFO]: Calling tweak class org.spongepowered.asm.launch.MixinTweaker
[18:58:34] [main/ERROR]: Mixin config liquidbounce.forge.mixins.json does not specify "minVersion" property
[18:58:34] [main/INFO]: Initialised Mixin FML Remapper Adapter with net.minecraftforge.fml.common.asm.transformers.deobf.FMLDeobfuscatingRemapper@27a0a5a2
[18:58:34] [main/DEBUG]: Injecting coremod MixinLoaderCorePlugin {my_life_is_bad.configurationsbackport.mixins.MixinLoaderCorePlugin} class transformers
[18:58:34] [main/DEBUG]: Injection complete
[18:58:34] [main/DEBUG]: Running coremod plugin for MixinLoaderCorePlugin {my_life_is_bad.configurationsbackport.mixins.MixinLoaderCorePlugin}
[18:58:34] [main/DEBUG]: Running coremod plugin MixinLoaderCorePlugin
[18:58:34] [main/DEBUG]: Coremod plugin class MixinLoaderCorePlugin run successfully
[18:58:34] [main/DEBUG]: Injecting coremod MixinLoader {net.ccbluex.liquidbounce.injection.forge.MixinLoader} class transformers
[18:58:34] [main/TRACE]: Registering transformer net.ccbluex.liquidbounce.injection.transformers.ForgeNetworkTransformer
[18:58:34] [main/TRACE]: Registering transformer net.ccbluex.liquidbounce.script.remapper.injection.transformers.AbstractJavaLinkerTransformer
[18:58:34] [main/DEBUG]: Injection complete
[18:58:34] [main/DEBUG]: Running coremod plugin for MixinLoader {net.ccbluex.liquidbounce.injection.forge.MixinLoader}
[18:58:34] [main/DEBUG]: Running coremod plugin MixinLoader
[18:58:34] [main/DEBUG]: Coremod plugin class MixinLoader run successfully
[18:58:34] [main/DEBUG]: Injecting coremod NothiriumPlugin {meldexun.nothirium.mc.asm.NothiriumPlugin} class transformers
[18:58:34] [main/DEBUG]: Injection complete
[18:58:34] [main/DEBUG]: Running coremod plugin for NothiriumPlugin {meldexun.nothirium.mc.asm.NothiriumPlugin}
[18:58:34] [main/DEBUG]: Running coremod plugin NothiriumPlugin
[18:58:34] [main/DEBUG]: Coremod plugin class NothiriumPlugin run successfully
[18:58:34] [main/DEBUG]: Injecting coremod PhosphorFMLPlugin {me.jellysquid.mods.phosphor.core.PhosphorFMLPlugin} class transformers
[18:58:34] [main/DEBUG]: Injection complete
[18:58:34] [main/DEBUG]: Running coremod plugin for PhosphorFMLPlugin {me.jellysquid.mods.phosphor.core.PhosphorFMLPlugin}
[18:58:34] [main/DEBUG]: Running coremod plugin PhosphorFMLPlugin
[18:58:34] [main/DEBUG]: Coremod plugin class PhosphorFMLPlugin run successfully
[18:58:34] [main/DEBUG]: Injecting coremod RenderLibPlugin {meldexun.renderlib.asm.RenderLibPlugin} class transformers
[18:58:34] [main/DEBUG]: Injection complete
[18:58:34] [main/DEBUG]: Running coremod plugin for RenderLibPlugin {meldexun.renderlib.asm.RenderLibPlugin}
[18:58:34] [main/DEBUG]: Running coremod plugin RenderLibPlugin
[18:58:34] [main/DEBUG]: Coremod plugin class RenderLibPlugin run successfully
[18:58:34] [main/INFO]: Calling tweak class net.minecraftforge.fml.common.launcher.FMLDeobfTweaker
[18:58:34] [main/DEBUG]: Loaded 165 rules from AccessTransformer config file forge_at.cfg
[18:58:34] [main/DEBUG]: Loaded 3 rules from AccessTransformer mod jar file /home/e/.minecraft/mods/phosphor-universal.jar!META-INF/phosphor_at.cfg

[18:58:34] [main/DEBUG]: Loaded 1 rules from AccessTransformer mod jar file /home/e/.minecraft/mods/Nothirium-1.8.9-port-1.8.9-0.4.9-beta-1.jar!META-INF/accesstransformer.cfg

[18:58:34] [main/DEBUG]: Loaded 31 rules from AccessTransformer mod jar file /home/e/.minecraft/mods/RenderLib-1.8.9-port-1.8.9-1.4.5.5.jar!META-INF/accesstransformer.cfg

[18:58:34] [main/DEBUG]: Loaded 83 rules from AccessTransformer mod jar file /home/e/.minecraft/mods/liquidbounce-b100.jar!META-INF/liquidbounce_at.cfg

[18:58:34] [main/DEBUG]: Validating minecraft
[18:58:35] [main/INFO]: Calling tweak class net.minecraftforge.fml.relauncher.CoreModManager$FMLPluginWrapper
[18:58:35] [main/INFO]: Calling tweak class meldexun.nothirium.mc.asm.NothiriumTweaker
[18:58:35] [main/INFO]: Calling tweak class meldexun.renderlib.asm.RenderLibTweaker
[18:58:35] [main/INFO]: Loading tweak class name net.minecraftforge.fml.common.launcher.TerminalTweaker
[18:58:35] [main/INFO]: Loading tweak class name org.spongepowered.asm.mixin.EnvironmentStateTweaker
[18:58:35] [main/INFO]: Calling tweak class net.minecraftforge.fml.common.launcher.TerminalTweaker
[18:58:35] [main/INFO]: Calling tweak class org.spongepowered.asm.mixin.EnvironmentStateTweaker
[18:58:35] [main/INFO]: Detected MC Version : Minecraft 1.8.9
[18:58:35] [main/WARN]: @Mixin target net.minecraftforge.fml.common.discovery.asm.ModAnnotation$EnumHolder is public in mixins.configurationsbackport.json:MixinEnumHolder and should be specified in value
[18:58:35] [main/WARN]: @Mixin target net.minecraftforge.fml.common.FMLModContainer is public in mixins.configurationsbackport.json:MixinFMLModContainer and should be specified in value
[18:58:35] [main/WARN]: @Mixin target net.minecraftforge.common.config.ConfigElement is public in mixins.configurationsbackport.json:MixinConfigElement and should be specified in value
[18:58:35] [main/WARN]: @Mixin target net.minecraftforge.fml.client.FMLClientHandler is public in mixins.configurationsbackport.json:MixinFMLClientHandler and should be specified in value
[18:58:35] [main/WARN]: @Mixin target net.minecraftforge.fml.client.config.GuiConfigEntries is public in mixins.configurationsbackport.json:MixinGuiConfigEntries and should be specified in value
[18:58:35] [main/WARN]: @Mixin target net.minecraftforge.fml.client.GuiModList is public in mixins.configurationsbackport.json:MixinGuiModList and should be specified in value
[18:58:37] [main/INFO]: Transforming class net/minecraft/server/MinecraftServer
[18:58:37] [main/INFO]: Transforming class net/minecraft/server/MinecraftServer
[18:58:37] [main/INFO]: Transforming class net/minecraft/client/renderer/RenderGlobal
[18:58:37] [main/INFO]: Transforming method net/minecraft/client/renderer/RenderGlobal.func_72732_a(Lnet/minecraft/client/multiplayer/WorldClient;)V
[18:58:37] [main/INFO]: Transforming class net/minecraft/client/renderer/RenderGlobal
[18:58:37] [main/INFO]: Transforming method net/minecraft/client/renderer/RenderGlobal.func_72712_a()V
[18:58:37] [main/INFO]: Transforming class net/minecraft/client/renderer/RenderGlobal
[18:58:37] [main/INFO]: Transforming method net/minecraft/client/renderer/RenderGlobal.func_180446_a(Lnet/minecraft/entity/Entity;Lnet/minecraft/client/renderer/culling/ICamera;F)V
[18:58:37] [main/WARN]: Error loading class: net/optifine/DynamicLight (java.lang.ClassNotFoundException: The specified class 'net.optifine.DynamicLight' was not found)
[18:58:37] [main/INFO]: Launching wrapped minecraft {net.minecraft.client.main.Main}
[18:58:41] [Client thread/INFO]: Transforming class net/minecraft/server/MinecraftServer
[18:58:41] [Client thread/INFO]: Transforming class net/minecraft/server/MinecraftServer
[18:58:41] [Client thread/INFO]: Setting user: iwincuzyes
[18:58:41] [Client thread/INFO]: IntegratedServer mixin successfully loaded!
[18:58:54] [DefaultDispatcher-worker-1/INFO]: Starting preload tasks of LiquidBounce
[18:58:55] [Client thread/INFO]: LWJGL Version: 2.9.4
[18:58:56] [Client thread/INFO]: OpenGL Debug: supported=KHR, enabled=true
[18:58:56] [Client thread/INFO]: [net.minecraftforge.fml.client.SplashProgress:start:246]: ---- Minecraft Crash Report ----

WARNING: coremods are present:
  RenderLibPlugin (RenderLib-1.8.9-port-1.8.9-1.4.5.5.jar)
  PhosphorFMLPlugin (phosphor-universal.jar)
  MixinLoaderCorePlugin (ConfigurationsBackport-1.8.9-1.1.jar)
  Do not report to Forge! Remove FoamFixAPI (or replace with FoamFixAPI-Lawful) and try again. (foamfix-0.6.3a-anarchy-1.8.x.jar)
  MixinLoader (liquidbounce-b100.jar)
  NothiriumPlugin (Nothirium-1.8.9-port-1.8.9-0.4.9-beta-1.jar)
Contact their authors BEFORE contacting forge

// I blame Dinnerbone.

Time: 7/16/26 6:58 PM
Description: Loading screen debug info

This is just a prompt for computer specs to be printed. THIS IS NOT A ERROR


A detailed walkthrough of the error, its code path and all known details is as follows:
---------------------------------------------------------------------------------------

-- System Details --
Details:
	Minecraft Version: 1.8.9
	Operating System: Linux (amd64) version 6.8.0-51-generic
	Java Version: 1.8.0_202, Oracle Corporation
	Java VM Version: Java HotSpot(TM) 64-Bit Server VM (mixed mode), Oracle Corporation
	Memory: 334593296 bytes (319 MB) / 805306368 bytes (768 MB) up to 2147483648 bytes (2048 MB)
	JVM Flags: 7 total; -XX:+UnlockExperimentalVMOptions -XX:+UseG1GC -XX:G1NewSizePercent=20 -XX:G1ReservePercent=20 -XX:MaxGCPauseMillis=50 -XX:G1HeapRegionSize=16M -Xmx2048m
	IntCache: cache: 0, tcache: 0, allocated: 0, tallocated: 0
	FML: 
	Loaded coremods (and transformers): 
RenderLibPlugin (RenderLib-1.8.9-port-1.8.9-1.4.5.5.jar)
  
PhosphorFMLPlugin (phosphor-universal.jar)
  
MixinLoaderCorePlugin (ConfigurationsBackport-1.8.9-1.1.jar)
  
Do not report to Forge! Remove FoamFixAPI (or replace with FoamFixAPI-Lawful) and try again. (foamfix-0.6.3a-anarchy-1.8.x.jar)
  pl.asie.foamfix.coremod.FoamFixTransformer
MixinLoader (liquidbounce-b100.jar)
  net.ccbluex.liquidbounce.injection.transformers.ForgeNetworkTransformer
  net.ccbluex.liquidbounce.script.remapper.injection.transformers.AbstractJavaLinkerTransformer
NothiriumPlugin (Nothirium-1.8.9-port-1.8.9-0.4.9-beta-1.jar)
  
	GL info: ' Vendor: 'Intel' Version: '4.2 (Compatibility Profile) Mesa 24.2.8-1ubuntu1~24.04.1' Renderer: 'Mesa Intel(R) HD Graphics 4000 (IVB GT2)'
[18:58:57] [Client thread/INFO]: MinecraftForge v11.15.1.2318 Initialized
[18:58:57] [Client thread/INFO]: Replaced 229 ore recipies
[18:58:57] [Client thread/INFO]: Found 0 mods from the command line. Injecting into mod discoverer
[18:58:57] [Client thread/INFO]: Searching /home/e/.minecraft/mods for mods
[18:58:58] [Thread-12/INFO]: [Shader] Successfully loaded: rainbow_font_shader.frag
[18:58:58] [Thread-12/INFO]: [Shader] Successfully loaded: gradient_font_shader.frag
[18:58:59] [DefaultDispatcher-worker-1/INFO]: Loaded language en_US
[18:58:59] [DefaultDispatcher-worker-1/INFO]: Loaded language pt_BR
[18:58:59] [DefaultDispatcher-worker-1/INFO]: Loaded language pt_PT
[18:58:59] [DefaultDispatcher-worker-1/INFO]: Loaded language zh_CN
[18:58:59] [DefaultDispatcher-worker-1/INFO]: Loaded language zh_TW
[18:58:59] [DefaultDispatcher-worker-1/INFO]: Loaded language bg_BG
[18:58:59] [DefaultDispatcher-worker-1/INFO]: Loaded language ru_RU
[18:59:00] [Client thread/ERROR]: Unable to read a class file correctly
java.lang.IllegalArgumentException
	at org.objectweb.asm.ClassReader.<init>(Unknown Source) ~[asm-all-5.0.3.jar:5.0.3]
	at org.objectweb.asm.ClassReader.<init>(Unknown Source) ~[asm-all-5.0.3.jar:5.0.3]
	at org.objectweb.asm.ClassReader.<init>(Unknown Source) ~[asm-all-5.0.3.jar:5.0.3]
	at net.minecraftforge.fml.common.discovery.asm.ASMModParser.<init>(ASMModParser.java:52) [ASMModParser.class:?]
	at net.minecraftforge.fml.common.discovery.JarDiscoverer.discover(JarDiscoverer.java:69) [JarDiscoverer.class:?]
	at net.minecraftforge.fml.common.discovery.ContainerType.findMods(ContainerType.java:42) [ContainerType.class:?]
	at net.minecraftforge.fml.common.discovery.ModCandidate.explore(ModCandidate.java:71) [ModCandidate.class:?]
	at net.minecraftforge.fml.common.discovery.ModDiscoverer.identifyMods(ModDiscoverer.java:134) [ModDiscoverer.class:?]
	at net.minecraftforge.fml.common.Loader.identifyMods(Loader.java:363) [Loader.class:?]
	at net.minecraftforge.fml.common.Loader.loadMods(Loader.java:488) [Loader.class:?]
	at net.minecraftforge.fml.client.FMLClientHandler.beginMinecraftLoading(FMLClientHandler.java:208) [FMLClientHandler.class:?]
	at net.minecraft.client.Minecraft.func_71384_a(Minecraft.java:417) [ave.class:?]
	at net.minecraft.client.Minecraft.func_99999_d(Minecraft.java:329) [ave.class:?]
	at net.minecraft.client.main.Main.main(SourceFile:124) [Main.class:?]
	at sun.reflect.NativeMethodAccessorImpl.invoke0(Native Method) ~[?:1.8.0_202]
	at sun.reflect.NativeMethodAccessorImpl.invoke(NativeMethodAccessorImpl.java:62) ~[?:1.8.0_202]
	at sun.reflect.DelegatingMethodAccessorImpl.invoke(DelegatingMethodAccessorImpl.java:43) ~[?:1.8.0_202]
	at java.lang.reflect.Method.invoke(Method.java:498) ~[?:1.8.0_202]
	at net.minecraft.launchwrapper.Launch.launch(Launch.java:135) [launchwrapper-1.12.jar:?]
	at net.minecraft.launchwrapper.Launch.main(Launch.java:28) [launchwrapper-1.12.jar:?]
[18:59:00] [Client thread/ERROR]: There was a problem reading the entry impl/com/pixelduke/window/win32/windows11/DWM_CORNER_PREFERENCE.class in the jar /home/e/.minecraft/sklauncher-fx.jar - probably a corrupt zip
net.minecraftforge.fml.common.LoaderException: java.lang.IllegalArgumentException

	at net.minecraftforge.fml.common.discovery.asm.ASMModParser.<init>(ASMModParser.java:58) ~[ASMModParser.class:?]
	at net.minecraftforge.fml.common.discovery.JarDiscoverer.discover(JarDiscoverer.java:69) [JarDiscoverer.class:?]
	at net.minecraftforge.fml.common.discovery.ContainerType.findMods(ContainerType.java:42) [ContainerType.class:?]
	at net.minecraftforge.fml.common.discovery.ModCandidate.explore(ModCandidate.java:71) [ModCandidate.class:?]
	at net.minecraftforge.fml.common.discovery.ModDiscoverer.identifyMods(ModDiscoverer.java:134) [ModDiscoverer.class:?]
	at net.minecraftforge.fml.common.Loader.identifyMods(Loader.java:363) [Loader.class:?]
	at net.minecraftforge.fml.common.Loader.loadMods(Loader.java:488) [Loader.class:?]
	at net.minecraftforge.fml.client.FMLClientHandler.beginMinecraftLoading(FMLClientHandler.java:208) [FMLClientHandler.class:?]
	at net.minecraft.client.Minecraft.func_71384_a(Minecraft.java:417) [ave.class:?]
	at net.minecraft.client.Minecraft.func_99999_d(Minecraft.java:329) [ave.class:?]
	at net.minecraft.client.main.Main.main(SourceFile:124) [Main.class:?]
	at sun.reflect.NativeMethodAccessorImpl.invoke0(Native Method) ~[?:1.8.0_202]
	at sun.reflect.NativeMethodAccessorImpl.invoke(NativeMethodAccessorImpl.java:62) ~[?:1.8.0_202]
	at sun.reflect.DelegatingMethodAccessorImpl.invoke(DelegatingMethodAccessorImpl.java:43) ~[?:1.8.0_202]
	at java.lang.reflect.Method.invoke(Method.java:498) ~[?:1.8.0_202]
	at net.minecraft.launchwrapper.Launch.launch(Launch.java:135) [launchwrapper-1.12.jar:?]
	at net.minecraft.launchwrapper.Launch.main(Launch.java:28) [launchwrapper-1.12.jar:?]
Caused by: java.lang.IllegalArgumentException
	at org.objectweb.asm.ClassReader.<init>(Unknown Source) ~[asm-all-5.0.3.jar:5.0.3]
	at org.objectweb.asm.ClassReader.<init>(Unknown Source) ~[asm-all-5.0.3.jar:5.0.3]
	at org.objectweb.asm.ClassReader.<init>(Unknown Source) ~[asm-all-5.0.3.jar:5.0.3]
	at net.minecraftforge.fml.common.discovery.asm.ASMModParser.<init>(ASMModParser.java:52) ~[ASMModParser.class:?]
	... 16 more
[18:59:00] [Client thread/WARN]: Zip file sklauncher-fx.jar failed to read properly, it will be ignored
net.minecraftforge.fml.common.LoaderException: java.lang.IllegalArgumentException

	at net.minecraftforge.fml.common.discovery.asm.ASMModParser.<init>(ASMModParser.java:58) ~[ASMModParser.class:?]
	at net.minecraftforge.fml.common.discovery.JarDiscoverer.discover(JarDiscoverer.java:69) [JarDiscoverer.class:?]
	at net.minecraftforge.fml.common.discovery.ContainerType.findMods(ContainerType.java:42) [ContainerType.class:?]
	at net.minecraftforge.fml.common.discovery.ModCandidate.explore(ModCandidate.java:71) [ModCandidate.class:?]
	at net.minecraftforge.fml.common.discovery.ModDiscoverer.identifyMods(ModDiscoverer.java:134) [ModDiscoverer.class:?]
	at net.minecraftforge.fml.common.Loader.identifyMods(Loader.java:363) [Loader.class:?]
	at net.minecraftforge.fml.common.Loader.loadMods(Loader.java:488) [Loader.class:?]
	at net.minecraftforge.fml.client.FMLClientHandler.beginMinecraftLoading(FMLClientHandler.java:208) [FMLClientHandler.class:?]
	at net.minecraft.client.Minecraft.func_71384_a(Minecraft.java:417) [ave.class:?]
	at net.minecraft.client.Minecraft.func_99999_d(Minecraft.java:329) [ave.class:?]
	at net.minecraft.client.main.Main.main(SourceFile:124) [Main.class:?]
	at sun.reflect.NativeMethodAccessorImpl.invoke0(Native Method) ~[?:1.8.0_202]
	at sun.reflect.NativeMethodAccessorImpl.invoke(NativeMethodAccessorImpl.java:62) ~[?:1.8.0_202]
	at sun.reflect.DelegatingMethodAccessorImpl.invoke(DelegatingMethodAccessorImpl.java:43) ~[?:1.8.0_202]
	at java.lang.reflect.Method.invoke(Method.java:498) ~[?:1.8.0_202]
	at net.minecraft.launchwrapper.Launch.launch(Launch.java:135) [launchwrapper-1.12.jar:?]
	at net.minecraft.launchwrapper.Launch.main(Launch.java:28) [launchwrapper-1.12.jar:?]
Caused by: java.lang.IllegalArgumentException
	at org.objectweb.asm.ClassReader.<init>(Unknown Source) ~[asm-all-5.0.3.jar:5.0.3]
	at org.objectweb.asm.ClassReader.<init>(Unknown Source) ~[asm-all-5.0.3.jar:5.0.3]
	at org.objectweb.asm.ClassReader.<init>(Unknown Source) ~[asm-all-5.0.3.jar:5.0.3]
	at net.minecraftforge.fml.common.discovery.asm.ASMModParser.<init>(ASMModParser.java:52) ~[ASMModParser.class:?]
	... 16 more
[18:59:00] [DefaultDispatcher-worker-1/INFO]: [Remapper] Successfully loaded SRG mappings.
[18:59:00] [DefaultDispatcher-worker-1/INFO]: Preload tasks of LiquidBounce are completed!
[18:59:02] [Client thread/ERROR]: Unable to read a class file correctly
java.lang.IllegalArgumentException
	at org.objectweb.asm.ClassReader.<init>(Unknown Source) ~[asm-all-5.0.3.jar:5.0.3]
	at org.objectweb.asm.ClassReader.<init>(Unknown Source) ~[asm-all-5.0.3.jar:5.0.3]
	at org.objectweb.asm.ClassReader.<init>(Unknown Source) ~[asm-all-5.0.3.jar:5.0.3]
	at net.minecraftforge.fml.common.discovery.asm.ASMModParser.<init>(ASMModParser.java:52) [ASMModParser.class:?]
	at net.minecraftforge.fml.common.discovery.JarDiscoverer.discover(JarDiscoverer.java:69) [JarDiscoverer.class:?]
	at net.minecraftforge.fml.common.discovery.ContainerType.findMods(ContainerType.java:42) [ContainerType.class:?]
	at net.minecraftforge.fml.common.discovery.ModCandidate.explore(ModCandidate.java:71) [ModCandidate.class:?]
	at net.minecraftforge.fml.common.discovery.ModDiscoverer.identifyMods(ModDiscoverer.java:134) [ModDiscoverer.class:?]
	at net.minecraftforge.fml.common.Loader.identifyMods(Loader.java:363) [Loader.class:?]
	at net.minecraftforge.fml.common.Loader.loadMods(Loader.java:488) [Loader.class:?]
	at net.minecraftforge.fml.client.FMLClientHandler.beginMinecraftLoading(FMLClientHandler.java:208) [FMLClientHandler.class:?]
	at net.minecraft.client.Minecraft.func_71384_a(Minecraft.java:417) [ave.class:?]
	at net.minecraft.client.Minecraft.func_99999_d(Minecraft.java:329) [ave.class:?]
	at net.minecraft.client.main.Main.main(SourceFile:124) [Main.class:?]
	at sun.reflect.NativeMethodAccessorImpl.invoke0(Native Method) ~[?:1.8.0_202]
	at sun.reflect.NativeMethodAccessorImpl.invoke(NativeMethodAccessorImpl.java:62) ~[?:1.8.0_202]
	at sun.reflect.DelegatingMethodAccessorImpl.invoke(DelegatingMethodAccessorImpl.java:43) ~[?:1.8.0_202]
	at java.lang.reflect.Method.invoke(Method.java:498) ~[?:1.8.0_202]
	at net.minecraft.launchwrapper.Launch.launch(Launch.java:135) [launchwrapper-1.12.jar:?]
	at net.minecraft.launchwrapper.Launch.main(Launch.java:28) [launchwrapper-1.12.jar:?]
[18:59:02] [Client thread/ERROR]: There was a problem reading the entry module-info.class in the jar /home/e/.minecraft/mods/liquidbounce-b100.jar - probably a corrupt zip
net.minecraftforge.fml.common.LoaderException: java.lang.IllegalArgumentException

	at net.minecraftforge.fml.common.discovery.asm.ASMModParser.<init>(ASMModParser.java:58) ~[ASMModParser.class:?]
	at net.minecraftforge.fml.common.discovery.JarDiscoverer.discover(JarDiscoverer.java:69) [JarDiscoverer.class:?]
	at net.minecraftforge.fml.common.discovery.ContainerType.findMods(ContainerType.java:42) [ContainerType.class:?]
	at net.minecraftforge.fml.common.discovery.ModCandidate.explore(ModCandidate.java:71) [ModCandidate.class:?]
	at net.minecraftforge.fml.common.discovery.ModDiscoverer.identifyMods(ModDiscoverer.java:134) [ModDiscoverer.class:?]
	at net.minecraftforge.fml.common.Loader.identifyMods(Loader.java:363) [Loader.class:?]
	at net.minecraftforge.fml.common.Loader.loadMods(Loader.java:488) [Loader.class:?]
	at net.minecraftforge.fml.client.FMLClientHandler.beginMinecraftLoading(FMLClientHandler.java:208) [FMLClientHandler.class:?]
	at net.minecraft.client.Minecraft.func_71384_a(Minecraft.java:417) [ave.class:?]
	at net.minecraft.client.Minecraft.func_99999_d(Minecraft.java:329) [ave.class:?]
	at net.minecraft.client.main.Main.main(SourceFile:124) [Main.class:?]
	at sun.reflect.NativeMethodAccessorImpl.invoke0(Native Method) ~[?:1.8.0_202]
	at sun.reflect.NativeMethodAccessorImpl.invoke(NativeMethodAccessorImpl.java:62) ~[?:1.8.0_202]
	at sun.reflect.DelegatingMethodAccessorImpl.invoke(DelegatingMethodAccessorImpl.java:43) ~[?:1.8.0_202]
	at java.lang.reflect.Method.invoke(Method.java:498) ~[?:1.8.0_202]
	at net.minecraft.launchwrapper.Launch.launch(Launch.java:135) [launchwrapper-1.12.jar:?]
	at net.minecraft.launchwrapper.Launch.main(Launch.java:28) [launchwrapper-1.12.jar:?]
Caused by: java.lang.IllegalArgumentException
	at org.objectweb.asm.ClassReader.<init>(Unknown Source) ~[asm-all-5.0.3.jar:5.0.3]
	at org.objectweb.asm.ClassReader.<init>(Unknown Source) ~[asm-all-5.0.3.jar:5.0.3]
	at org.objectweb.asm.ClassReader.<init>(Unknown Source) ~[asm-all-5.0.3.jar:5.0.3]
	at net.minecraftforge.fml.common.discovery.asm.ASMModParser.<init>(ASMModParser.java:52) ~[ASMModParser.class:?]
	... 16 more
[18:59:02] [Client thread/WARN]: Zip file liquidbounce-b100.jar failed to read properly, it will be ignored
net.minecraftforge.fml.common.LoaderException: java.lang.IllegalArgumentException

	at net.minecraftforge.fml.common.discovery.asm.ASMModParser.<init>(ASMModParser.java:58) ~[ASMModParser.class:?]
	at net.minecraftforge.fml.common.discovery.JarDiscoverer.discover(JarDiscoverer.java:69) [JarDiscoverer.class:?]
	at net.minecraftforge.fml.common.discovery.ContainerType.findMods(ContainerType.java:42) [ContainerType.class:?]
	at net.minecraftforge.fml.common.discovery.ModCandidate.explore(ModCandidate.java:71) [ModCandidate.class:?]
	at net.minecraftforge.fml.common.discovery.ModDiscoverer.identifyMods(ModDiscoverer.java:134) [ModDiscoverer.class:?]
	at net.minecraftforge.fml.common.Loader.identifyMods(Loader.java:363) [Loader.class:?]
	at net.minecraftforge.fml.common.Loader.loadMods(Loader.java:488) [Loader.class:?]
	at net.minecraftforge.fml.client.FMLClientHandler.beginMinecraftLoading(FMLClientHandler.java:208) [FMLClientHandler.class:?]
	at net.minecraft.client.Minecraft.func_71384_a(Minecraft.java:417) [ave.class:?]
	at net.minecraft.client.Minecraft.func_99999_d(Minecraft.java:329) [ave.class:?]
	at net.minecraft.client.main.Main.main(SourceFile:124) [Main.class:?]
	at sun.reflect.NativeMethodAccessorImpl.invoke0(Native Method) ~[?:1.8.0_202]
	at sun.reflect.NativeMethodAccessorImpl.invoke(NativeMethodAccessorImpl.java:62) ~[?:1.8.0_202]
	at sun.reflect.DelegatingMethodAccessorImpl.invoke(DelegatingMethodAccessorImpl.java:43) ~[?:1.8.0_202]
	at java.lang.reflect.Method.invoke(Method.java:498) ~[?:1.8.0_202]
	at net.minecraft.launchwrapper.Launch.launch(Launch.java:135) [launchwrapper-1.12.jar:?]
	at net.minecraft.launchwrapper.Launch.main(Launch.java:28) [launchwrapper-1.12.jar:?]
Caused by: java.lang.IllegalArgumentException
	at org.objectweb.asm.ClassReader.<init>(Unknown Source) ~[asm-all-5.0.3.jar:5.0.3]
	at org.objectweb.asm.ClassReader.<init>(Unknown Source) ~[asm-all-5.0.3.jar:5.0.3]
	at org.objectweb.asm.ClassReader.<init>(Unknown Source) ~[asm-all-5.0.3.jar:5.0.3]
	at net.minecraftforge.fml.common.discovery.asm.ASMModParser.<init>(ASMModParser.java:52) ~[ASMModParser.class:?]
	... 16 more
[18:59:02] [Client thread/WARN]: Mod nothirium is missing the required element 'version' and a version.properties file could not be found. Falling back to metadata version 0.4.9-beta-1
[18:59:02] [Client thread/WARN]: Mod renderlib is missing the required element 'version' and a version.properties file could not be found. Falling back to metadata version 1.4.5.5
[18:59:05] [Client thread/INFO]: Forge Mod Loader has identified 9 mods to load
[18:59:06] [Client thread/INFO]: FML has found a non-mod file liquidbounce-b100.jar in your mods directory. It will now be injected into your classpath. This could severe stability issues, it should be removed if possible.
[18:59:06] [Client thread/INFO]: Attempting connection with missing mods [mcp, FML, Forge, foamfixcore, configurationsbackport, foamfix, nothirium, phosphor-lighting, renderlib] at CLIENT
[18:59:06] [Client thread/INFO]: Attempting connection with missing mods [mcp, FML, Forge, foamfixcore, configurationsbackport, foamfix, nothirium, phosphor-lighting, renderlib] at SERVER
[18:59:07] [Client thread/INFO]: OpenGL Vendor: Intel
[18:59:07] [Client thread/INFO]: OpenGL Renderer: Mesa Intel(R) HD Graphics 4000 (IVB GT2)
[18:59:07] [Client thread/INFO]: OpenGL Version: 4.2 (Compatibility Profile) Mesa 24.2.8-1ubuntu1~24.04.1
[18:59:07] [Client thread/INFO]: Reloading ResourceManager: Default, FMLFileResourcePack:Forge Mod Loader, FMLFileResourcePack:Minecraft Forge, FMLFileResourcePack:ConfigurationsBackport, FMLFileResourcePack:FoamFix, FMLFileResourcePack:Nothirium, FMLFileResourcePack:Phosphor Lighting Engine, FMLFileResourcePack:RenderLib, !     §7fat cat §f[§816§7x§f].zip
[18:59:07] [Client thread/INFO]: Processing ObjectHolder annotations
[18:59:07] [Client thread/INFO]: Found 384 ObjectHolder annotations
[18:59:07] [Client thread/INFO]: Identifying ItemStackHolder annotations
[18:59:07] [Client thread/INFO]: Found 0 ItemStackHolder annotations
[18:59:07] [Client thread/INFO]: Configured a dormant chunk cache size of 0
[18:59:07] [Forge Version Check/INFO]: [Forge] Starting version check at http://files.minecraftforge.net/maven/net/minecraftforge/forge/promotions_slim.json
[18:59:07] [Client thread/INFO]: [pl.asie.foamfix.coremod.FoamFixTransformer:spliceClasses:107]: Spliced in METHOD: net.minecraftforge.common.property.ExtendedBlockState.createState
[18:59:07] [Client thread/INFO]: Applying holder lookups
[18:59:07] [Client thread/INFO]: Holder lookups applied
[18:59:07] [Client thread/INFO]: Injecting itemstacks
[18:59:07] [Client thread/INFO]: Itemstack injection complete
[18:59:08] [Client thread/INFO]: [tv.twitch.StandardCoreAPI:<init>:16]: If on Windows, make sure to provide all of the necessary dll's as specified in the twitchsdk README. Also, make sure to set the PATH environment variable to point to the directory containing the dll's.
[18:59:08] [Client thread/ERROR]: Couldn't initialize twitch stream
[18:59:08] [Sound Library Loader/INFO]: Starting up SoundSystem...
[18:59:08] [Thread-13/INFO]: Initializing LWJGL OpenAL
[18:59:08] [Thread-13/INFO]: (The LWJGL binding of OpenAL.  For more information, see http://www.lwjgl.org)
[18:59:09] [Thread-13/INFO]: OpenAL initialized.
[18:59:09] [Sound Library Loader/INFO]: Sound engine started
[18:59:09] [Client thread/INFO]: [pl.asie.foamfix.coremod.FoamFixTransformer:spliceClasses:107]: Spliced in METHOD: net.minecraftforge.client.model.ItemLayerModel.bake
[18:59:13] [Client thread/INFO]: Max texture size: 16384
[18:59:13] [Client thread/INFO]: Created: 16x16 textures-atlas
[18:59:15] [Client thread/INFO]: Transforming class net/minecraft/client/renderer/RenderGlobal
[18:59:15] [Client thread/INFO]: Transforming method net/minecraft/client/renderer/RenderGlobal.func_72732_a(Lnet/minecraft/client/multiplayer/WorldClient;)V
[18:59:15] [Client thread/INFO]: Transforming class net/minecraft/client/renderer/RenderGlobal
[18:59:15] [Client thread/INFO]: Transforming method net/minecraft/client/renderer/RenderGlobal.func_72712_a()V
[18:59:15] [Client thread/INFO]: Transforming class net/minecraft/client/renderer/RenderGlobal
[18:59:15] [Client thread/INFO]: Transforming method net/minecraft/client/renderer/RenderGlobal.func_180446_a(Lnet/minecraft/entity/Entity;Lnet/minecraft/client/renderer/culling/ICamera;F)V
[18:59:16] [Client thread/INFO]: Injecting itemstacks
[18:59:16] [Client thread/INFO]: Itemstack injection complete
[18:59:16] [Client thread/INFO]: Weakening LaunchWrapper resource cache...
[18:59:16] [Client thread/INFO]: Optimized 0 FML registries, saving 0 bytes.
[18:59:16] [Client thread/INFO]: Forge Mod Loader has successfully loaded 9 mods
[18:59:16] [Client thread/INFO]: Reloading ResourceManager: Default, FMLFileResourcePack:Forge Mod Loader, FMLFileResourcePack:Minecraft Forge, FMLFileResourcePack:ConfigurationsBackport, FMLFileResourcePack:FoamFix, FMLFileResourcePack:Nothirium, FMLFileResourcePack:Phosphor Lighting Engine, FMLFileResourcePack:RenderLib, !     §7fat cat §f[§816§7x§f].zip
[18:59:16] [Client thread/INFO]: SoundSystem shutting down...
[18:59:16] [Client thread/WARN]: Author: Paul Lamb, www.paulscode.com
[18:59:16] [Sound Library Loader/INFO]: Starting up SoundSystem...
[18:59:17] [Thread-15/INFO]: Initializing LWJGL OpenAL
[18:59:17] [Thread-15/INFO]: (The LWJGL binding of OpenAL.  For more information, see http://www.lwjgl.org)
[18:59:17] [Thread-15/INFO]: OpenAL initialized.
[18:59:17] [Sound Library Loader/INFO]: Sound engine started
[18:59:20] [Client thread/INFO]: Max texture size: 16384
[18:59:21] [Client thread/INFO]: Created: 512x512 textures-atlas
[18:59:21] [Client thread/INFO]: Clearing unnecessary model registry of size 3071.
[18:59:21] [Client thread/INFO]: Clearing unnecessary model store of size 7663.
[18:59:21] [Client thread/INFO]: Clearing unnecessary item shapes cache of size 330.
[18:59:21] [Client thread/INFO]: Deduplicating models...
[18:59:22] [Client thread/INFO]: Deduplicated 9418 objects.
[18:59:22] [Client thread/INFO]: OpenGL Debug: supported=KHR, enabled=true
[18:59:22] [Client thread/INFO]: Starting LiquidBounce b100 git-35b8e97, by CCBlueX
[18:59:22] [Client thread/INFO]: Start to load fonts.
[18:59:28] [Client thread/INFO]: Loaded 10 fonts in 6723ms
[18:59:29] [Client thread/INFO]: [ModuleManager] Loading modules...
[18:59:29] [DefaultDispatcher-worker-3/INFO]: Successfully loaded 17 settings.
[18:59:32] [DefaultDispatcher-worker-3/INFO]: (MCChat) §7[§a§lChat§7] §9Connecting to chat server...
[18:59:33] [Client thread/INFO]: [ModuleManager] Loaded 179 modules.
[18:59:33] [Client thread/INFO]: [FileManager] Loaded config: modules.json.
[18:59:33] [nioEventLoopGroup-2-1/INFO]: (MCChat) §7[§a§lChat§7] §cDisconnected from chat server!
[18:59:33] [Client thread/INFO]: [FileManager] Loaded config: values.json.
[18:59:33] [Client thread/INFO]: [FileManager] Loaded config: clickgui.json.
[18:59:33] [Client thread/INFO]: [FileManager] Loaded config: accounts.json.
[18:59:33] [Client thread/INFO]: [FileManager] Loaded config: friends.json.
[18:59:33] [Client thread/INFO]: [FileManager] Loaded config: xray-blocks.json.
[18:59:33] [DefaultDispatcher-worker-1/INFO]: (MCChat) §aSuccessfully loaded §9147 §astaff names.
[18:59:33] [Client thread/INFO]: [FileManager] Loaded config: hud.json.
[18:59:33] [Client thread/INFO]: [FileManager] Loaded config: shortcuts.json.
[18:59:33] [DefaultDispatcher-worker-1/INFO]: Loading heads...
[18:59:33] [Client thread/INFO]: Successfully started client
[18:59:33] [Client thread/WARN]: Method overwrite conflict for search in mixins.renderlib.json:MixinGuiOverlayDebug, previously written by meldexun.nothirium.mc.mixin.MixinGuiOverlayDebug. Skipping method.
[18:59:34] [DefaultDispatcher-worker-1/INFO]: Loading heads from https://headdb.org/api/category/all...
[18:59:34] [DefaultDispatcher-worker-5/INFO]: Successfully loaded 0 cape carriers.
[18:59:35] [DefaultDispatcher-worker-2/ERROR]: Failed to setup Discord RPC.
java.lang.RuntimeException: org.newsclub.net.unix.AFUNIXSocketException: No such file or directory (socket: /run/user/1000/discord-ipc-0)
	at com.jagrosh.discordipc.entities.pipe.Pipe.createPipe(Pipe.java:167) ~[Pipe.class:?]
	at com.jagrosh.discordipc.entities.pipe.Pipe.openPipe(Pipe.java:67) ~[Pipe.class:?]
	at com.jagrosh.discordipc.IPCClient.connect(IPCClient.java:116) ~[IPCClient.class:?]
	at net.ccbluex.liquidbounce.features.special.ClientRichPresence.setup(ClientRichPresence.kt:90) [ClientRichPresence.class:?]
	at net.ccbluex.liquidbounce.LiquidBounce$startClient$4.invokeSuspend(LiquidBounce.kt:230) [LiquidBounce$startClient$4.class:?]
	at kotlin.coroutines.jvm.internal.BaseContinuationImpl.resumeWith(ContinuationImpl.kt:33) [BaseContinuationImpl.class:?]
	at kotlinx.coroutines.DispatchedTask.run(DispatchedTask.kt:100) [DispatchedTask.class:?]
	at kotlinx.coroutines.internal.LimitedDispatcher$Worker.run(LimitedDispatcher.kt:113) [LimitedDispatcher$Worker.class:?]
	at kotlinx.coroutines.scheduling.TaskImpl.run(Tasks.kt:89) [TaskImpl.class:?]
	at kotlinx.coroutines.scheduling.CoroutineScheduler.runSafely(CoroutineScheduler.kt:586) [CoroutineScheduler.class:?]
	at kotlinx.coroutines.scheduling.CoroutineScheduler$Worker.executeTask(CoroutineScheduler.kt:820) [CoroutineScheduler$Worker.class:?]
	at kotlinx.coroutines.scheduling.CoroutineScheduler$Worker.runWorker(CoroutineScheduler.kt:717) [CoroutineScheduler$Worker.class:?]
	at kotlinx.coroutines.scheduling.CoroutineScheduler$Worker.run(CoroutineScheduler.kt:704) [CoroutineScheduler$Worker.class:?]
Caused by: org.newsclub.net.unix.AFUNIXSocketException: No such file or directory
	at org.newsclub.net.unix.NativeUnixSocket.connect(Native Method) ~[NativeUnixSocket.class:?]
	at org.newsclub.net.unix.AFUNIXSocketImpl.connect(AFUNIXSocketImpl.java:136) ~[AFUNIXSocketImpl.class:?]
	at org.newsclub.net.unix.AFUNIXSocket.connect(AFUNIXSocket.java:107) ~[AFUNIXSocket.class:?]
	at org.newsclub.net.unix.AFUNIXSocket.connect(AFUNIXSocket.java:98) ~[AFUNIXSocket.class:?]
	at com.jagrosh.discordipc.entities.pipe.UnixPipe.<init>(UnixPipe.java:46) ~[UnixPipe.class:?]
	at com.jagrosh.discordipc.entities.pipe.Pipe.createPipe(Pipe.java:163) ~[Pipe.class:?]
	... 12 more
[18:59:35] [DefaultDispatcher-worker-1/INFO]: Loaded 956 heads from HeadDB.
[18:59:35] [Client thread/INFO]: [Shader] Successfully loaded: background.frag
[18:59:35] [Client thread/INFO]: [Shader] Successfully loaded: rounded_gradient_rect.frag
[18:59:36] [Client thread/INFO]: [Shader] Successfully loaded: rounded_rect.frag
[18:59:45] [Netty Client IO #3/INFO]: Attempting connection with missing mods [mcp, FML, Forge, foamfixcore, configurationsbackport, foamfix, nothirium, phosphor-lighting, renderlib] at SERVER
[18:59:45] [Netty Client IO #0/INFO]: Attempting connection with missing mods [mcp, FML, Forge, foamfixcore, configurationsbackport, foamfix, nothirium, phosphor-lighting, renderlib] at SERVER
[18:59:45] [Netty Client IO #2/INFO]: Attempting connection with missing mods [mcp, FML, Forge, foamfixcore, configurationsbackport, foamfix, nothirium, phosphor-lighting, renderlib] at SERVER
[18:59:45] [Netty Client IO #4/INFO]: Attempting connection with missing mods [mcp, FML, Forge, foamfixcore, configurationsbackport, foamfix, nothirium, phosphor-lighting, renderlib] at SERVER
[18:59:45] [Netty Client IO #2/INFO]: Attempting connection with missing mods [mcp, FML, Forge, foamfixcore, configurationsbackport, foamfix, nothirium, phosphor-lighting, renderlib] at SERVER
[18:59:45] [Netty Client IO #0/INFO]: Attempting connection with missing mods [mcp, FML, Forge, foamfixcore, configurationsbackport, foamfix, nothirium, phosphor-lighting, renderlib] at SERVER
[18:59:46] [Client thread/INFO]: Connecting to traffic.pika.host., 25565
[18:59:46] [Netty Client IO #7/INFO]: Attempting connection with missing mods [mcp, FML, Forge, foamfixcore, configurationsbackport, foamfix, nothirium, phosphor-lighting, renderlib] at SERVER
[18:59:46] [Client thread/INFO]: [Shader] Successfully loaded: circle.frag
[18:59:49] [Client thread/WARN]: Mixin liquidbounce.forge.mixins.json:gui.MixinGuiButtonExt has multiple constructors, (IIILjava/lang/String;)V was selected

[18:59:50] [Client thread/INFO]: [Shader] Successfully loaded: rounded_texture.frag
[18:59:50] [Client thread/INFO]: [meldexun.nothirium.mc.renderer.chunk.RenderChunkTaskCompile:<clinit>:59]: BufferQueue size : 4
[18:59:50] [Client thread/INFO]: [Shader] Successfully loaded: gradient_shader.frag
[18:59:50] [Client thread/INFO]: [Shader] Successfully loaded: rainbow_shader.frag
[18:59:50] [Client thread/INFO]: [CHAT] PikaNetwork » Successful login!
[18:59:52] [Client thread/INFO]: [CHAT] 
[18:59:52] [Client thread/INFO]: [CHAT] 
[18:59:52] [Client thread/INFO]: [CHAT]                     §e§lWelcome to PikaNetwork
[18:59:52] [Client thread/INFO]: [CHAT]            §7Currently playing with §b2805 §7other players!
[18:59:52] [Client thread/INFO]: [CHAT] 
[18:59:52] [Client thread/INFO]: [CHAT]                   §fMore §e§lPika§c§lNetwork§f? Click below!
[18:59:52] [Client thread/INFO]: [CHAT]         SITE §7- STORE §7- VOTE §7- DISCORD §7- RULES 
[18:59:52] [Client thread/INFO]: [CHAT]           TIKTOK §7- YOUTUBE §7- INSTA §7- TWITTER 
[18:59:52] [Client thread/INFO]: [CHAT] 
[18:59:52] [Client thread/INFO]: [CHAT]                 §fBuy §6Gold§f, §aRanks§f, and much §dmore
[18:59:52] [Client thread/INFO]: [CHAT]                    §f at §cstore.pika-network.net
[18:59:52] [Client thread/INFO]: [CHAT] 
[19:00:01] [Client thread/INFO]: [CHAT] 
§9§l  Join our Discord Server
 §fChat with players, read announcements and join giveaways!
 §e§lClick here: §e§nhttps://pika-network.net/discord

[19:00:02] [Client thread/INFO]: [FileManager] Saved config: modules.json.
[19:00:15] [Client thread/INFO]: [FileManager] Saved config: values.json.
[19:00:16] [Client thread/INFO]: [FileManager] Saved config: values.json.
[19:00:19] [Client thread/INFO]: [FileManager] Saved config: values.json.
[19:00:20] [Client thread/INFO]: [FileManager] Saved config: values.json.
[19:00:26] [Client thread/INFO]: [FileManager] Saved config: clickgui.json.
[19:00:33] [Client thread/INFO]: [FileManager] Saved config: modules.json.
[19:00:37] [Client thread/INFO]: [FileManager] Saved config: clickgui.json.
[19:00:39] [Client thread/INFO]: [CHAT] Practice ▏ Successfully added you to unranked BedFight queue.
[19:00:42] [Client thread/INFO]: [FileManager] Saved config: modules.json.
[19:00:45] [Client thread/INFO]: [FileManager] Saved config: clickgui.json.
[19:00:47] [Client thread/INFO]: [CHAT] 
[19:00:47] [Client thread/INFO]: [CHAT] ▬▬▬▬▬▬▬▬▬▬▬▬▬▬▬▬▬▬▬▬▬▬▬▬▬▬▬▬▬▬▬▬▬▬▬▬▬▬▬▬▬▬▬▬▬▬▬▬▬▬▬▬▬▬▬▬▬▬▬▬▬▬▬▬▬▬▬▬▬
[19:00:47] [Client thread/INFO]: [CHAT] 
[19:00:47] [Client thread/INFO]: [CHAT]                              MATCH START!
[19:00:47] [Client thread/INFO]: [CHAT] 
[19:00:47] [Client thread/INFO]: [CHAT]                           Sol1dC00t VS GODLREXXY
[19:00:47] [Client thread/INFO]: [CHAT]                               Mode: BedFight
[19:00:47] [Client thread/INFO]: [CHAT] 
[19:00:47] [Client thread/INFO]: [CHAT] ▬▬▬▬▬▬▬▬▬▬▬▬▬▬▬▬▬▬▬▬▬▬▬▬▬▬▬▬▬▬▬▬▬▬▬▬▬▬▬▬▬▬▬▬▬▬▬▬▬▬▬▬▬▬▬▬▬▬▬▬▬▬▬▬▬▬▬▬▬
[19:00:47] [Client thread/INFO]: [CHAT] 
[19:00:47] [Client thread/INFO]: [CHAT] Game starts in 5...
[19:00:47] [Client thread/INFO]: [CHAT] Game starts in 4...
[19:00:47] [Client thread/INFO]: [CHAT] Game starts in 3...
[19:00:48] [Client thread/INFO]: [CHAT] Game starts in 2...
[19:00:49] [Client thread/INFO]: [CHAT] Game starts in 1...
[19:00:50] [Client thread/INFO]: [FileManager] Saved config: modules.json.
[19:00:54] [Client thread/INFO]: [FileManager] Saved config: clickgui.json.
[19:00:55] [Client thread/INFO]: [FileManager] Saved config: modules.json.
[19:00:58] [Client thread/INFO]: [FileManager] Saved config: modules.json.
[19:01:00] [Client thread/INFO]: [FileManager] Saved config: values.json.
[19:01:01] [Client thread/INFO]: [FileManager] Saved config: clickgui.json.
[19:01:01] [Client thread/INFO]: [FileManager] Saved config: modules.json.
[19:01:07] [Client thread/INFO]: [CHAT] Sol1dC00t was thrown into the void by GODLREXXY
[19:01:12] [Client thread/INFO]: [FileManager] Saved config: modules.json.
[19:01:13] [Client thread/INFO]: [FileManager] Saved config: clickgui.json.
[19:01:16] [Client thread/INFO]: [FileManager] Saved config: modules.json.
[19:01:17] [Client thread/INFO]: [FileManager] Saved config: modules.json.
[19:01:25] [Client thread/INFO]: [FileManager] Saved config: modules.json.
[19:01:25] [Client thread/INFO]: [CHAT] §8[§9§lLiquidBounce§8]§r §3Enabled module §8AutoClicker§3.
[19:01:25] [Client thread/INFO]: [FileManager] Saved config: modules.json.
[19:01:36] [Client thread/INFO]: [FileManager] Saved config: modules.json.
[19:01:37] [Client thread/INFO]: [FileManager] Saved config: modules.json.
[19:01:41] [Client thread/INFO]: [FileManager] Saved config: modules.json.
[19:01:43] [Client thread/INFO]: [FileManager] Saved config: modules.json.
[19:01:48] [Client thread/INFO]: [FileManager] Saved config: modules.json.
[19:01:50] [Client thread/INFO]: [FileManager] Saved config: modules.json.
[19:01:51] [Client thread/INFO]: [FileManager] Saved config: modules.json.
[19:01:52] [Client thread/INFO]: [FileManager] Saved config: modules.json.
[19:01:55] [Client thread/INFO]: [FileManager] Saved config: modules.json.
[19:01:55] [Client thread/INFO]: [FileManager] Saved config: modules.json.
[19:01:57] [Client thread/INFO]: [CHAT] GODLREXXY was killed by Sol1dC00t
[19:01:58] [Client thread/INFO]: [FileManager] Saved config: modules.json.
[19:02:11] [Client thread/INFO]: [FileManager] Saved config: modules.json.
[19:02:11] [Client thread/INFO]: [FileManager] Saved config: modules.json.
[19:02:15] [Client thread/INFO]: [CHAT] Sol1dC00t was thrown into the void by GODLREXXY
[19:02:16] [Client thread/INFO]: [CHAT] GODLREXXY was thrown into the void by Sol1dC00t
[19:02:32] [Client thread/INFO]: [FileManager] Saved config: modules.json.
[19:02:34] [Client thread/INFO]: [FileManager] Saved config: modules.json.
[19:02:34] [Client thread/INFO]: [CHAT] GODLREXXY was thrown into the void by Sol1dC00t
[19:02:45] [Client thread/INFO]: [FileManager] Saved config: modules.json.
[19:02:53] [Client thread/INFO]: [CHAT] GODLREXXY was killed by Sol1dC00t
[19:02:54] [Client thread/INFO]: [FileManager] Saved config: modules.json.
[19:02:57] [Client thread/INFO]: [CHAT] Team Blue's Bed was broken by Sol1dC00t
[19:02:58] [Client thread/INFO]: [FileManager] Saved config: modules.json.
[19:02:58] [Client thread/INFO]: [CHAT] Sol1dC00t was killed by GODLREXXY
[19:02:59] [Client thread/INFO]: [FileManager] Saved config: modules.json.
[19:03:08] [Client thread/INFO]: [FileManager] Saved config: modules.json.
[19:03:12] [Client thread/INFO]: [FileManager] Saved config: modules.json.
[19:03:13] [Client thread/INFO]: [CHAT] GODLREXXY was eliminated by Sol1dC00t
[19:03:13] [Client thread/INFO]: [CHAT] 
[19:03:13] [Client thread/INFO]: [CHAT] ▬▬▬▬▬▬▬▬▬▬▬▬▬▬▬▬▬▬▬▬▬▬▬▬▬▬▬▬▬▬▬▬▬▬▬▬▬▬▬▬▬▬▬▬▬▬▬▬▬▬▬▬▬▬▬▬▬▬▬▬▬▬▬▬▬▬▬▬▬
[19:03:13] [Client thread/INFO]: [CHAT] 
[19:03:13] [Client thread/INFO]: [CHAT]                               MATCH OVER!
[19:03:13] [Client thread/INFO]: [CHAT] 
[19:03:13] [Client thread/INFO]: [CHAT]                     Sol1dC00t 20❤ ▏ 0❤ GODLREXXY
[19:03:13] [Client thread/INFO]: [CHAT]                              WINNER!   LOSER! 
[19:03:13] [Client thread/INFO]: [CHAT] §r
                       §e[View recap] §b[Rematch]   

[19:03:13] [Client thread/INFO]: [CHAT] ▬▬▬▬▬▬▬▬▬▬▬▬▬▬▬▬▬▬▬▬▬▬▬▬▬▬▬▬▬▬▬▬▬▬▬▬▬▬▬▬▬▬▬▬▬▬▬▬▬▬▬▬▬▬▬▬▬▬▬▬▬▬▬▬▬▬▬▬▬
[19:03:13] [Client thread/INFO]: [CHAT] 
[19:03:17] [Client thread/INFO]: [CHAT] BuildUHC Prodigy I <Diamond> ~Seraphinaawuw ► any1 else good?
[19:03:18] [Client thread/INFO]: [CHAT] shaurxyaaa ► \
[19:03:27] [Client thread/INFO]: [CHAT] 
[19:03:27] [Client thread/INFO]: [CHAT] ▬▬▬▬▬▬▬▬▬▬▬▬▬▬▬▬▬▬▬▬▬▬▬▬▬▬▬▬▬▬▬▬▬▬▬▬▬▬▬▬▬▬▬▬▬▬▬▬▬▬▬▬▬▬▬▬▬▬▬▬▬▬▬▬▬▬▬▬▬
[19:03:27] [Client thread/INFO]: [CHAT] 
[19:03:27] [Client thread/INFO]: [CHAT]                              MATCH START!
[19:03:27] [Client thread/INFO]: [CHAT] 
[19:03:27] [Client thread/INFO]: [CHAT]                           Sol1dC00t VS GODLREXXY
[19:03:27] [Client thread/INFO]: [CHAT]                               Mode: BedFight
[19:03:27] [Client thread/INFO]: [CHAT] 
[19:03:27] [Client thread/INFO]: [CHAT] ▬▬▬▬▬▬▬▬▬▬▬▬▬▬▬▬▬▬▬▬▬▬▬▬▬▬▬▬▬▬▬▬▬▬▬▬▬▬▬▬▬▬▬▬▬▬▬▬▬▬▬▬▬▬▬▬▬▬▬▬▬▬▬▬▬▬▬▬▬
[19:03:27] [Client thread/INFO]: [CHAT] 
[19:03:27] [Client thread/INFO]: [CHAT] Game starts in 5...
[19:03:27] [Client thread/INFO]: [CHAT] Game starts in 4...
[19:03:27] [Client thread/INFO]: [CHAT] Game starts in 3...
[19:03:28] [Client thread/INFO]: [CHAT] Game starts in 2...
[19:03:29] [Client thread/INFO]: [CHAT] Game starts in 1...
[19:03:34] [Client thread/INFO]: [CHAT] §e§l»§c§l»§f You may only speak §bEnglish§f in the public chat§f!
[19:03:34] [Client thread/INFO]: [FileManager] Saved config: modules.json.
[19:03:34] [Client thread/INFO]: [FileManager] Saved config: modules.json.
[19:03:46] [Client thread/INFO]: [CHAT] You've reached the build limit!
[19:03:47] [Client thread/INFO]: [CHAT] You've reached the build limit!
[19:03:47] [Client thread/INFO]: [CHAT] You've reached the build limit!
[19:03:47] [Client thread/INFO]: [CHAT] You've reached the build limit!
[19:03:47] [Client thread/INFO]: [CHAT] You've reached the build limit!
[19:03:47] [Client thread/INFO]: [CHAT] You've reached the build limit!
[19:03:50] [Client thread/INFO]: [CHAT] You've reached the build limit!
[19:03:50] [Client thread/INFO]: [CHAT] You've reached the build limit!
[19:03:53] [Client thread/INFO]: [FileManager] Saved config: modules.json.
[19:03:55] [Client thread/INFO]: [FileManager] Saved config: modules.json.
[19:03:56] [Client thread/INFO]: [CHAT] GODLREXXY was thrown into the void by Sol1dC00t
[19:04:03] [Client thread/INFO]: [FileManager] Saved config: modules.json.
[19:04:07] [Client thread/INFO]: [CHAT] Sol1dC00t was killed by GODLREXXY
[19:04:08] [Client thread/INFO]: [FileManager] Saved config: modules.json.
[19:04:19] [Client thread/INFO]: [FileManager] Saved config: modules.json.
[19:04:20] [Client thread/INFO]: [CHAT] GODLREXXY was killed by Sol1dC00t
[19:04:21] [Client thread/INFO]: [FileManager] Saved config: modules.json.
[19:04:29] [Client thread/INFO]: [FileManager] Saved config: modules.json.
[19:04:30] [Client thread/INFO]: [FileManager] Saved config: modules.json.
[19:04:30] [Client thread/WARN]: Unable to play unknown soundEvent: minecraft:step.anvil
[19:04:30] [Client thread/WARN]: Unable to play unknown soundEvent: minecraft:step.anvil
[19:04:31] [Client thread/INFO]: [FileManager] Saved config: modules.json.
[19:04:32] [Client thread/INFO]: [CHAT] GODLREXXY was killed by Sol1dC00t
[19:04:32] [Client thread/INFO]: [FileManager] Saved config: modules.json.
[19:04:33] [Client thread/INFO]: [CHAT] 
     ☀ 
   ☀  ☀  Noobyrr has made a purchase on our store!
 ☀  ☀  ☀    Shop today at store.pika-network.net
  ☀  ☀          60% SUMMER SALE
       Purchase your own items by using /store.

[19:04:36] [Client thread/INFO]: [CHAT] Team Blue's Bed was broken by Sol1dC00t
[19:04:36] [Client thread/INFO]: [FileManager] Saved config: modules.json.
[19:04:36] [Client thread/INFO]: [CHAT] Sol1dC00t was killed by GODLREXXY
[19:04:37] [Client thread/INFO]: [FileManager] Saved config: modules.json.
[19:04:39] [Client thread/INFO]: [CHAT] GODLREXXY was eliminated
[19:04:39] [Client thread/INFO]: [CHAT] 
[19:04:39] [Client thread/INFO]: [CHAT] ▬▬▬▬▬▬▬▬▬▬▬▬▬▬▬▬▬▬▬▬▬▬▬▬▬▬▬▬▬▬▬▬▬▬▬▬▬▬▬▬▬▬▬▬▬▬▬▬▬▬▬▬▬▬▬▬▬▬▬▬▬▬▬▬▬▬▬▬▬
[19:04:39] [Client thread/INFO]: [CHAT] 
[19:04:39] [Client thread/INFO]: [CHAT]                               MATCH OVER!
[19:04:39] [Client thread/INFO]: [CHAT] 
[19:04:39] [Client thread/INFO]: [CHAT]                     Sol1dC00t 20❤ ▏ 0❤ GODLREXXY
[19:04:39] [Client thread/INFO]: [CHAT]                              WINNER!   LOSER! 
[19:04:39] [Client thread/INFO]: [CHAT] §r
                       §e[View recap] §b[Rematch]   

[19:04:39] [Client thread/INFO]: [CHAT] ▬▬▬▬▬▬▬▬▬▬▬▬▬▬▬▬▬▬▬▬▬▬▬▬▬▬▬▬▬▬▬▬▬▬▬▬▬▬▬▬▬▬▬▬▬▬▬▬▬▬▬▬▬▬▬▬▬▬▬▬▬▬▬▬▬▬▬▬▬
[19:04:39] [Client thread/INFO]: [CHAT] 
[19:04:47] [Client thread/INFO]: [CHAT] 
[19:04:47] [Client thread/INFO]: [CHAT] ▬▬▬▬▬▬▬▬▬▬▬▬▬▬▬▬▬▬▬▬▬▬▬▬▬▬▬▬▬▬▬▬▬▬▬▬▬▬▬▬▬▬▬▬▬▬▬▬▬▬▬▬▬▬▬▬▬▬▬▬▬▬▬▬▬▬▬▬▬
[19:04:47] [Client thread/INFO]: [CHAT] 
[19:04:47] [Client thread/INFO]: [CHAT]                              MATCH START!
[19:04:47] [Client thread/INFO]: [CHAT] 
[19:04:47] [Client thread/INFO]: [CHAT]                           Sol1dC00t VS Lolipop45
[19:04:47] [Client thread/INFO]: [CHAT]                               Mode: BedFight
[19:04:47] [Client thread/INFO]: [CHAT] 
[19:04:47] [Client thread/INFO]: [CHAT] ▬▬▬▬▬▬▬▬▬▬▬▬▬▬▬▬▬▬▬▬▬▬▬▬▬▬▬▬▬▬▬▬▬▬▬▬▬▬▬▬▬▬▬▬▬▬▬▬▬▬▬▬▬▬▬▬▬▬▬▬▬▬▬▬▬▬▬▬▬
[19:04:47] [Client thread/INFO]: [CHAT] 
[19:04:47] [Client thread/INFO]: [CHAT] Game starts in 5...
[19:04:47] [Client thread/INFO]: [CHAT] Game starts in 4...
[19:04:47] [Client thread/INFO]: [CHAT] Game starts in 3...
[19:04:48] [Client thread/INFO]: [CHAT] Game starts in 2...
[19:04:49] [Client thread/INFO]: [CHAT] Game starts in 1...
[19:04:54] [Client thread/INFO]: [FileManager] Saved config: modules.json.
[19:04:55] [Client thread/INFO]: [FileManager] Saved config: modules.json.
[19:05:06] [Client thread/INFO]: [CHAT] Team Blue's Bed was broken by Sol1dC00t
[19:05:11] [Client thread/INFO]: [CHAT] Team Red's Bed was broken by Lolipop45
[19:05:14] [Client thread/INFO]: [FileManager] Saved config: modules.json.
[19:05:19] [Client thread/INFO]: [CHAT] Lolipop45 was eliminated by Sol1dC00t
[19:05:19] [Client thread/INFO]: [CHAT] 
[19:05:19] [Client thread/INFO]: [CHAT] ▬▬▬▬▬▬▬▬▬▬▬▬▬▬▬▬▬▬▬▬▬▬▬▬▬▬▬▬▬▬▬▬▬▬▬▬▬▬▬▬▬▬▬▬▬▬▬▬▬▬▬▬▬▬▬▬▬▬▬▬▬▬▬▬▬▬▬▬▬
[19:05:19] [Client thread/INFO]: [CHAT] 
[19:05:19] [Client thread/INFO]: [CHAT]                               MATCH OVER!
[19:05:19] [Client thread/INFO]: [CHAT] 
[19:05:19] [Client thread/INFO]: [CHAT]                     Sol1dC00t 20❤ ▏ 0❤ Lolipop45
[19:05:19] [Client thread/INFO]: [CHAT]                              WINNER!   LOSER! 
[19:05:19] [Client thread/INFO]: [CHAT] §r
                       §e[View recap] §b[Rematch]   

[19:05:19] [Client thread/INFO]: [CHAT] ▬▬▬▬▬▬▬▬▬▬▬▬▬▬▬▬▬▬▬▬▬▬▬▬▬▬▬▬▬▬▬▬▬▬▬▬▬▬▬▬▬▬▬▬▬▬▬▬▬▬▬▬▬▬▬▬▬▬▬▬▬▬▬▬▬▬▬▬▬
[19:05:19] [Client thread/INFO]: [CHAT] 
[19:05:19] [Client thread/INFO]: [FileManager] Saved config: modules.json.
[19:05:27] [Client thread/INFO]: [CHAT] Rumi_Alizai ► accept
[19:05:30] [Client thread/INFO]: [CHAT] 
[19:05:30] [Client thread/INFO]: [CHAT] ▬▬▬▬▬▬▬▬▬▬▬▬▬▬▬▬▬▬▬▬▬▬▬▬▬▬▬▬▬▬▬▬▬▬▬▬▬▬▬▬▬▬▬▬▬▬▬▬▬▬▬▬▬▬▬▬▬▬▬▬▬▬▬▬▬▬▬▬▬
[19:05:30] [Client thread/INFO]: [CHAT] 
[19:05:30] [Client thread/INFO]: [CHAT]                              MATCH START!
[19:05:30] [Client thread/INFO]: [CHAT] 
[19:05:30] [Client thread/INFO]: [CHAT]                           Sol1dC00t VS XG_yahya
[19:05:30] [Client thread/INFO]: [CHAT]                               Mode: BedFight
[19:05:30] [Client thread/INFO]: [CHAT] 
[19:05:30] [Client thread/INFO]: [CHAT] ▬▬▬▬▬▬▬▬▬▬▬▬▬▬▬▬▬▬▬▬▬▬▬▬▬▬▬▬▬▬▬▬▬▬▬▬▬▬▬▬▬▬▬▬▬▬▬▬▬▬▬▬▬▬▬▬▬▬▬▬▬▬▬▬▬▬▬▬▬
[19:05:30] [Client thread/INFO]: [CHAT] 
[19:05:30] [Client thread/INFO]: [CHAT] Game starts in 5...
[19:05:30] [Client thread/INFO]: [CHAT] Game starts in 4...
[19:05:30] [Client thread/INFO]: [CHAT] Game starts in 3...
[19:05:30] [Client thread/INFO]: [CHAT] Game starts in 2...
[19:05:30] [Client thread/INFO]: [CHAT] Game starts in 1...
[19:05:36] [Client thread/INFO]: [FileManager] Saved config: modules.json.
[19:05:39] [Client thread/INFO]: [FileManager] Saved config: modules.json.
[19:05:39] [Client thread/INFO]: [CHAT] Sol1dC00t was thrown into the void by XG_yahya
[19:05:40] [Client thread/INFO]: [CHAT] XG_yahya was thrown into the void by Sol1dC00t
[19:05:46] [Client thread/INFO]: [FileManager] Saved config: modules.json.
[19:05:51] [Client thread/INFO]: [FileManager] Saved config: modules.json.
[19:05:51] [Client thread/INFO]: [CHAT] XG_yahya was thrown into the void by Sol1dC00t
[19:06:05] [Client thread/INFO]: [FileManager] Saved config: modules.json.
[19:06:08] [Client thread/INFO]: [CHAT] Sol1dC00t was killed by XG_yahya
[19:06:09] [Client thread/INFO]: [FileManager] Saved config: modules.json.
[19:06:19] [Client thread/INFO]: [FileManager] Saved config: modules.json.
[19:06:20] [Client thread/INFO]: [FileManager] Saved config: modules.json.
[19:06:29] [Client thread/INFO]: [CHAT] Team Blue's Bed was broken by Sol1dC00t
[19:06:31] [Client thread/INFO]: [FileManager] Saved config: modules.json.
[19:06:33] [Client thread/INFO]: [CHAT] Team Red's Bed was broken by XG_yahya
[19:06:37] [Client thread/INFO]: [FileManager] Saved config: values.json.
[19:06:44] [Client thread/INFO]: [FileManager] Saved config: clickgui.json.
[19:07:02] [Client thread/INFO]: [CHAT] 
§9§l  Join our Discord Server
 §fChat with players, read announcements and join giveaways!
 §e§lClick here: §e§nhttps://pika-network.net/discord

[19:07:09] [Client thread/INFO]: [FileManager] Saved config: modules.json.
[19:07:10] [Client thread/INFO]: [FileManager] Saved config: modules.json.
[19:07:14] [Client thread/INFO]: [FileManager] Saved config: values.json.
[19:07:16] [Client thread/INFO]: [FileManager] Saved config: values.json.
[19:07:17] [Client thread/INFO]: [FileManager] Saved config: clickgui.json.
[19:07:31] [Client thread/INFO]: [CHAT] You've reached the build limit!
[19:07:31] [Client thread/INFO]: [CHAT] You've reached the build limit!
[19:07:42] [Client thread/INFO]: [CHAT] You've reached the build limit!
[19:07:42] [Client thread/INFO]: [CHAT] You've reached the build limit!
[19:07:47] [Client thread/INFO]: [CHAT] XG_yahya was eliminated
[19:07:47] [Client thread/INFO]: [CHAT] 
[19:07:47] [Client thread/INFO]: [CHAT] ▬▬▬▬▬▬▬▬▬▬▬▬▬▬▬▬▬▬▬▬▬▬▬▬▬▬▬▬▬▬▬▬▬▬▬▬▬▬▬▬▬▬▬▬▬▬▬▬▬▬▬▬▬▬▬▬▬▬▬▬▬▬▬▬▬▬▬▬▬
[19:07:47] [Client thread/INFO]: [CHAT] 
[19:07:47] [Client thread/INFO]: [CHAT]                               MATCH OVER!
[19:07:47] [Client thread/INFO]: [CHAT] 
[19:07:47] [Client thread/INFO]: [CHAT]                     Sol1dC00t 20❤ ▏ 0❤ XG_yahya
[19:07:47] [Client thread/INFO]: [CHAT]                              WINNER!   LOSER! 
[19:07:47] [Client thread/INFO]: [CHAT] §r
                       §e[View recap] §b[Rematch]   

[19:07:47] [Client thread/INFO]: [CHAT] ▬▬▬▬▬▬▬▬▬▬▬▬▬▬▬▬▬▬▬▬▬▬▬▬▬▬▬▬▬▬▬▬▬▬▬▬▬▬▬▬▬▬▬▬▬▬▬▬▬▬▬▬▬▬▬▬▬▬▬▬▬▬▬▬▬▬▬▬▬
[19:07:47] [Client thread/INFO]: [CHAT] 
[19:07:51] [Client thread/INFO]: [CHAT] Rumi_Alizai ► dubara bhejta
[19:07:51] [Client thread/INFO]: [CHAT] rtx111 ► w8
[19:07:52] [Client thread/INFO]: [FileManager] Saved config: modules.json.
[19:07:54] [Client thread/INFO]: [CHAT] rtx111 ► ww8w8
[19:07:58] [Client thread/INFO]: [CHAT] 
[19:07:58] [Client thread/INFO]: [CHAT] ▬▬▬▬▬▬▬▬▬▬▬▬▬▬▬▬▬▬▬▬▬▬▬▬▬▬▬▬▬▬▬▬▬▬▬▬▬▬▬▬▬▬▬▬▬▬▬▬▬▬▬▬▬▬▬▬▬▬▬▬▬▬▬▬▬▬▬▬▬
[19:07:58] [Client thread/INFO]: [CHAT] 
[19:07:58] [Client thread/INFO]: [CHAT]                              MATCH START!
[19:07:58] [Client thread/INFO]: [CHAT] 
[19:07:58] [Client thread/INFO]: [CHAT]                           Sol1dC00t VS XG_yahya
[19:07:58] [Client thread/INFO]: [CHAT]                               Mode: BedFight
[19:07:58] [Client thread/INFO]: [CHAT] 
[19:07:58] [Client thread/INFO]: [CHAT] ▬▬▬▬▬▬▬▬▬▬▬▬▬▬▬▬▬▬▬▬▬▬▬▬▬▬▬▬▬▬▬▬▬▬▬▬▬▬▬▬▬▬▬▬▬▬▬▬▬▬▬▬▬▬▬▬▬▬▬▬▬▬▬▬▬▬▬▬▬
[19:07:58] [Client thread/INFO]: [CHAT] 
[19:07:58] [Client thread/INFO]: [CHAT] Game starts in 5...
[19:07:58] [Client thread/INFO]: [CHAT] Game starts in 4...
[19:07:58] [Client thread/INFO]: [CHAT] Game starts in 3...
[19:07:59] [Client thread/INFO]: [CHAT] Game starts in 2...
[19:08:00] [Client thread/INFO]: [CHAT] Game starts in 1...
[19:08:05] [Client thread/INFO]: [FileManager] Saved config: modules.json.
[19:08:05] [Client thread/INFO]: [FileManager] Saved config: modules.json.
[19:08:08] [Client thread/INFO]: [FileManager] Saved config: modules.json.
[19:08:09] [Client thread/INFO]: [FileManager] Saved config: modules.json.
[19:08:10] [Client thread/INFO]: [CHAT] XG_yahya was thrown into the void by Sol1dC00t
[19:08:17] [Client thread/INFO]: [FileManager] Saved config: modules.json.
[19:08:21] [Client thread/INFO]: [FileManager] Saved config: modules.json.
[19:08:22] [Client thread/INFO]: [CHAT] XG_yahya was thrown into the void by Sol1dC00t
[19:08:29] [Client thread/INFO]: [FileManager] Saved config: modules.json.
[19:08:31] [Client thread/INFO]: [FileManager] Saved config: modules.json.
[19:08:38] [Client thread/INFO]: [FileManager] Saved config: modules.json.
[19:08:42] [Client thread/INFO]: [FileManager] Saved config: modules.json.
[19:08:54] [Client thread/INFO]: [FileManager] Saved config: modules.json.
[19:08:57] [Client thread/INFO]: [CHAT] XG_yahya was killed by Sol1dC00t
[19:08:58] [Client thread/INFO]: [FileManager] Saved config: modules.json.
[19:09:05] [Client thread/INFO]: [FileManager] Saved config: modules.json.
[19:09:06] [Client thread/INFO]: [FileManager] Saved config: modules.json.
[19:09:22] [Client thread/INFO]: [FileManager] Saved config: modules.json.
[19:09:24] [Client thread/INFO]: [CHAT] §e§l»§c§l»§f Do not change your minecraft name§f, we §cdo not§f support it!
[19:09:25] [Client thread/INFO]: [CHAT] Sol1dC00t was killed by XG_yahya
[19:09:26] [Client thread/INFO]: [FileManager] Saved config: modules.json.
[19:09:30] [Client thread/INFO]: [CHAT] XG_yahya was thrown into the void by Sol1dC00t
[19:09:43] [Client thread/INFO]: [FileManager] Saved config: modules.json.
[19:09:49] [Client thread/INFO]: [CHAT] XG_yahya was killed by Sol1dC00t
[19:09:50] [Client thread/INFO]: [FileManager] Saved config: modules.json.
[19:09:56] [Client thread/INFO]: [CHAT] Team Blue's Bed was broken by Sol1dC00t
[19:10:02] [Client thread/INFO]: [FileManager] Saved config: modules.json.
[19:10:02] [Client thread/INFO]: [FileManager] Saved config: modules.json.
[19:10:03] [Client thread/INFO]: [CHAT] Sol1dC00t was thrown into the void by XG_yahya
[19:10:04] [Client thread/INFO]: [CHAT] XG_yahya was eliminated by Sol1dC00t
[19:10:04] [Client thread/INFO]: [CHAT] 
[19:10:04] [Client thread/INFO]: [CHAT] ▬▬▬▬▬▬▬▬▬▬▬▬▬▬▬▬▬▬▬▬▬▬▬▬▬▬▬▬▬▬▬▬▬▬▬▬▬▬▬▬▬▬▬▬▬▬▬▬▬▬▬▬▬▬▬▬▬▬▬▬▬▬▬▬▬▬▬▬▬
[19:10:04] [Client thread/INFO]: [CHAT] 
[19:10:04] [Client thread/INFO]: [CHAT]                               MATCH OVER!
[19:10:04] [Client thread/INFO]: [CHAT] 
[19:10:04] [Client thread/INFO]: [CHAT]                       Sol1dC00t 0❤ ▏ 0❤ XG_yahya
[19:10:04] [Client thread/INFO]: [CHAT]                              WINNER!   LOSER! 
[19:10:04] [Client thread/INFO]: [CHAT] §r
                       §e[View recap] §b[Rematch]   

[19:10:04] [Client thread/INFO]: [CHAT] ▬▬▬▬▬▬▬▬▬▬▬▬▬▬▬▬▬▬▬▬▬▬▬▬▬▬▬▬▬▬▬▬▬▬▬▬▬▬▬▬▬▬▬▬▬▬▬▬▬▬▬▬▬▬▬▬▬▬▬▬▬▬▬▬▬▬▬▬▬
[19:10:04] [Client thread/INFO]: [CHAT] 
[19:10:15] [Client thread/INFO]: Applying holder lookups
[19:10:15] [Client thread/INFO]: Holder lookups applied
[19:10:18] [Netty Client IO #0/INFO]: Attempting connection with missing mods [mcp, FML, Forge, foamfixcore, configurationsbackport, foamfix, nothirium, phosphor-lighting, renderlib] at SERVER
[19:10:18] [Netty Client IO #7/INFO]: Attempting connection with missing mods [mcp, FML, Forge, foamfixcore, configurationsbackport, foamfix, nothirium, phosphor-lighting, renderlib] at SERVER
[19:10:18] [Netty Client IO #1/INFO]: Attempting connection with missing mods [mcp, FML, Forge, foamfixcore, configurationsbackport, foamfix, nothirium, phosphor-lighting, renderlib] at SERVER
[19:10:18] [Netty Client IO #6/INFO]: Attempting connection with missing mods [mcp, FML, Forge, foamfixcore, configurationsbackport, foamfix, nothirium, phosphor-lighting, renderlib] at SERVER
[19:10:18] [Netty Client IO #2/INFO]: Attempting connection with missing mods [mcp, FML, Forge, foamfixcore, configurationsbackport, foamfix, nothirium, phosphor-lighting, renderlib] at SERVER
[19:10:20] [Netty Client IO #6/INFO]: Attempting connection with missing mods [mcp, FML, Forge, foamfixcore, configurationsbackport, foamfix, nothirium, phosphor-lighting, renderlib] at SERVER
[19:10:20] [Netty Client IO #7/INFO]: Attempting connection with missing mods [mcp, FML, Forge, foamfixcore, configurationsbackport, foamfix, nothirium, phosphor-lighting, renderlib] at SERVER
[19:10:21] [Netty Client IO #0/INFO]: Attempting connection with missing mods [mcp, FML, Forge, foamfixcore, configurationsbackport, foamfix, nothirium, phosphor-lighting, renderlib] at SERVER
[19:10:21] [Netty Client IO #6/INFO]: Attempting connection with missing mods [mcp, FML, Forge, foamfixcore, configurationsbackport, foamfix, nothirium, phosphor-lighting, renderlib] at SERVER
[19:10:21] [Client thread/INFO]: Connecting to traffic.pika.host., 25565
[19:10:21] [Netty Client IO #1/INFO]: Attempting connection with missing mods [mcp, FML, Forge, foamfixcore, configurationsbackport, foamfix, nothirium, phosphor-lighting, renderlib] at SERVER
[19:10:22] [Netty Client IO #5/INFO]: Attempting connection with missing mods [mcp, FML, Forge, foamfixcore, configurationsbackport, foamfix, nothirium, phosphor-lighting, renderlib] at SERVER
[19:10:22] [Netty Client IO #2/INFO]: Attempting connection with missing mods [mcp, FML, Forge, foamfixcore, configurationsbackport, foamfix, nothirium, phosphor-lighting, renderlib] at SERVER
[19:10:26] [Client thread/INFO]: [CHAT] PikaNetwork » Successful login!
[19:10:28] [Client thread/INFO]: [CHAT] 
[19:10:28] [Client thread/INFO]: [CHAT] 
[19:10:28] [Client thread/INFO]: [CHAT]                     §e§lWelcome to PikaNetwork
[19:10:28] [Client thread/INFO]: [CHAT]            §7Currently playing with §b2759 §7other players!
[19:10:28] [Client thread/INFO]: [CHAT] 
[19:10:28] [Client thread/INFO]: [CHAT]                   §fMore §e§lPika§c§lNetwork§f? Click below!
[19:10:28] [Client thread/INFO]: [CHAT]         SITE §7- STORE §7- VOTE §7- DISCORD §7- RULES 
[19:10:28] [Client thread/INFO]: [CHAT]           TIKTOK §7- YOUTUBE §7- INSTA §7- TWITTER 
[19:10:28] [Client thread/INFO]: [CHAT] 
[19:10:28] [Client thread/INFO]: [CHAT]                 §fBuy §6Gold§f, §aRanks§f, and much §dmore
[19:10:28] [Client thread/INFO]: [CHAT]                    §f at §cstore.pika-network.net
[19:10:28] [Client thread/INFO]: [CHAT] 
[19:10:30] [Client thread/INFO]: [FileManager] Saved config: modules.json.
[19:10:32] [Client thread/INFO]: [FileManager] Saved config: values.json.
[19:10:36] [Client thread/INFO]: [FileManager] Saved config: values.json.
[19:10:38] [Client thread/INFO]: [CHAT] ➟ Hey! Your email has not been connected!
[19:10:38] [Client thread/INFO]: [CHAT] In order to secure and manage your account you will need to link your email to your account.
[19:10:38] [Client thread/INFO]: [CHAT] To link your email to your account use the /email command
[19:10:38] [Client thread/INFO]: [CHAT] 
[19:10:44] [Client thread/INFO]: [FileManager] Saved config: values.json.
[19:10:47] [Client thread/INFO]: [FileManager] Saved config: clickgui.json.
[19:10:53] [Client thread/INFO]: [CHAT] Practice ▏ Successfully added you to unranked BedFight queue.
[19:10:54] [Client thread/INFO]: [CHAT] MrWhoIsTheBosss ► bro the player i played rn was so ga1y
[19:10:58] [Client thread/INFO]: [CHAT] 
[19:10:58] [Client thread/INFO]: [CHAT] ▬▬▬▬▬▬▬▬▬▬▬▬▬▬▬▬▬▬▬▬▬▬▬▬▬▬▬▬▬▬▬▬▬▬▬▬▬▬▬▬▬▬▬▬▬▬▬▬▬▬▬▬▬▬▬▬▬▬▬▬▬▬▬▬▬▬▬▬▬
[19:10:58] [Client thread/INFO]: [CHAT] 
[19:10:58] [Client thread/INFO]: [CHAT]                              MATCH START!
[19:10:58] [Client thread/INFO]: [CHAT] 
[19:10:58] [Client thread/INFO]: [CHAT]                          Dir7yMyna VS FrostMiner_
[19:10:58] [Client thread/INFO]: [CHAT]                               Mode: BedFight
[19:10:58] [Client thread/INFO]: [CHAT] 
[19:10:58] [Client thread/INFO]: [CHAT] ▬▬▬▬▬▬▬▬▬▬▬▬▬▬▬▬▬▬▬▬▬▬▬▬▬▬▬▬▬▬▬▬▬▬▬▬▬▬▬▬▬▬▬▬▬▬▬▬▬▬▬▬▬▬▬▬▬▬▬▬▬▬▬▬▬▬▬▬▬
[19:10:58] [Client thread/INFO]: [CHAT] 
[19:10:58] [Client thread/INFO]: [CHAT] Game starts in 5...
[19:10:58] [Client thread/INFO]: [CHAT] Game starts in 4...
[19:10:58] [Client thread/INFO]: [CHAT] Game starts in 3...
[19:10:59] [Client thread/INFO]: [CHAT] Game starts in 2...
[19:11:00] [Client thread/INFO]: [CHAT] Game starts in 1...
[19:11:02] [Client thread/INFO]: [FileManager] Saved config: modules.json.
[19:11:12] [Client thread/INFO]: [CHAT] Dir7yMyna was killed by FrostMiner_
[19:11:16] [Client thread/INFO]: [FileManager] Saved config: modules.json.
[19:11:20] [Client thread/INFO]: [FileManager] Saved config: modules.json.
[19:11:24] [Client thread/INFO]: [CHAT] FrostMiner_ was killed by Dir7yMyna
[19:11:24] [Client thread/INFO]: [FileManager] Saved config: modules.json.
[19:11:34] [Client thread/INFO]: [FileManager] Saved config: modules.json.
[19:11:36] [Client thread/INFO]: [FileManager] Saved config: modules.json.
[19:11:36] [Client thread/INFO]: [CHAT] Dir7yMyna was thrown into the void by FrostMiner_
[19:11:40] [Client thread/INFO]: [FileManager] Saved config: modules.json.
[19:11:41] [Client thread/INFO]: [FileManager] Saved config: modules.json.
[19:11:43] [Client thread/INFO]: [FileManager] Saved config: clickgui.json.
[19:11:50] [Client thread/INFO]: [CHAT] FrostMiner_ was killed by Dir7yMyna
[19:11:56] [Client thread/INFO]: [FileManager] Saved config: modules.json.
[19:11:59] [Client thread/INFO]: [FileManager] Saved config: values.json.
[19:11:59] [Client thread/INFO]: [FileManager] Saved config: clickgui.json.
[19:12:00] [Client thread/INFO]: [FileManager] Saved config: modules.json.
[19:12:00] [Client thread/INFO]: [FileManager] Saved config: modules.json.
[19:12:08] [Client thread/INFO]: [CHAT] FrostMiner_ was thrown into the void by Dir7yMyna
[19:12:08] [Client thread/INFO]: [FileManager] Saved config: modules.json.
[19:12:19] [Client thread/INFO]: [FileManager] Saved config: modules.json.
[19:12:21] [Client thread/INFO]: [FileManager] Saved config: modules.json.
[19:12:21] [Client thread/INFO]: [CHAT] Dir7yMyna was thrown into the void by FrostMiner_
[19:12:22] [Client thread/INFO]: [CHAT] FrostMiner_ was thrown into the void by Dir7yMyna
[19:12:31] [Client thread/INFO]: [FileManager] Saved config: modules.json.
[19:12:33] [Client thread/INFO]: [FileManager] Saved config: modules.json.
[19:12:34] [Client thread/INFO]: [CHAT] FrostMiner_ was thrown into the void by Dir7yMyna
[19:12:41] [Client thread/INFO]: [FileManager] Saved config: modules.json.
[19:12:45] [Client thread/INFO]: [CHAT] Dir7yMyna was killed by FrostMiner_
[19:12:46] [Client thread/INFO]: [FileManager] Saved config: modules.json.
[19:12:53] [Client thread/INFO]: [FileManager] Saved config: modules.json.
[19:12:55] [Client thread/INFO]: [FileManager] Saved config: modules.json.
[19:12:58] [Client thread/INFO]: [CHAT] FrostMiner_ was thrown into the void by Dir7yMyna
[19:13:08] [Client thread/INFO]: [FileManager] Saved config: modules.json.
[19:13:09] [Client thread/INFO]: [FileManager] Saved config: modules.json.
[19:13:11] [Client thread/INFO]: [CHAT] FrostMiner_ was killed by Dir7yMyna
[19:13:14] [Client thread/INFO]: [CHAT] Team Blue's Bed was broken by Dir7yMyna
[19:13:14] [Client thread/INFO]: [FileManager] Saved config: modules.json.
[19:13:22] [Client thread/INFO]: [CHAT] FrostMiner_ was eliminated by Dir7yMyna
[19:13:22] [Client thread/INFO]: [CHAT] 
[19:13:22] [Client thread/INFO]: [CHAT] ▬▬▬▬▬▬▬▬▬▬▬▬▬▬▬▬▬▬▬▬▬▬▬▬▬▬▬▬▬▬▬▬▬▬▬▬▬▬▬▬▬▬▬▬▬▬▬▬▬▬▬▬▬▬▬▬▬▬▬▬▬▬▬▬▬▬▬▬▬
[19:13:22] [Client thread/INFO]: [CHAT] 
[19:13:22] [Client thread/INFO]: [CHAT]                               MATCH OVER!
[19:13:22] [Client thread/INFO]: [CHAT] 
[19:13:22] [Client thread/INFO]: [CHAT]                       Dir7yMyna 2❤ ▏ 0❤ FrostMiner_
[19:13:22] [Client thread/INFO]: [CHAT]                              WINNER!   LOSER! 
[19:13:22] [Client thread/INFO]: [CHAT] §r
                       §e[View recap] §b[Rematch]   

[19:13:22] [Client thread/INFO]: [CHAT] ▬▬▬▬▬▬▬▬▬▬▬▬▬▬▬▬▬▬▬▬▬▬▬▬▬▬▬▬▬▬▬▬▬▬▬▬▬▬▬▬▬▬▬▬▬▬▬▬▬▬▬▬▬▬▬▬▬▬▬▬▬▬▬▬▬▬▬▬▬
[19:13:22] [Client thread/INFO]: [CHAT] 
[19:13:23] [Client thread/INFO]: [FileManager] Saved config: modules.json.
[19:13:26] [Client thread/INFO]: [CHAT] Challenger ITzPaNdy ► wdmy ?
[19:13:28] [Client thread/INFO]: [CHAT] MuffinRuler ► night
[19:13:28] [Client thread/INFO]: [CHAT] BuildUHC Prodigy I <Diamond> ~xJustSkills ► whos better
[19:13:33] [Client thread/INFO]: [CHAT] 
[19:13:33] [Client thread/INFO]: [CHAT] ▬▬▬▬▬▬▬▬▬▬▬▬▬▬▬▬▬▬▬▬▬▬▬▬▬▬▬▬▬▬▬▬▬▬▬▬▬▬▬▬▬▬▬▬▬▬▬▬▬▬▬▬▬▬▬▬▬▬▬▬▬▬▬▬▬▬▬▬▬
[19:13:33] [Client thread/INFO]: [CHAT] 
[19:13:33] [Client thread/INFO]: [CHAT]                              MATCH START!
[19:13:33] [Client thread/INFO]: [CHAT] 
[19:13:33] [Client thread/INFO]: [CHAT]                         dkkgjgjlgn VS Dir7yMyna
[19:13:33] [Client thread/INFO]: [CHAT]                               Mode: BedFight
[19:13:33] [Client thread/INFO]: [CHAT] 
[19:13:33] [Client thread/INFO]: [CHAT] ▬▬▬▬▬▬▬▬▬▬▬▬▬▬▬▬▬▬▬▬▬▬▬▬▬▬▬▬▬▬▬▬▬▬▬▬▬▬▬▬▬▬▬▬▬▬▬▬▬▬▬▬▬▬▬▬▬▬▬▬▬▬▬▬▬▬▬▬▬
[19:13:33] [Client thread/INFO]: [CHAT] 
[19:13:33] [Client thread/INFO]: [CHAT] Game starts in 5...
[19:13:33] [Client thread/INFO]: [CHAT] Game starts in 4...
[19:13:34] [Client thread/INFO]: [FileManager] Saved config: modules.json.
[19:13:34] [Client thread/INFO]: [CHAT] Game starts in 3...
[19:13:35] [Client thread/INFO]: [CHAT] Game starts in 2...
[19:13:36] [Client thread/INFO]: [CHAT] Game starts in 1...
[19:13:40] [Client thread/INFO]: [FileManager] Saved config: clickgui.json.
[19:13:44] [Client thread/INFO]: [FileManager] Saved config: modules.json.
[19:13:47] [Client thread/INFO]: [FileManager] Saved config: modules.json.
[19:13:47] [Client thread/INFO]: [CHAT] dkkgjgjlgn was thrown into the void by Dir7yMyna
[19:13:47] [Client thread/INFO]: [CHAT] Dir7yMyna was thrown into the void by dkkgjgjlgn
[19:14:00] [Client thread/INFO]: [FileManager] Saved config: modules.json.
[19:14:02] [Client thread/INFO]: [CHAT] 
§9§l  Join our Discord Server
 §fChat with players, read announcements and join giveaways!
 §e§lClick here: §e§nhttps://pika-network.net/discord

[19:14:05] [Client thread/INFO]: [CHAT] Dir7yMyna was killed by dkkgjgjlgn
[19:14:06] [Client thread/INFO]: [FileManager] Saved config: modules.json.
[19:14:10] [Client thread/INFO]: [FileManager] Saved config: modules.json.
[19:14:13] [Client thread/INFO]: [CHAT] dkkgjgjlgn was killed by Dir7yMyna
[19:14:14] [Client thread/INFO]: [FileManager] Saved config: modules.json.
[19:14:21] [Client thread/INFO]: [FileManager] Saved config: modules.json.
[19:14:23] [Client thread/INFO]: [FileManager] Saved config: modules.json.
[19:14:24] [Client thread/INFO]: [CHAT] Dir7yMyna was thrown into the void by dkkgjgjlgn
[19:14:24] [Client thread/INFO]: [CHAT] dkkgjgjlgn was thrown into the void by Dir7yMyna
[19:14:34] [Client thread/INFO]: [CHAT] 
     ☀ 
   ☀  ☀  Scaredly has made a purchase on our store!
 ☀  ☀  ☀    Shop today at store.pika-network.net
  ☀  ☀          60% SUMMER SALE
       Purchase your own items by using /store.

[19:14:49] [Client thread/INFO]: [FileManager] Saved config: modules.json.
[19:14:51] [Client thread/INFO]: [FileManager] Saved config: modules.json.
[19:14:51] [Client thread/INFO]: [CHAT] dkkgjgjlgn was thrown into the void by Dir7yMyna
[19:14:58] [DefaultDispatcher-worker-2/ERROR]: Failed to refresh cape carriers due to error.
java.net.SocketTimeoutException: timeout
	at okio.SocketAsyncTimeout.newTimeoutException(JvmOkio.kt:146) ~[SocketAsyncTimeout.class:?]
	at okio.AsyncTimeout.access$newTimeoutException(AsyncTimeout.kt:186) ~[AsyncTimeout.class:?]
	at okio.AsyncTimeout$source$1.read(AsyncTimeout.kt:390) ~[AsyncTimeout$source$1.class:?]
	at okio.RealBufferedSource.indexOf(RealBufferedSource.kt:434) ~[RealBufferedSource.class:?]
	at okio.RealBufferedSource.readUtf8LineStrict(RealBufferedSource.kt:327) ~[RealBufferedSource.class:?]
	at okhttp3.internal.http1.HeadersReader.readLine(HeadersReader.kt:29) ~[HeadersReader.class:?]
	at okhttp3.internal.http1.Http1ExchangeCodec.readResponseHeaders(Http1ExchangeCodec.kt:188) ~[Http1ExchangeCodec.class:?]
	at okhttp3.internal.connection.Exchange.readResponseHeaders(Exchange.kt:114) ~[Exchange.class:?]
	at okhttp3.internal.http.CallServerInterceptor.intercept(CallServerInterceptor.kt:93) ~[CallServerInterceptor.class:?]
	at okhttp3.internal.http.RealInterceptorChain.proceed(RealInterceptorChain.kt:126) ~[RealInterceptorChain.class:?]
	at okhttp3.internal.connection.ConnectInterceptor.intercept(ConnectInterceptor.kt:34) ~[ConnectInterceptor.class:?]
	at okhttp3.internal.http.RealInterceptorChain.proceed(RealInterceptorChain.kt:126) ~[RealInterceptorChain.class:?]
	at okhttp3.internal.cache.CacheInterceptor.intercept(CacheInterceptor.kt:95) ~[CacheInterceptor.class:?]
	at okhttp3.internal.http.RealInterceptorChain.proceed(RealInterceptorChain.kt:126) ~[RealInterceptorChain.class:?]
	at okhttp3.internal.http.BridgeInterceptor.intercept(BridgeInterceptor.kt:83) ~[BridgeInterceptor.class:?]
	at okhttp3.internal.http.RealInterceptorChain.proceed(RealInterceptorChain.kt:126) ~[RealInterceptorChain.class:?]
	at okhttp3.internal.http.RetryAndFollowUpInterceptor.intercept(RetryAndFollowUpInterceptor.kt:72) ~[RetryAndFollowUpInterceptor.class:?]
	at okhttp3.internal.http.RealInterceptorChain.proceed(RealInterceptorChain.kt:126) ~[RealInterceptorChain.class:?]
	at okhttp3.internal.connection.RealCall.getResponseWithInterceptorChain$okhttp(RealCall.kt:203) ~[RealCall.class:?]
	at okhttp3.internal.connection.RealCall.execute(RealCall.kt:155) ~[RealCall.class:?]
	at net.ccbluex.liquidbounce.utils.io.HttpUtilsKt.get(HttpUtils.kt:53) ~[HttpUtilsKt.class:?]
	at net.ccbluex.liquidbounce.cape.CapeService$refreshCapeCarriers$1.invokeSuspend(CapeService.kt:83) [CapeService$refreshCapeCarriers$1.class:?]
	at kotlin.coroutines.jvm.internal.BaseContinuationImpl.resumeWith(ContinuationImpl.kt:33) [BaseContinuationImpl.class:?]
	at kotlinx.coroutines.DispatchedTask.run(DispatchedTask.kt:100) [DispatchedTask.class:?]
	at kotlinx.coroutines.internal.LimitedDispatcher$Worker.run(LimitedDispatcher.kt:113) [LimitedDispatcher$Worker.class:?]
	at kotlinx.coroutines.scheduling.TaskImpl.run(Tasks.kt:89) [TaskImpl.class:?]
	at kotlinx.coroutines.scheduling.CoroutineScheduler.runSafely(CoroutineScheduler.kt:586) [CoroutineScheduler.class:?]
	at kotlinx.coroutines.scheduling.CoroutineScheduler$Worker.executeTask(CoroutineScheduler.kt:820) [CoroutineScheduler$Worker.class:?]
	at kotlinx.coroutines.scheduling.CoroutineScheduler$Worker.runWorker(CoroutineScheduler.kt:717) [CoroutineScheduler$Worker.class:?]
	at kotlinx.coroutines.scheduling.CoroutineScheduler$Worker.run(CoroutineScheduler.kt:704) [CoroutineScheduler$Worker.class:?]
Caused by: java.net.SocketException: Socket closed
	at java.net.SocketInputStream.read(SocketInputStream.java:204) ~[?:1.8.0_202]
	at java.net.SocketInputStream.read(SocketInputStream.java:141) ~[?:1.8.0_202]
	at okio.InputStreamSource.read(JvmOkio.kt:93) ~[InputStreamSource.class:?]
	at okio.AsyncTimeout$source$1.read(AsyncTimeout.kt:153) ~[AsyncTimeout$source$1.class:?]
	... 27 more
[19:14:58] [Client thread/INFO]: [CHAT] Dir7yMyna was killed by dkkgjgjlgn
[19:15:10] [Client thread/INFO]: [CHAT] You've reached the build limit!
[19:15:10] [Client thread/INFO]: [CHAT] You've reached the build limit!
[19:15:10] [Client thread/INFO]: [CHAT] You've reached the build limit!
[19:15:15] [Client thread/INFO]: [FileManager] Saved config: modules.json.
[19:15:15] [Client thread/INFO]: [CHAT] §e§l»§c§l»§f You may only speak §bEnglish§f in the public chat§f!
[19:15:18] [Client thread/INFO]: [FileManager] Saved config: modules.json.
[19:15:18] [Client thread/INFO]: [CHAT] Dir7yMyna was thrown into the void by dkkgjgjlgn
[19:15:25] [Client thread/INFO]: [FileManager] Saved config: modules.json.
[19:15:26] [Client thread/INFO]: [FileManager] Saved config: modules.json.
[19:15:26] [Client thread/INFO]: [CHAT] Dir7yMyna fell into the void
[19:15:32] [Client thread/INFO]: [FileManager] Saved config: modules.json.
[19:15:33] [Client thread/INFO]: [FileManager] Saved config: modules.json.
[19:15:33] [Client thread/INFO]: [CHAT] Dir7yMyna fell into the void
[19:15:33] [Client thread/INFO]: [CHAT] dkkgjgjlgn was thrown into the void by Dir7yMyna
[19:15:46] [Client thread/INFO]: [CHAT] You've reached the build limit!
[19:15:55] [Client thread/INFO]: Applying holder lookups
[19:15:55] [Client thread/INFO]: Holder lookups applied
[19:16:03] [Client thread/INFO]: Connecting to eu.gamster.org, 25565
[19:16:05] [Client thread/FATAL]: Error executing task
java.util.concurrent.ExecutionException: java.lang.NullPointerException
	at java.util.concurrent.FutureTask.report(FutureTask.java:122) ~[?:1.8.0_202]
	at java.util.concurrent.FutureTask.get(FutureTask.java:192) ~[?:1.8.0_202]
	at net.minecraft.util.Util.func_181617_a(SourceFile:45) [g.class:?]
	at net.minecraft.client.Minecraft.func_71411_J(Minecraft.java:1014) [ave.class:?]
	at net.minecraft.client.Minecraft.func_99999_d(Minecraft.java:349) [ave.class:?]
	at net.minecraft.client.main.Main.main(SourceFile:124) [Main.class:?]
	at sun.reflect.NativeMethodAccessorImpl.invoke0(Native Method) ~[?:1.8.0_202]
	at sun.reflect.NativeMethodAccessorImpl.invoke(NativeMethodAccessorImpl.java:62) ~[?:1.8.0_202]
	at sun.reflect.DelegatingMethodAccessorImpl.invoke(DelegatingMethodAccessorImpl.java:43) ~[?:1.8.0_202]
	at java.lang.reflect.Method.invoke(Method.java:498) ~[?:1.8.0_202]
	at net.minecraft.launchwrapper.Launch.launch(Launch.java:135) [launchwrapper-1.12.jar:?]
	at net.minecraft.launchwrapper.Launch.main(Launch.java:28) [launchwrapper-1.12.jar:?]
Caused by: java.lang.NullPointerException
	at net.minecraft.scoreboard.Scoreboard.func_96511_d(SourceFile:229) ~[auo.class:?]
	at net.minecraft.client.network.NetHandlerPlayClient.func_147247_a(NetHandlerPlayClient.java:1813) ~[bcy.class:?]
	at net.minecraft.network.play.server.S3EPacketTeams.func_148833_a(SourceFile:113) ~[hr.class:?]
	at net.minecraft.network.play.server.S3EPacketTeams.func_148833_a(SourceFile:13) ~[hr.class:?]
	at net.minecraft.network.PacketThreadUtil$1.run(SourceFile:13) ~[fh$1.class:?]
	at java.util.concurrent.Executors$RunnableAdapter.call(Executors.java:511) ~[?:1.8.0_202]
	at java.util.concurrent.FutureTask.run(FutureTask.java:266) ~[?:1.8.0_202]
	at net.minecraft.util.Util.func_181617_a(SourceFile:44) ~[g.class:?]
	... 9 more
[19:16:05] [Client thread/FATAL]: Error executing task
java.util.concurrent.ExecutionException: java.lang.NullPointerException
	at java.util.concurrent.FutureTask.report(FutureTask.java:122) ~[?:1.8.0_202]
	at java.util.concurrent.FutureTask.get(FutureTask.java:192) ~[?:1.8.0_202]
	at net.minecraft.util.Util.func_181617_a(SourceFile:45) [g.class:?]
	at net.minecraft.client.Minecraft.func_71411_J(Minecraft.java:1014) [ave.class:?]
	at net.minecraft.client.Minecraft.func_99999_d(Minecraft.java:349) [ave.class:?]
	at net.minecraft.client.main.Main.main(SourceFile:124) [Main.class:?]
	at sun.reflect.NativeMethodAccessorImpl.invoke0(Native Method) ~[?:1.8.0_202]
	at sun.reflect.NativeMethodAccessorImpl.invoke(NativeMethodAccessorImpl.java:62) ~[?:1.8.0_202]
	at sun.reflect.DelegatingMethodAccessorImpl.invoke(DelegatingMethodAccessorImpl.java:43) ~[?:1.8.0_202]
	at java.lang.reflect.Method.invoke(Method.java:498) ~[?:1.8.0_202]
	at net.minecraft.launchwrapper.Launch.launch(Launch.java:135) [launchwrapper-1.12.jar:?]
	at net.minecraft.launchwrapper.Launch.main(Launch.java:28) [launchwrapper-1.12.jar:?]
Caused by: java.lang.NullPointerException
	at net.minecraft.scoreboard.Scoreboard.func_96511_d(SourceFile:229) ~[auo.class:?]
	at net.minecraft.client.network.NetHandlerPlayClient.func_147247_a(NetHandlerPlayClient.java:1813) ~[bcy.class:?]
	at net.minecraft.network.play.server.S3EPacketTeams.func_148833_a(SourceFile:113) ~[hr.class:?]
	at net.minecraft.network.play.server.S3EPacketTeams.func_148833_a(SourceFile:13) ~[hr.class:?]
	at net.minecraft.network.PacketThreadUtil$1.run(SourceFile:13) ~[fh$1.class:?]
	at java.util.concurrent.Executors$RunnableAdapter.call(Executors.java:511) ~[?:1.8.0_202]
	at java.util.concurrent.FutureTask.run(FutureTask.java:266) ~[?:1.8.0_202]
	at net.minecraft.util.Util.func_181617_a(SourceFile:44) ~[g.class:?]
	... 9 more
[19:16:05] [Client thread/FATAL]: Error executing task
java.util.concurrent.ExecutionException: java.lang.NullPointerException
	at java.util.concurrent.FutureTask.report(FutureTask.java:122) ~[?:1.8.0_202]
	at java.util.concurrent.FutureTask.get(FutureTask.java:192) ~[?:1.8.0_202]
	at net.minecraft.util.Util.func_181617_a(SourceFile:45) [g.class:?]
	at net.minecraft.client.Minecraft.func_71411_J(Minecraft.java:1014) [ave.class:?]
	at net.minecraft.client.Minecraft.func_99999_d(Minecraft.java:349) [ave.class:?]
	at net.minecraft.client.main.Main.main(SourceFile:124) [Main.class:?]
	at sun.reflect.NativeMethodAccessorImpl.invoke0(Native Method) ~[?:1.8.0_202]
	at sun.reflect.NativeMethodAccessorImpl.invoke(NativeMethodAccessorImpl.java:62) ~[?:1.8.0_202]
	at sun.reflect.DelegatingMethodAccessorImpl.invoke(DelegatingMethodAccessorImpl.java:43) ~[?:1.8.0_202]
	at java.lang.reflect.Method.invoke(Method.java:498) ~[?:1.8.0_202]
	at net.minecraft.launchwrapper.Launch.launch(Launch.java:135) [launchwrapper-1.12.jar:?]
	at net.minecraft.launchwrapper.Launch.main(Launch.java:28) [launchwrapper-1.12.jar:?]
Caused by: java.lang.NullPointerException
	at net.minecraft.scoreboard.Scoreboard.func_96511_d(SourceFile:229) ~[auo.class:?]
	at net.minecraft.client.network.NetHandlerPlayClient.func_147247_a(NetHandlerPlayClient.java:1813) ~[bcy.class:?]
	at net.minecraft.network.play.server.S3EPacketTeams.func_148833_a(SourceFile:113) ~[hr.class:?]
	at net.minecraft.network.play.server.S3EPacketTeams.func_148833_a(SourceFile:13) ~[hr.class:?]
	at net.minecraft.network.PacketThreadUtil$1.run(SourceFile:13) ~[fh$1.class:?]
	at java.util.concurrent.Executors$RunnableAdapter.call(Executors.java:511) ~[?:1.8.0_202]
	at java.util.concurrent.FutureTask.run(FutureTask.java:266) ~[?:1.8.0_202]
	at net.minecraft.util.Util.func_181617_a(SourceFile:44) ~[g.class:?]
	... 9 more
[19:16:05] [Client thread/FATAL]: Error executing task
java.util.concurrent.ExecutionException: java.lang.NullPointerException
	at java.util.concurrent.FutureTask.report(FutureTask.java:122) ~[?:1.8.0_202]
	at java.util.concurrent.FutureTask.get(FutureTask.java:192) ~[?:1.8.0_202]
	at net.minecraft.util.Util.func_181617_a(SourceFile:45) [g.class:?]
	at net.minecraft.client.Minecraft.func_71411_J(Minecraft.java:1014) [ave.class:?]
	at net.minecraft.client.Minecraft.func_99999_d(Minecraft.java:349) [ave.class:?]
	at net.minecraft.client.main.Main.main(SourceFile:124) [Main.class:?]
	at sun.reflect.NativeMethodAccessorImpl.invoke0(Native Method) ~[?:1.8.0_202]
	at sun.reflect.NativeMethodAccessorImpl.invoke(NativeMethodAccessorImpl.java:62) ~[?:1.8.0_202]
	at sun.reflect.DelegatingMethodAccessorImpl.invoke(DelegatingMethodAccessorImpl.java:43) ~[?:1.8.0_202]
	at java.lang.reflect.Method.invoke(Method.java:498) ~[?:1.8.0_202]
	at net.minecraft.launchwrapper.Launch.launch(Launch.java:135) [launchwrapper-1.12.jar:?]
	at net.minecraft.launchwrapper.Launch.main(Launch.java:28) [launchwrapper-1.12.jar:?]
Caused by: java.lang.NullPointerException
	at net.minecraft.scoreboard.Scoreboard.func_96511_d(SourceFile:229) ~[auo.class:?]
	at net.minecraft.client.network.NetHandlerPlayClient.func_147247_a(NetHandlerPlayClient.java:1813) ~[bcy.class:?]
	at net.minecraft.network.play.server.S3EPacketTeams.func_148833_a(SourceFile:113) ~[hr.class:?]
	at net.minecraft.network.play.server.S3EPacketTeams.func_148833_a(SourceFile:13) ~[hr.class:?]
	at net.minecraft.network.PacketThreadUtil$1.run(SourceFile:13) ~[fh$1.class:?]
	at java.util.concurrent.Executors$RunnableAdapter.call(Executors.java:511) ~[?:1.8.0_202]
	at java.util.concurrent.FutureTask.run(FutureTask.java:266) ~[?:1.8.0_202]
	at net.minecraft.util.Util.func_181617_a(SourceFile:44) ~[g.class:?]
	... 9 more
[19:16:05] [Client thread/FATAL]: Error executing task
java.util.concurrent.ExecutionException: java.lang.NullPointerException
	at java.util.concurrent.FutureTask.report(FutureTask.java:122) ~[?:1.8.0_202]
	at java.util.concurrent.FutureTask.get(FutureTask.java:192) ~[?:1.8.0_202]
	at net.minecraft.util.Util.func_181617_a(SourceFile:45) [g.class:?]
	at net.minecraft.client.Minecraft.func_71411_J(Minecraft.java:1014) [ave.class:?]
	at net.minecraft.client.Minecraft.func_99999_d(Minecraft.java:349) [ave.class:?]
	at net.minecraft.client.main.Main.main(SourceFile:124) [Main.class:?]
	at sun.reflect.NativeMethodAccessorImpl.invoke0(Native Method) ~[?:1.8.0_202]
	at sun.reflect.NativeMethodAccessorImpl.invoke(NativeMethodAccessorImpl.java:62) ~[?:1.8.0_202]
	at sun.reflect.DelegatingMethodAccessorImpl.invoke(DelegatingMethodAccessorImpl.java:43) ~[?:1.8.0_202]
	at java.lang.reflect.Method.invoke(Method.java:498) ~[?:1.8.0_202]
	at net.minecraft.launchwrapper.Launch.launch(Launch.java:135) [launchwrapper-1.12.jar:?]
	at net.minecraft.launchwrapper.Launch.main(Launch.java:28) [launchwrapper-1.12.jar:?]
Caused by: java.lang.NullPointerException
	at net.minecraft.scoreboard.Scoreboard.func_96511_d(SourceFile:229) ~[auo.class:?]
	at net.minecraft.client.network.NetHandlerPlayClient.func_147247_a(NetHandlerPlayClient.java:1813) ~[bcy.class:?]
	at net.minecraft.network.play.server.S3EPacketTeams.func_148833_a(SourceFile:113) ~[hr.class:?]
	at net.minecraft.network.play.server.S3EPacketTeams.func_148833_a(SourceFile:13) ~[hr.class:?]
	at net.minecraft.network.PacketThreadUtil$1.run(SourceFile:13) ~[fh$1.class:?]
	at java.util.concurrent.Executors$RunnableAdapter.call(Executors.java:511) ~[?:1.8.0_202]
	at java.util.concurrent.FutureTask.run(FutureTask.java:266) ~[?:1.8.0_202]
	at net.minecraft.util.Util.func_181617_a(SourceFile:44) ~[g.class:?]
	... 9 more
[19:16:05] [Client thread/FATAL]: Error executing task
java.util.concurrent.ExecutionException: java.lang.NullPointerException
	at java.util.concurrent.FutureTask.report(FutureTask.java:122) ~[?:1.8.0_202]
	at java.util.concurrent.FutureTask.get(FutureTask.java:192) ~[?:1.8.0_202]
	at net.minecraft.util.Util.func_181617_a(SourceFile:45) [g.class:?]
	at net.minecraft.client.Minecraft.func_71411_J(Minecraft.java:1014) [ave.class:?]
	at net.minecraft.client.Minecraft.func_99999_d(Minecraft.java:349) [ave.class:?]
	at net.minecraft.client.main.Main.main(SourceFile:124) [Main.class:?]
	at sun.reflect.NativeMethodAccessorImpl.invoke0(Native Method) ~[?:1.8.0_202]
	at sun.reflect.NativeMethodAccessorImpl.invoke(NativeMethodAccessorImpl.java:62) ~[?:1.8.0_202]
	at sun.reflect.DelegatingMethodAccessorImpl.invoke(DelegatingMethodAccessorImpl.java:43) ~[?:1.8.0_202]
	at java.lang.reflect.Method.invoke(Method.java:498) ~[?:1.8.0_202]
	at net.minecraft.launchwrapper.Launch.launch(Launch.java:135) [launchwrapper-1.12.jar:?]
	at net.minecraft.launchwrapper.Launch.main(Launch.java:28) [launchwrapper-1.12.jar:?]
Caused by: java.lang.NullPointerException
	at net.minecraft.scoreboard.Scoreboard.func_96511_d(SourceFile:229) ~[auo.class:?]
	at net.minecraft.client.network.NetHandlerPlayClient.func_147247_a(NetHandlerPlayClient.java:1813) ~[bcy.class:?]
	at net.minecraft.network.play.server.S3EPacketTeams.func_148833_a(SourceFile:113) ~[hr.class:?]
	at net.minecraft.network.play.server.S3EPacketTeams.func_148833_a(SourceFile:13) ~[hr.class:?]
	at net.minecraft.network.PacketThreadUtil$1.run(SourceFile:13) ~[fh$1.class:?]
	at java.util.concurrent.Executors$RunnableAdapter.call(Executors.java:511) ~[?:1.8.0_202]
	at java.util.concurrent.FutureTask.run(FutureTask.java:266) ~[?:1.8.0_202]
	at net.minecraft.util.Util.func_181617_a(SourceFile:44) ~[g.class:?]
	... 9 more
[19:16:05] [Client thread/FATAL]: Error executing task
java.util.concurrent.ExecutionException: java.lang.NullPointerException
	at java.util.concurrent.FutureTask.report(FutureTask.java:122) ~[?:1.8.0_202]
	at java.util.concurrent.FutureTask.get(FutureTask.java:192) ~[?:1.8.0_202]
	at net.minecraft.util.Util.func_181617_a(SourceFile:45) [g.class:?]
	at net.minecraft.client.Minecraft.func_71411_J(Minecraft.java:1014) [ave.class:?]
	at net.minecraft.client.Minecraft.func_99999_d(Minecraft.java:349) [ave.class:?]
	at net.minecraft.client.main.Main.main(SourceFile:124) [Main.class:?]
	at sun.reflect.NativeMethodAccessorImpl.invoke0(Native Method) ~[?:1.8.0_202]
	at sun.reflect.NativeMethodAccessorImpl.invoke(NativeMethodAccessorImpl.java:62) ~[?:1.8.0_202]
	at sun.reflect.DelegatingMethodAccessorImpl.invoke(DelegatingMethodAccessorImpl.java:43) ~[?:1.8.0_202]
	at java.lang.reflect.Method.invoke(Method.java:498) ~[?:1.8.0_202]
	at net.minecraft.launchwrapper.Launch.launch(Launch.java:135) [launchwrapper-1.12.jar:?]
	at net.minecraft.launchwrapper.Launch.main(Launch.java:28) [launchwrapper-1.12.jar:?]
Caused by: java.lang.NullPointerException
	at net.minecraft.scoreboard.Scoreboard.func_96511_d(SourceFile:229) ~[auo.class:?]
	at net.minecraft.client.network.NetHandlerPlayClient.func_147247_a(NetHandlerPlayClient.java:1813) ~[bcy.class:?]
	at net.minecraft.network.play.server.S3EPacketTeams.func_148833_a(SourceFile:113) ~[hr.class:?]
	at net.minecraft.network.play.server.S3EPacketTeams.func_148833_a(SourceFile:13) ~[hr.class:?]
	at net.minecraft.network.PacketThreadUtil$1.run(SourceFile:13) ~[fh$1.class:?]
	at java.util.concurrent.Executors$RunnableAdapter.call(Executors.java:511) ~[?:1.8.0_202]
	at java.util.concurrent.FutureTask.run(FutureTask.java:266) ~[?:1.8.0_202]
	at net.minecraft.util.Util.func_181617_a(SourceFile:44) ~[g.class:?]
	... 9 more
[19:16:05] [Client thread/FATAL]: Error executing task
java.util.concurrent.ExecutionException: java.lang.NullPointerException
	at java.util.concurrent.FutureTask.report(FutureTask.java:122) ~[?:1.8.0_202]
	at java.util.concurrent.FutureTask.get(FutureTask.java:192) ~[?:1.8.0_202]
	at net.minecraft.util.Util.func_181617_a(SourceFile:45) [g.class:?]
	at net.minecraft.client.Minecraft.func_71411_J(Minecraft.java:1014) [ave.class:?]
	at net.minecraft.client.Minecraft.func_99999_d(Minecraft.java:349) [ave.class:?]
	at net.minecraft.client.main.Main.main(SourceFile:124) [Main.class:?]
	at sun.reflect.NativeMethodAccessorImpl.invoke0(Native Method) ~[?:1.8.0_202]
	at sun.reflect.NativeMethodAccessorImpl.invoke(NativeMethodAccessorImpl.java:62) ~[?:1.8.0_202]
	at sun.reflect.DelegatingMethodAccessorImpl.invoke(DelegatingMethodAccessorImpl.java:43) ~[?:1.8.0_202]
	at java.lang.reflect.Method.invoke(Method.java:498) ~[?:1.8.0_202]
	at net.minecraft.launchwrapper.Launch.launch(Launch.java:135) [launchwrapper-1.12.jar:?]
	at net.minecraft.launchwrapper.Launch.main(Launch.java:28) [launchwrapper-1.12.jar:?]
Caused by: java.lang.NullPointerException
	at net.minecraft.scoreboard.Scoreboard.func_96511_d(SourceFile:229) ~[auo.class:?]
	at net.minecraft.client.network.NetHandlerPlayClient.func_147247_a(NetHandlerPlayClient.java:1813) ~[bcy.class:?]
	at net.minecraft.network.play.server.S3EPacketTeams.func_148833_a(SourceFile:113) ~[hr.class:?]
	at net.minecraft.network.play.server.S3EPacketTeams.func_148833_a(SourceFile:13) ~[hr.class:?]
	at net.minecraft.network.PacketThreadUtil$1.run(SourceFile:13) ~[fh$1.class:?]
	at java.util.concurrent.Executors$RunnableAdapter.call(Executors.java:511) ~[?:1.8.0_202]
	at java.util.concurrent.FutureTask.run(FutureTask.java:266) ~[?:1.8.0_202]
	at net.minecraft.util.Util.func_181617_a(SourceFile:44) ~[g.class:?]
	... 9 more
[19:16:05] [Client thread/FATAL]: Error executing task
java.util.concurrent.ExecutionException: java.lang.NullPointerException
	at java.util.concurrent.FutureTask.report(FutureTask.java:122) ~[?:1.8.0_202]
	at java.util.concurrent.FutureTask.get(FutureTask.java:192) ~[?:1.8.0_202]
	at net.minecraft.util.Util.func_181617_a(SourceFile:45) [g.class:?]
	at net.minecraft.client.Minecraft.func_71411_J(Minecraft.java:1014) [ave.class:?]
	at net.minecraft.client.Minecraft.func_99999_d(Minecraft.java:349) [ave.class:?]
	at net.minecraft.client.main.Main.main(SourceFile:124) [Main.class:?]
	at sun.reflect.NativeMethodAccessorImpl.invoke0(Native Method) ~[?:1.8.0_202]
	at sun.reflect.NativeMethodAccessorImpl.invoke(NativeMethodAccessorImpl.java:62) ~[?:1.8.0_202]
	at sun.reflect.DelegatingMethodAccessorImpl.invoke(DelegatingMethodAccessorImpl.java:43) ~[?:1.8.0_202]
	at java.lang.reflect.Method.invoke(Method.java:498) ~[?:1.8.0_202]
	at net.minecraft.launchwrapper.Launch.launch(Launch.java:135) [launchwrapper-1.12.jar:?]
	at net.minecraft.launchwrapper.Launch.main(Launch.java:28) [launchwrapper-1.12.jar:?]
Caused by: java.lang.NullPointerException
	at net.minecraft.scoreboard.Scoreboard.func_96511_d(SourceFile:229) ~[auo.class:?]
	at net.minecraft.client.network.NetHandlerPlayClient.func_147247_a(NetHandlerPlayClient.java:1813) ~[bcy.class:?]
	at net.minecraft.network.play.server.S3EPacketTeams.func_148833_a(SourceFile:113) ~[hr.class:?]
	at net.minecraft.network.play.server.S3EPacketTeams.func_148833_a(SourceFile:13) ~[hr.class:?]
	at net.minecraft.network.PacketThreadUtil$1.run(SourceFile:13) ~[fh$1.class:?]
	at java.util.concurrent.Executors$RunnableAdapter.call(Executors.java:511) ~[?:1.8.0_202]
	at java.util.concurrent.FutureTask.run(FutureTask.java:266) ~[?:1.8.0_202]
	at net.minecraft.util.Util.func_181617_a(SourceFile:44) ~[g.class:?]
	... 9 more
[19:16:05] [Client thread/FATAL]: Error executing task
java.util.concurrent.ExecutionException: java.lang.NullPointerException
	at java.util.concurrent.FutureTask.report(FutureTask.java:122) ~[?:1.8.0_202]
	at java.util.concurrent.FutureTask.get(FutureTask.java:192) ~[?:1.8.0_202]
	at net.minecraft.util.Util.func_181617_a(SourceFile:45) [g.class:?]
	at net.minecraft.client.Minecraft.func_71411_J(Minecraft.java:1014) [ave.class:?]
	at net.minecraft.client.Minecraft.func_99999_d(Minecraft.java:349) [ave.class:?]
	at net.minecraft.client.main.Main.main(SourceFile:124) [Main.class:?]
	at sun.reflect.NativeMethodAccessorImpl.invoke0(Native Method) ~[?:1.8.0_202]
	at sun.reflect.NativeMethodAccessorImpl.invoke(NativeMethodAccessorImpl.java:62) ~[?:1.8.0_202]
	at sun.reflect.DelegatingMethodAccessorImpl.invoke(DelegatingMethodAccessorImpl.java:43) ~[?:1.8.0_202]
	at java.lang.reflect.Method.invoke(Method.java:498) ~[?:1.8.0_202]
	at net.minecraft.launchwrapper.Launch.launch(Launch.java:135) [launchwrapper-1.12.jar:?]
	at net.minecraft.launchwrapper.Launch.main(Launch.java:28) [launchwrapper-1.12.jar:?]
Caused by: java.lang.NullPointerException
	at net.minecraft.scoreboard.Scoreboard.func_96511_d(SourceFile:229) ~[auo.class:?]
	at net.minecraft.client.network.NetHandlerPlayClient.func_147247_a(NetHandlerPlayClient.java:1813) ~[bcy.class:?]
	at net.minecraft.network.play.server.S3EPacketTeams.func_148833_a(SourceFile:113) ~[hr.class:?]
	at net.minecraft.network.play.server.S3EPacketTeams.func_148833_a(SourceFile:13) ~[hr.class:?]
	at net.minecraft.network.PacketThreadUtil$1.run(SourceFile:13) ~[fh$1.class:?]
	at java.util.concurrent.Executors$RunnableAdapter.call(Executors.java:511) ~[?:1.8.0_202]
	at java.util.concurrent.FutureTask.run(FutureTask.java:266) ~[?:1.8.0_202]
	at net.minecraft.util.Util.func_181617_a(SourceFile:44) ~[g.class:?]
	... 9 more
[19:16:12] [Client thread/INFO]: [FileManager] Saved config: modules.json.
[19:16:41] [Client thread/INFO]: [FileManager] Saved config: values.json.
[19:16:45] [Client thread/INFO]: [FileManager] Saved config: values.json.
[19:16:46] [Client thread/INFO]: [FileManager] Saved config: values.json.
[19:16:47] [Client thread/INFO]: [CHAT] 
[19:16:47] [Client thread/INFO]: [CHAT]  
[19:16:47] [Client thread/INFO]: [CHAT]  
[19:16:47] [Client thread/INFO]: [CHAT]  
[19:16:47] [Client thread/INFO]: [CHAT]  
[19:16:47] [Client thread/INFO]: [CHAT]  
[19:16:47] [Client thread/INFO]: [CHAT]  
[19:16:47] [Client thread/INFO]: [CHAT] Unable to move! You need to log in or register first.
[19:16:47] [Client thread/INFO]: [CHAT]  
[19:16:47] [Client thread/INFO]: [CHAT] If you're registered:
[19:16:47] [Client thread/INFO]: [CHAT]   
[19:16:47] [Client thread/INFO]: [CHAT] If you're new:
[19:16:47] [Client thread/INFO]: [CHAT] ▸ /register <password> <password>
[19:16:47] [Client thread/INFO]: [CHAT]    
[19:16:47] [Client thread/INFO]: [CHAT]     
[19:16:47] [Client thread/INFO]: [CHAT] Forgot your password? Request a password recovery on our Discord server.
[19:16:47] [Client thread/INFO]: [CHAT] 
[19:16:47] [Client thread/INFO]: [CHAT]  
[19:16:47] [Client thread/INFO]: [CHAT]  
[19:16:47] [Client thread/INFO]: [CHAT]  
[19:16:47] [Client thread/INFO]: [CHAT]  
[19:16:47] [Client thread/INFO]: [CHAT]  
[19:16:47] [Client thread/INFO]: [CHAT]  
[19:16:47] [Client thread/INFO]: [CHAT] Unable to move! You need to log in or register first.
[19:16:47] [Client thread/INFO]: [CHAT]  
[19:16:47] [Client thread/INFO]: [CHAT] If you're registered:
[19:16:47] [Client thread/INFO]: [CHAT] ▸ /login <password>
[19:16:47] [Client thread/INFO]: [CHAT]   
[19:16:47] [Client thread/INFO]: [CHAT] If you're new:
[19:16:47] [Client thread/INFO]: [CHAT] ▸ /register <password> <password>
[19:16:47] [Client thread/INFO]: [CHAT]    
[19:16:47] [Client thread/INFO]: [CHAT] If this username is already taken, you'll need to choose a different one.
[19:16:47] [Client thread/INFO]: [CHAT]     
[19:16:47] [Client thread/INFO]: [CHAT] Forgot your password? Request a password recovery on our Discord server.
[19:16:47] [Client thread/INFO]: [FileManager] Saved config: values.json.
[19:16:48] [Client thread/INFO]: [FileManager] Saved config: values.json.
[19:16:48] [Client thread/INFO]: [FileManager] Saved config: clickgui.json.
[19:16:52] [Client thread/INFO]: [CHAT] 
[19:16:52] [Client thread/INFO]: [CHAT]  
[19:16:52] [Client thread/INFO]: [CHAT]  
[19:16:52] [Client thread/INFO]: [CHAT]  
[19:16:52] [Client thread/INFO]: [CHAT]  
[19:16:52] [Client thread/INFO]: [CHAT]  
[19:16:52] [Client thread/INFO]: [CHAT]  
[19:16:52] [Client thread/INFO]: [CHAT] Unable to move! You need to log in or register first.
[19:16:52] [Client thread/INFO]: [CHAT]  
[19:16:52] [Client thread/INFO]: [CHAT] If you're registered:
[19:16:52] [Client thread/INFO]: [CHAT] ▸ /login <password>
[19:16:52] [Client thread/INFO]: [CHAT]   
[19:16:52] [Client thread/INFO]: [CHAT] If you're new:
[19:16:52] [Client thread/INFO]: [CHAT] ▸ /register <password> <password>
[19:16:52] [Client thread/INFO]: [CHAT]    
[19:16:52] [Client thread/INFO]: [CHAT] If this username is already taken, you'll need to choose a different one.
[19:16:52] [Client thread/INFO]: [CHAT]     
[19:16:52] [Client thread/INFO]: [CHAT] Forgot your password? Request a password recovery on our Discord server.
[19:16:52] [Client thread/INFO]: [CHAT] 
[19:16:52] [Client thread/INFO]: [CHAT]  
[19:16:52] [Client thread/INFO]: [CHAT]  
[19:16:52] [Client thread/INFO]: [CHAT]  
[19:16:52] [Client thread/INFO]: [CHAT]  
[19:16:52] [Client thread/INFO]: [CHAT]  
[19:16:52] [Client thread/INFO]: [CHAT]  
[19:16:52] [Client thread/INFO]: [CHAT] Unable to move! You need to log in or register first.
[19:16:52] [Client thread/INFO]: [CHAT]  
[19:16:52] [Client thread/INFO]: [CHAT] If you're registered:
[19:16:52] [Client thread/INFO]: [CHAT] ▸ /login <password>
[19:16:52] [Client thread/INFO]: [CHAT]   
[19:16:52] [Client thread/INFO]: [CHAT] If you're new:
[19:16:52] [Client thread/INFO]: [CHAT] ▸ /register <password> <password>
[19:16:52] [Client thread/INFO]: [CHAT]    
[19:16:52] [Client thread/INFO]: [CHAT] If this username is already taken, you'll need to choose a different one.
[19:16:52] [Client thread/INFO]: [CHAT]     
[19:16:52] [Client thread/INFO]: [CHAT] Forgot your password? Request a password recovery on our Discord server.
[19:16:52] [Client thread/INFO]: [CHAT] 
[19:16:52] [Client thread/INFO]: [CHAT]  
[19:16:52] [Client thread/INFO]: [CHAT]  
[19:16:52] [Client thread/INFO]: [CHAT]  
[19:16:52] [Client thread/INFO]: [CHAT]  
[19:16:52] [Client thread/INFO]: [CHAT]  
[19:16:52] [Client thread/INFO]: [CHAT]  
[19:16:52] [Client thread/INFO]: [CHAT] Unable to move! You need to log in or register first.
[19:16:52] [Client thread/INFO]: [CHAT]  
[19:16:52] [Client thread/INFO]: [CHAT] If you're registered:
[19:16:52] [Client thread/INFO]: [CHAT] ▸ /login <password>
[19:16:52] [Client thread/INFO]: [CHAT]   
[19:16:52] [Client thread/INFO]: [CHAT] If you're new:
[19:16:52] [Client thread/INFO]: [CHAT] ▸ /register <password> <password>
[19:16:52] [Client thread/INFO]: [CHAT]    
[19:16:52] [Client thread/INFO]: [CHAT] If this username is already taken, you'll need to choose a different one.
[19:16:52] [Client thread/INFO]: [CHAT]     
[19:16:52] [Client thread/INFO]: [CHAT] Forgot your password? Request a password recovery on our Discord server.
[19:17:14] [Client thread/INFO]: [CHAT] Gamster ▸ You have been registered successfully.
[19:17:17] [Client thread/INFO]: [CHAT] >>> ciocoflander connected!
[19:17:17] [Client thread/FATAL]: Error executing task
java.util.concurrent.ExecutionException: java.lang.NullPointerException
	at java.util.concurrent.FutureTask.report(FutureTask.java:122) ~[?:1.8.0_202]
	at java.util.concurrent.FutureTask.get(FutureTask.java:192) ~[?:1.8.0_202]
	at net.minecraft.util.Util.func_181617_a(SourceFile:45) [g.class:?]
	at net.minecraft.client.Minecraft.func_71411_J(Minecraft.java:1014) [ave.class:?]
	at net.minecraft.client.Minecraft.func_99999_d(Minecraft.java:349) [ave.class:?]
	at net.minecraft.client.main.Main.main(SourceFile:124) [Main.class:?]
	at sun.reflect.NativeMethodAccessorImpl.invoke0(Native Method) ~[?:1.8.0_202]
	at sun.reflect.NativeMethodAccessorImpl.invoke(NativeMethodAccessorImpl.java:62) ~[?:1.8.0_202]
	at sun.reflect.DelegatingMethodAccessorImpl.invoke(DelegatingMethodAccessorImpl.java:43) ~[?:1.8.0_202]
	at java.lang.reflect.Method.invoke(Method.java:498) ~[?:1.8.0_202]
	at net.minecraft.launchwrapper.Launch.launch(Launch.java:135) [launchwrapper-1.12.jar:?]
	at net.minecraft.launchwrapper.Launch.main(Launch.java:28) [launchwrapper-1.12.jar:?]
Caused by: java.lang.NullPointerException
	at net.minecraft.scoreboard.Scoreboard.func_96511_d(SourceFile:229) ~[auo.class:?]
	at net.minecraft.client.network.NetHandlerPlayClient.func_147247_a(NetHandlerPlayClient.java:1813) ~[bcy.class:?]
	at net.minecraft.network.play.server.S3EPacketTeams.func_148833_a(SourceFile:113) ~[hr.class:?]
	at net.minecraft.network.play.server.S3EPacketTeams.func_148833_a(SourceFile:13) ~[hr.class:?]
	at net.minecraft.network.PacketThreadUtil$1.run(SourceFile:13) ~[fh$1.class:?]
	at java.util.concurrent.Executors$RunnableAdapter.call(Executors.java:511) ~[?:1.8.0_202]
	at java.util.concurrent.FutureTask.run(FutureTask.java:266) ~[?:1.8.0_202]
	at net.minecraft.util.Util.func_181617_a(SourceFile:44) ~[g.class:?]
	... 9 more
[19:17:17] [Client thread/INFO]: [CHAT] >>> wsmell10 connected!
[19:17:17] [Client thread/FATAL]: Error executing task
java.util.concurrent.ExecutionException: java.lang.NullPointerException
	at java.util.concurrent.FutureTask.report(FutureTask.java:122) ~[?:1.8.0_202]
	at java.util.concurrent.FutureTask.get(FutureTask.java:192) ~[?:1.8.0_202]
	at net.minecraft.util.Util.func_181617_a(SourceFile:45) [g.class:?]
	at net.minecraft.client.Minecraft.func_71411_J(Minecraft.java:1014) [ave.class:?]
	at net.minecraft.client.Minecraft.func_99999_d(Minecraft.java:349) [ave.class:?]
	at net.minecraft.client.main.Main.main(SourceFile:124) [Main.class:?]
	at sun.reflect.NativeMethodAccessorImpl.invoke0(Native Method) ~[?:1.8.0_202]
	at sun.reflect.NativeMethodAccessorImpl.invoke(NativeMethodAccessorImpl.java:62) ~[?:1.8.0_202]
	at sun.reflect.DelegatingMethodAccessorImpl.invoke(DelegatingMethodAccessorImpl.java:43) ~[?:1.8.0_202]
	at java.lang.reflect.Method.invoke(Method.java:498) ~[?:1.8.0_202]
	at net.minecraft.launchwrapper.Launch.launch(Launch.java:135) [launchwrapper-1.12.jar:?]
	at net.minecraft.launchwrapper.Launch.main(Launch.java:28) [launchwrapper-1.12.jar:?]
Caused by: java.lang.NullPointerException
	at net.minecraft.scoreboard.Scoreboard.func_96511_d(SourceFile:229) ~[auo.class:?]
	at net.minecraft.client.network.NetHandlerPlayClient.func_147247_a(NetHandlerPlayClient.java:1813) ~[bcy.class:?]
	at net.minecraft.network.play.server.S3EPacketTeams.func_148833_a(SourceFile:113) ~[hr.class:?]
	at net.minecraft.network.play.server.S3EPacketTeams.func_148833_a(SourceFile:13) ~[hr.class:?]
	at net.minecraft.network.PacketThreadUtil$1.run(SourceFile:13) ~[fh$1.class:?]
	at java.util.concurrent.Executors$RunnableAdapter.call(Executors.java:511) ~[?:1.8.0_202]
	at java.util.concurrent.FutureTask.run(FutureTask.java:266) ~[?:1.8.0_202]
	at net.minecraft.util.Util.func_181617_a(SourceFile:44) ~[g.class:?]
	... 9 more
[19:17:18] [Client thread/INFO]: [CHAT] 
§7§m[---------------------------------------------]
 §r
                      §b§lSQUID WAR EVENT
             §epowered by §d§lGamster.org §b§l[v2.0]
 §r
                     §6§l§oWINNERS: §b§l§oSherryffeq
§r 
§7§m[---------------------------------------------]
 §r
[19:17:18] [Client thread/FATAL]: Error executing task
java.util.concurrent.ExecutionException: java.lang.NullPointerException
	at java.util.concurrent.FutureTask.report(FutureTask.java:122) ~[?:1.8.0_202]
	at java.util.concurrent.FutureTask.get(FutureTask.java:192) ~[?:1.8.0_202]
	at net.minecraft.util.Util.func_181617_a(SourceFile:45) [g.class:?]
	at net.minecraft.client.Minecraft.func_71411_J(Minecraft.java:1014) [ave.class:?]
	at net.minecraft.client.Minecraft.func_99999_d(Minecraft.java:349) [ave.class:?]
	at net.minecraft.client.main.Main.main(SourceFile:124) [Main.class:?]
	at sun.reflect.NativeMethodAccessorImpl.invoke0(Native Method) ~[?:1.8.0_202]
	at sun.reflect.NativeMethodAccessorImpl.invoke(NativeMethodAccessorImpl.java:62) ~[?:1.8.0_202]
	at sun.reflect.DelegatingMethodAccessorImpl.invoke(DelegatingMethodAccessorImpl.java:43) ~[?:1.8.0_202]
	at java.lang.reflect.Method.invoke(Method.java:498) ~[?:1.8.0_202]
	at net.minecraft.launchwrapper.Launch.launch(Launch.java:135) [launchwrapper-1.12.jar:?]
	at net.minecraft.launchwrapper.Launch.main(Launch.java:28) [launchwrapper-1.12.jar:?]
Caused by: java.lang.NullPointerException
	at net.minecraft.scoreboard.Scoreboard.func_96511_d(SourceFile:229) ~[auo.class:?]
	at net.minecraft.client.network.NetHandlerPlayClient.func_147247_a(NetHandlerPlayClient.java:1813) ~[bcy.class:?]
	at net.minecraft.network.play.server.S3EPacketTeams.func_148833_a(SourceFile:113) ~[hr.class:?]
	at net.minecraft.network.play.server.S3EPacketTeams.func_148833_a(SourceFile:13) ~[hr.class:?]
	at net.minecraft.network.PacketThreadUtil$1.run(SourceFile:13) ~[fh$1.class:?]
	at java.util.concurrent.Executors$RunnableAdapter.call(Executors.java:511) ~[?:1.8.0_202]
	at java.util.concurrent.FutureTask.run(FutureTask.java:266) ~[?:1.8.0_202]
	at net.minecraft.util.Util.func_181617_a(SourceFile:44) ~[g.class:?]
	... 9 more
[19:17:21] [Client thread/FATAL]: Error executing task
java.util.concurrent.ExecutionException: java.lang.NullPointerException
	at java.util.concurrent.FutureTask.report(FutureTask.java:122) ~[?:1.8.0_202]
	at java.util.concurrent.FutureTask.get(FutureTask.java:192) ~[?:1.8.0_202]
	at net.minecraft.util.Util.func_181617_a(SourceFile:45) [g.class:?]
	at net.minecraft.client.Minecraft.func_71411_J(Minecraft.java:1014) [ave.class:?]
	at net.minecraft.client.Minecraft.func_99999_d(Minecraft.java:349) [ave.class:?]
	at net.minecraft.client.main.Main.main(SourceFile:124) [Main.class:?]
	at sun.reflect.NativeMethodAccessorImpl.invoke0(Native Method) ~[?:1.8.0_202]
	at sun.reflect.NativeMethodAccessorImpl.invoke(NativeMethodAccessorImpl.java:62) ~[?:1.8.0_202]
	at sun.reflect.DelegatingMethodAccessorImpl.invoke(DelegatingMethodAccessorImpl.java:43) ~[?:1.8.0_202]
	at java.lang.reflect.Method.invoke(Method.java:498) ~[?:1.8.0_202]
	at net.minecraft.launchwrapper.Launch.launch(Launch.java:135) [launchwrapper-1.12.jar:?]
	at net.minecraft.launchwrapper.Launch.main(Launch.java:28) [launchwrapper-1.12.jar:?]
Caused by: java.lang.NullPointerException
	at net.minecraft.scoreboard.Scoreboard.func_96511_d(SourceFile:229) ~[auo.class:?]
	at net.minecraft.client.network.NetHandlerPlayClient.func_147247_a(NetHandlerPlayClient.java:1813) ~[bcy.class:?]
	at net.minecraft.network.play.server.S3EPacketTeams.func_148833_a(SourceFile:113) ~[hr.class:?]
	at net.minecraft.network.play.server.S3EPacketTeams.func_148833_a(SourceFile:13) ~[hr.class:?]
	at net.minecraft.network.PacketThreadUtil$1.run(SourceFile:13) ~[fh$1.class:?]
	at java.util.concurrent.Executors$RunnableAdapter.call(Executors.java:511) ~[?:1.8.0_202]
	at java.util.concurrent.FutureTask.run(FutureTask.java:266) ~[?:1.8.0_202]
	at net.minecraft.util.Util.func_181617_a(SourceFile:44) ~[g.class:?]
	... 9 more
[19:17:23] [Client thread/FATAL]: Error executing task
java.util.concurrent.ExecutionException: java.lang.NullPointerException
	at java.util.concurrent.FutureTask.report(FutureTask.java:122) ~[?:1.8.0_202]
	at java.util.concurrent.FutureTask.get(FutureTask.java:192) ~[?:1.8.0_202]
	at net.minecraft.util.Util.func_181617_a(SourceFile:45) [g.class:?]
	at net.minecraft.client.Minecraft.func_71411_J(Minecraft.java:1014) [ave.class:?]
	at net.minecraft.client.Minecraft.func_99999_d(Minecraft.java:349) [ave.class:?]
	at net.minecraft.client.main.Main.main(SourceFile:124) [Main.class:?]
	at sun.reflect.NativeMethodAccessorImpl.invoke0(Native Method) ~[?:1.8.0_202]
	at sun.reflect.NativeMethodAccessorImpl.invoke(NativeMethodAccessorImpl.java:62) ~[?:1.8.0_202]
	at sun.reflect.DelegatingMethodAccessorImpl.invoke(DelegatingMethodAccessorImpl.java:43) ~[?:1.8.0_202]
	at java.lang.reflect.Method.invoke(Method.java:498) ~[?:1.8.0_202]
	at net.minecraft.launchwrapper.Launch.launch(Launch.java:135) [launchwrapper-1.12.jar:?]
	at net.minecraft.launchwrapper.Launch.main(Launch.java:28) [launchwrapper-1.12.jar:?]
Caused by: java.lang.NullPointerException
	at net.minecraft.scoreboard.Scoreboard.func_96511_d(SourceFile:229) ~[auo.class:?]
	at net.minecraft.client.network.NetHandlerPlayClient.func_147247_a(NetHandlerPlayClient.java:1813) ~[bcy.class:?]
	at net.minecraft.network.play.server.S3EPacketTeams.func_148833_a(SourceFile:113) ~[hr.class:?]
	at net.minecraft.network.play.server.S3EPacketTeams.func_148833_a(SourceFile:13) ~[hr.class:?]
	at net.minecraft.network.PacketThreadUtil$1.run(SourceFile:13) ~[fh$1.class:?]
	at java.util.concurrent.Executors$RunnableAdapter.call(Executors.java:511) ~[?:1.8.0_202]
	at java.util.concurrent.FutureTask.run(FutureTask.java:266) ~[?:1.8.0_202]
	at net.minecraft.util.Util.func_181617_a(SourceFile:44) ~[g.class:?]
	... 9 more
[19:17:53] [Client thread/INFO]: [CHAT] Gamster ▸ You are already logged in!
[19:18:00] [Client thread/INFO]: [FileManager] Saved config: modules.json.
[19:18:08] [Client thread/INFO]: [FileManager] Saved config: values.json.
[19:18:08] [Client thread/INFO]: [CHAT] Gamster ▸ You have already registered!
[19:18:18] [Client thread/INFO]: [FileManager] Saved config: clickgui.json.
[19:18:20] [Client thread/INFO]: Applying holder lookups
[19:18:20] [Client thread/INFO]: Holder lookups applied
[19:18:22] [Netty Client IO #5/INFO]: Attempting connection with missing mods [mcp, FML, Forge, foamfixcore, configurationsbackport, foamfix, nothirium, phosphor-lighting, renderlib] at SERVER
[19:18:22] [Netty Client IO #7/INFO]: Attempting connection with missing mods [mcp, FML, Forge, foamfixcore, configurationsbackport, foamfix, nothirium, phosphor-lighting, renderlib] at SERVER
[19:18:22] [Netty Client IO #6/INFO]: Attempting connection with missing mods [mcp, FML, Forge, foamfixcore, configurationsbackport, foamfix, nothirium, phosphor-lighting, renderlib] at SERVER
[19:18:22] [Netty Client IO #1/INFO]: Attempting connection with missing mods [mcp, FML, Forge, foamfixcore, configurationsbackport, foamfix, nothirium, phosphor-lighting, renderlib] at SERVER
[19:18:24] [Netty Client IO #7/INFO]: Attempting connection with missing mods [mcp, FML, Forge, foamfixcore, configurationsbackport, foamfix, nothirium, phosphor-lighting, renderlib] at SERVER
[19:18:25] [Netty Client IO #4/INFO]: Attempting connection with missing mods [mcp, FML, Forge, foamfixcore, configurationsbackport, foamfix, nothirium, phosphor-lighting, renderlib] at SERVER
[19:18:25] [Netty Client IO #5/INFO]: Attempting connection with missing mods [mcp, FML, Forge, foamfixcore, configurationsbackport, foamfix, nothirium, phosphor-lighting, renderlib] at SERVER
[19:18:25] [Netty Client IO #3/INFO]: Attempting connection with missing mods [mcp, FML, Forge, foamfixcore, configurationsbackport, foamfix, nothirium, phosphor-lighting, renderlib] at SERVER
[19:18:26] [Netty Client IO #6/INFO]: Attempting connection with missing mods [mcp, FML, Forge, foamfixcore, configurationsbackport, foamfix, nothirium, phosphor-lighting, renderlib] at SERVER
[19:18:27] [Client thread/INFO]: Connecting to traffic.pika.host., 25565
[19:18:27] [Netty Client IO #7/INFO]: Attempting connection with missing mods [mcp, FML, Forge, foamfixcore, configurationsbackport, foamfix, nothirium, phosphor-lighting, renderlib] at SERVER
[19:18:30] [Client thread/INFO]: [CHAT] PikaNetwork » Successful login!
[19:18:33] [Client thread/INFO]: [CHAT] 
[19:18:33] [Client thread/INFO]: [CHAT] 
[19:18:33] [Client thread/INFO]: [CHAT]                     §e§lWelcome to PikaNetwork
[19:18:33] [Client thread/INFO]: [CHAT]            §7Currently playing with §b2742 §7other players!
[19:18:33] [Client thread/INFO]: [CHAT] 
[19:18:33] [Client thread/INFO]: [CHAT]                   §fMore §e§lPika§c§lNetwork§f? Click below!
[19:18:33] [Client thread/INFO]: [CHAT]         SITE §7- STORE §7- VOTE §7- DISCORD §7- RULES 
[19:18:33] [Client thread/INFO]: [CHAT]           TIKTOK §7- YOUTUBE §7- INSTA §7- TWITTER 
[19:18:33] [Client thread/INFO]: [CHAT] 
[19:18:33] [Client thread/INFO]: [CHAT]                 §fBuy §6Gold§f, §aRanks§f, and much §dmore
[19:18:33] [Client thread/INFO]: [CHAT]                    §f at §cstore.pika-network.net
[19:18:33] [Client thread/INFO]: [CHAT] 
[19:18:40] [Client thread/INFO]: [FileManager] Saved config: modules.json.
[19:18:44] [Client thread/INFO]: [CHAT] <Silver> FlamingRoserade ► bf
[19:18:57] [Client thread/INFO]: [FileManager] Saved config: values.json.
[19:18:59] [Client thread/INFO]: [CHAT] ☄ Warrior RORD ► gg
[19:19:01] [Client thread/INFO]: [FileManager] Saved config: modules.json.
[19:19:01] [Client thread/INFO]: [FileManager] Saved config: clickgui.json.
[19:19:02] [Client thread/INFO]: [CHAT] Practice ▏ Please slow down!
[19:19:03] [Client thread/INFO]: [CHAT] Practice ▏ Successfully added you to unranked BedFight queue.
[19:19:04] [Client thread/INFO]: [FileManager] Saved config: modules.json.
[19:19:07] [Client thread/INFO]: [FileManager] Saved config: clickgui.json.
[19:19:09] [Client thread/INFO]: [CHAT] 
[19:19:09] [Client thread/INFO]: [CHAT] ▬▬▬▬▬▬▬▬▬▬▬▬▬▬▬▬▬▬▬▬▬▬▬▬▬▬▬▬▬▬▬▬▬▬▬▬▬▬▬▬▬▬▬▬▬▬▬▬▬▬▬▬▬▬▬▬▬▬▬▬▬▬▬▬▬▬▬▬▬
[19:19:10] [Client thread/INFO]: [CHAT] 
[19:19:10] [Client thread/INFO]: [CHAT]                              MATCH START!
[19:19:10] [Client thread/INFO]: [CHAT] 
[19:19:10] [Client thread/INFO]: [CHAT]                     ItzRealTuntun VS Ea5y4T04d
[19:19:10] [Client thread/INFO]: [CHAT]                               Mode: BedFight
[19:19:10] [Client thread/INFO]: [CHAT] 
[19:19:10] [Client thread/INFO]: [CHAT] ▬▬▬▬▬▬▬▬▬▬▬▬▬▬▬▬▬▬▬▬▬▬▬▬▬▬▬▬▬▬▬▬▬▬▬▬▬▬▬▬▬▬▬▬▬▬▬▬▬▬▬▬▬▬▬▬▬▬▬▬▬▬▬▬▬▬▬▬▬
[19:19:10] [Client thread/INFO]: [CHAT] 
[19:19:10] [Client thread/INFO]: [CHAT] Game starts in 5...
[19:19:10] [Client thread/INFO]: [CHAT] Game starts in 4...
[19:19:10] [Client thread/INFO]: [CHAT] Game starts in 3...
[19:19:10] [Client thread/INFO]: [FileManager] Saved config: modules.json.
[19:19:11] [Client thread/INFO]: [CHAT] Game starts in 2...
[19:19:12] [Client thread/INFO]: [CHAT] Game starts in 1...
[19:19:12] [Client thread/INFO]: [FileManager] Saved config: values.json.
[19:19:13] [Client thread/INFO]: [FileManager] Saved config: clickgui.json.
[19:19:23] [Client thread/INFO]: [CHAT] ItzRealTuntun was killed by Ea5y4T04d
[19:19:30] [Client thread/INFO]: [FileManager] Saved config: modules.json.
[19:19:31] [Client thread/INFO]: [CHAT] Ea5y4T04d was killed by ItzRealTuntun
[19:19:31] [Client thread/INFO]: [FileManager] Saved config: modules.json.
[19:19:45] [Client thread/INFO]: [CHAT] Ea5y4T04d fell into the void
[19:19:45] [Client thread/INFO]: [FileManager] Saved config: modules.json.
[19:19:48] [Client thread/INFO]: [CHAT] ItzRealTuntun fell into the void
[19:19:51] [Client thread/INFO]: [FileManager] Saved config: values.json.
[19:19:52] [Client thread/INFO]: [FileManager] Saved config: clickgui.json.
[19:19:59] [Client thread/INFO]: [FileManager] Saved config: modules.json.
[19:20:00] [Client thread/INFO]: [FileManager] Saved config: clickgui.json.
[19:20:06] [Client thread/INFO]: [CHAT] Ea5y4T04d fell into the void
[19:20:13] [DefaultDispatcher-worker-4/ERROR]: Failed to refresh cape carriers due to error.
java.net.SocketTimeoutException: timeout
	at okio.SocketAsyncTimeout.newTimeoutException(JvmOkio.kt:146) ~[SocketAsyncTimeout.class:?]
	at okio.AsyncTimeout.access$newTimeoutException(AsyncTimeout.kt:186) ~[AsyncTimeout.class:?]
	at okio.AsyncTimeout$source$1.read(AsyncTimeout.kt:390) ~[AsyncTimeout$source$1.class:?]
	at okio.RealBufferedSource.indexOf(RealBufferedSource.kt:434) ~[RealBufferedSource.class:?]
	at okio.RealBufferedSource.readUtf8LineStrict(RealBufferedSource.kt:327) ~[RealBufferedSource.class:?]
	at okhttp3.internal.http1.HeadersReader.readLine(HeadersReader.kt:29) ~[HeadersReader.class:?]
	at okhttp3.internal.http1.Http1ExchangeCodec.readResponseHeaders(Http1ExchangeCodec.kt:188) ~[Http1ExchangeCodec.class:?]
	at okhttp3.internal.connection.Exchange.readResponseHeaders(Exchange.kt:114) ~[Exchange.class:?]
	at okhttp3.internal.http.CallServerInterceptor.intercept(CallServerInterceptor.kt:93) ~[CallServerInterceptor.class:?]
	at okhttp3.internal.http.RealInterceptorChain.proceed(RealInterceptorChain.kt:126) ~[RealInterceptorChain.class:?]
	at okhttp3.internal.connection.ConnectInterceptor.intercept(ConnectInterceptor.kt:34) ~[ConnectInterceptor.class:?]
	at okhttp3.internal.http.RealInterceptorChain.proceed(RealInterceptorChain.kt:126) ~[RealInterceptorChain.class:?]
	at okhttp3.internal.cache.CacheInterceptor.intercept(CacheInterceptor.kt:95) ~[CacheInterceptor.class:?]
	at okhttp3.internal.http.RealInterceptorChain.proceed(RealInterceptorChain.kt:126) ~[RealInterceptorChain.class:?]
	at okhttp3.internal.http.BridgeInterceptor.intercept(BridgeInterceptor.kt:83) ~[BridgeInterceptor.class:?]
	at okhttp3.internal.http.RealInterceptorChain.proceed(RealInterceptorChain.kt:126) ~[RealInterceptorChain.class:?]
	at okhttp3.internal.http.RetryAndFollowUpInterceptor.intercept(RetryAndFollowUpInterceptor.kt:72) ~[RetryAndFollowUpInterceptor.class:?]
	at okhttp3.internal.http.RealInterceptorChain.proceed(RealInterceptorChain.kt:126) ~[RealInterceptorChain.class:?]
	at okhttp3.internal.connection.RealCall.getResponseWithInterceptorChain$okhttp(RealCall.kt:203) ~[RealCall.class:?]
	at okhttp3.internal.connection.RealCall.execute(RealCall.kt:155) ~[RealCall.class:?]
	at net.ccbluex.liquidbounce.utils.io.HttpUtilsKt.get(HttpUtils.kt:53) ~[HttpUtilsKt.class:?]
	at net.ccbluex.liquidbounce.cape.CapeService$refreshCapeCarriers$1.invokeSuspend(CapeService.kt:83) [CapeService$refreshCapeCarriers$1.class:?]
	at kotlin.coroutines.jvm.internal.BaseContinuationImpl.resumeWith(ContinuationImpl.kt:33) [BaseContinuationImpl.class:?]
	at kotlinx.coroutines.DispatchedTask.run(DispatchedTask.kt:100) [DispatchedTask.class:?]
	at kotlinx.coroutines.internal.LimitedDispatcher$Worker.run(LimitedDispatcher.kt:113) [LimitedDispatcher$Worker.class:?]
	at kotlinx.coroutines.scheduling.TaskImpl.run(Tasks.kt:89) [TaskImpl.class:?]
	at kotlinx.coroutines.scheduling.CoroutineScheduler.runSafely(CoroutineScheduler.kt:586) [CoroutineScheduler.class:?]
	at kotlinx.coroutines.scheduling.CoroutineScheduler$Worker.executeTask(CoroutineScheduler.kt:820) [CoroutineScheduler$Worker.class:?]
	at kotlinx.coroutines.scheduling.CoroutineScheduler$Worker.runWorker(CoroutineScheduler.kt:717) [CoroutineScheduler$Worker.class:?]
	at kotlinx.coroutines.scheduling.CoroutineScheduler$Worker.run(CoroutineScheduler.kt:704) [CoroutineScheduler$Worker.class:?]
Caused by: java.net.SocketException: Socket closed
	at java.net.SocketInputStream.read(SocketInputStream.java:204) ~[?:1.8.0_202]
	at java.net.SocketInputStream.read(SocketInputStream.java:141) ~[?:1.8.0_202]
	at okio.InputStreamSource.read(JvmOkio.kt:93) ~[InputStreamSource.class:?]
	at okio.AsyncTimeout$source$1.read(AsyncTimeout.kt:153) ~[AsyncTimeout$source$1.class:?]
	... 27 more
[19:20:18] [Client thread/INFO]: [CHAT] ItzRealTuntun fell into the void
[19:20:37] [Client thread/INFO]: [CHAT] Team Blue's Bed was broken by Ea5y4T04d
[19:20:47] [Client thread/INFO]: [CHAT] Team Red's Bed was broken by ItzRealTuntun
[19:21:03] [Client thread/INFO]: [CHAT] 
§9§l  Join our Discord Server
 §fChat with players, read announcements and join giveaways!
 §e§lClick here: §e§nhttps://pika-network.net/discord

[19:21:05] [Client thread/INFO]: [CHAT] §e§l»§c§l»§f Do not change your minecraft name§f, we §cdo not§f support it!
[19:21:07] [Client thread/INFO]: [CHAT] Ea5y4T04d was eliminated by ItzRealTuntun
[19:21:07] [Client thread/INFO]: [CHAT] 
[19:21:07] [Client thread/INFO]: [CHAT] ▬▬▬▬▬▬▬▬▬▬▬▬▬▬▬▬▬▬▬▬▬▬▬▬▬▬▬▬▬▬▬▬▬▬▬▬▬▬▬▬▬▬▬▬▬▬▬▬▬▬▬▬▬▬▬▬▬▬▬▬▬▬▬▬▬▬▬▬▬
[19:21:07] [Client thread/INFO]: [CHAT] 
[19:21:07] [Client thread/INFO]: [CHAT]                               MATCH OVER!
[19:21:07] [Client thread/INFO]: [CHAT] 
[19:21:07] [Client thread/INFO]: [CHAT]                ItzRealTuntun 18❤ ▏ 0❤ Ea5y4T04d
[19:21:07] [Client thread/INFO]: [CHAT]                              WINNER!   LOSER! 
[19:21:07] [Client thread/INFO]: [CHAT] §r
                       §e[View recap] §b[Rematch]   

[19:21:07] [Client thread/INFO]: [CHAT] ▬▬▬▬▬▬▬▬▬▬▬▬▬▬▬▬▬▬▬▬▬▬▬▬▬▬▬▬▬▬▬▬▬▬▬▬▬▬▬▬▬▬▬▬▬▬▬▬▬▬▬▬▬▬▬▬▬▬▬▬▬▬▬▬▬▬▬▬▬
[19:21:07] [Client thread/INFO]: [CHAT] 
[19:21:09] [Client thread/INFO]: [CHAT] You are already trying to connect to a server!
[19:21:12] [Client thread/INFO]: [CHAT] Practice ▏ Successfully left the queue.
[19:21:15] [Client thread/INFO]: [CHAT] 
[19:21:15] [Client thread/INFO]: [CHAT] ▬▬▬▬▬▬▬▬▬▬▬▬▬▬▬▬▬▬▬▬▬▬▬▬▬▬▬▬▬▬▬▬▬▬▬▬▬▬▬▬▬▬▬▬▬▬▬▬▬▬▬▬▬▬▬▬▬▬▬▬▬▬▬▬▬▬▬▬▬
[19:21:15] [Client thread/INFO]: [CHAT] 
[19:21:15] [Client thread/INFO]: [CHAT]                              MATCH START!
[19:21:15] [Client thread/INFO]: [CHAT] 
[19:21:15] [Client thread/INFO]: [CHAT]                         Ea5y4T04d VS Squeaky_Squid
[19:21:15] [Client thread/INFO]: [CHAT]                               Mode: BedFight
[19:21:15] [Client thread/INFO]: [CHAT] 
[19:21:15] [Client thread/INFO]: [CHAT] ▬▬▬▬▬▬▬▬▬▬▬▬▬▬▬▬▬▬▬▬▬▬▬▬▬▬▬▬▬▬▬▬▬▬▬▬▬▬▬▬▬▬▬▬▬▬▬▬▬▬▬▬▬▬▬▬▬▬▬▬▬▬▬▬▬▬▬▬▬
[19:21:15] [Client thread/INFO]: [CHAT] 
[19:21:15] [Client thread/INFO]: [CHAT] Game starts in 5...
[19:21:15] [Client thread/INFO]: [CHAT] Game starts in 4...
[19:21:15] [Client thread/INFO]: [CHAT] Game starts in 3...
[19:21:15] [Client thread/INFO]: [FileManager] Saved config: modules.json.
[19:21:16] [Client thread/INFO]: [CHAT] Game starts in 2...
[19:21:17] [Client thread/INFO]: [CHAT] Game starts in 1...
[19:21:19] [Client thread/INFO]: [FileManager] Saved config: clickgui.json.
[19:21:29] [Client thread/INFO]: [CHAT] Ea5y4T04d was thrown into the void by Squeaky_Squid
[19:21:35] [Client thread/INFO]: [CHAT] Squeaky_Squid was killed by Ea5y4T04d
[19:21:49] [Client thread/INFO]: [CHAT] Ea5y4T04d was killed by Squeaky_Squid
[19:21:57] [Client thread/INFO]: [CHAT] Squeaky_Squid was thrown into the void by Ea5y4T04d
[19:22:13] [Client thread/INFO]: [CHAT] Ea5y4T04d was thrown into the void by Squeaky_Squid
[19:22:27] [Client thread/INFO]: [CHAT] You've reached the build limit!
[19:22:27] [Client thread/INFO]: [CHAT] You've reached the build limit!
[19:22:34] [Client thread/INFO]: [CHAT] Ea5y4T04d was killed by Squeaky_Squid
[19:22:39] [Client thread/INFO]: [CHAT] Team Red's Bed was broken by Squeaky_Squid
[19:22:43] [Client thread/INFO]: [CHAT] Squeaky_Squid was killed by Ea5y4T04d
[19:22:52] [Client thread/INFO]: [CHAT] Ea5y4T04d was eliminated by Squeaky_Squid
[19:22:52] [Client thread/INFO]: [CHAT] 
[19:22:52] [Client thread/INFO]: [CHAT] ▬▬▬▬▬▬▬▬▬▬▬▬▬▬▬▬▬▬▬▬▬▬▬▬▬▬▬▬▬▬▬▬▬▬▬▬▬▬▬▬▬▬▬▬▬▬▬▬▬▬▬▬▬▬▬▬▬▬▬▬▬▬▬▬▬▬▬▬▬
[19:22:52] [Client thread/INFO]: [CHAT] 
[19:22:52] [Client thread/INFO]: [CHAT]                               MATCH OVER!
[19:22:52] [Client thread/INFO]: [CHAT] 
[19:22:52] [Client thread/INFO]: [CHAT]                      Ea5y4T04d 0❤ ▏ 20❤ Squeaky_Squid
[19:22:52] [Client thread/INFO]: [CHAT]                               LOSER!   WINNER!
[19:22:52] [Client thread/INFO]: [CHAT] §r
                       §e[View recap] §b[Rematch]   

[19:22:52] [Client thread/INFO]: [CHAT] ▬▬▬▬▬▬▬▬▬▬▬▬▬▬▬▬▬▬▬▬▬▬▬▬▬▬▬▬▬▬▬▬▬▬▬▬▬▬▬▬▬▬▬▬▬▬▬▬▬▬▬▬▬▬▬▬▬▬▬▬▬▬▬▬▬▬▬▬▬
[19:22:52] [Client thread/INFO]: [CHAT] 
[19:22:55] [Client thread/INFO]: Applying holder lookups
[19:22:55] [Client thread/INFO]: Holder lookups applied
[19:22:57] [Netty Client IO #2/INFO]: Attempting connection with missing mods [mcp, FML, Forge, foamfixcore, configurationsbackport, foamfix, nothirium, phosphor-lighting, renderlib] at SERVER
[19:22:57] [Netty Client IO #3/INFO]: Attempting connection with missing mods [mcp, FML, Forge, foamfixcore, configurationsbackport, foamfix, nothirium, phosphor-lighting, renderlib] at SERVER
[19:22:57] [Netty Client IO #4/INFO]: Attempting connection with missing mods [mcp, FML, Forge, foamfixcore, configurationsbackport, foamfix, nothirium, phosphor-lighting, renderlib] at SERVER
[19:22:57] [Netty Client IO #5/INFO]: Attempting connection with missing mods [mcp, FML, Forge, foamfixcore, configurationsbackport, foamfix, nothirium, phosphor-lighting, renderlib] at SERVER
[19:22:58] [Netty Client IO #5/INFO]: Attempting connection with missing mods [mcp, FML, Forge, foamfixcore, configurationsbackport, foamfix, nothirium, phosphor-lighting, renderlib] at SERVER
[19:22:58] [Netty Client IO #7/INFO]: Attempting connection with missing mods [mcp, FML, Forge, foamfixcore, configurationsbackport, foamfix, nothirium, phosphor-lighting, renderlib] at SERVER
[19:22:58] [Netty Client IO #2/INFO]: Attempting connection with missing mods [mcp, FML, Forge, foamfixcore, configurationsbackport, foamfix, nothirium, phosphor-lighting, renderlib] at SERVER
[19:22:58] [Netty Client IO #3/INFO]: Attempting connection with missing mods [mcp, FML, Forge, foamfixcore, configurationsbackport, foamfix, nothirium, phosphor-lighting, renderlib] at SERVER
[19:24:22] [Client thread/INFO]: Connecting to traffic.pika.host., 25565
[19:24:26] [Client thread/INFO]: Applying holder lookups
[19:24:26] [Client thread/INFO]: Holder lookups applied
[19:24:27] [Netty Client IO #1/INFO]: Attempting connection with missing mods [mcp, FML, Forge, foamfixcore, configurationsbackport, foamfix, nothirium, phosphor-lighting, renderlib] at SERVER
[19:24:27] [Netty Client IO #6/INFO]: Attempting connection with missing mods [mcp, FML, Forge, foamfixcore, configurationsbackport, foamfix, nothirium, phosphor-lighting, renderlib] at SERVER
[19:24:28] [Netty Client IO #3/INFO]: Attempting connection with missing mods [mcp, FML, Forge, foamfixcore, configurationsbackport, foamfix, nothirium, phosphor-lighting, renderlib] at SERVER
[19:24:29] [Netty Client IO #1/INFO]: Attempting connection with missing mods [mcp, FML, Forge, foamfixcore, configurationsbackport, foamfix, nothirium, phosphor-lighting, renderlib] at SERVER
[19:24:30] [Netty Client IO #4/INFO]: Attempting connection with missing mods [mcp, FML, Forge, foamfixcore, configurationsbackport, foamfix, nothirium, phosphor-lighting, renderlib] at SERVER
[19:24:31] [Client thread/INFO]: Connecting to traffic.pika.host., 25565
[19:24:34] [Client thread/INFO]: [CHAT] PikaNetwork » Successful login!
[19:24:37] [Client thread/INFO]: [CHAT] 
[19:24:37] [Client thread/INFO]: [CHAT] 
[19:24:37] [Client thread/INFO]: [CHAT]                     §e§lWelcome to PikaNetwork
[19:24:37] [Client thread/INFO]: [CHAT]            §7Currently playing with §b2754 §7other players!
[19:24:37] [Client thread/INFO]: [CHAT] 
[19:24:37] [Client thread/INFO]: [CHAT]                   §fMore §e§lPika§c§lNetwork§f? Click below!
[19:24:37] [Client thread/INFO]: [CHAT]         SITE §7- STORE §7- VOTE §7- DISCORD §7- RULES 
[19:24:37] [Client thread/INFO]: [CHAT]           TIKTOK §7- YOUTUBE §7- INSTA §7- TWITTER 
[19:24:37] [Client thread/INFO]: [CHAT] 
[19:24:37] [Client thread/INFO]: [CHAT]                 §fBuy §6Gold§f, §aRanks§f, and much §dmore
[19:24:37] [Client thread/INFO]: [CHAT]                    §f at §cstore.pika-network.net
[19:24:37] [Client thread/INFO]: [CHAT] 
[19:24:39] [Client thread/INFO]: [FileManager] Saved config: modules.json.
[19:25:23] [Client thread/INFO]: [FileManager] Saved config: values.json.
[19:25:26] [Client thread/INFO]: [FileManager] Saved config: clickgui.json.
[19:25:28] [DefaultDispatcher-worker-4/ERROR]: Failed to refresh cape carriers due to error.
java.net.SocketTimeoutException: timeout
	at okio.SocketAsyncTimeout.newTimeoutException(JvmOkio.kt:146) ~[SocketAsyncTimeout.class:?]
	at okio.AsyncTimeout.access$newTimeoutException(AsyncTimeout.kt:186) ~[AsyncTimeout.class:?]
	at okio.AsyncTimeout$source$1.read(AsyncTimeout.kt:390) ~[AsyncTimeout$source$1.class:?]
	at okio.RealBufferedSource.indexOf(RealBufferedSource.kt:434) ~[RealBufferedSource.class:?]
	at okio.RealBufferedSource.readUtf8LineStrict(RealBufferedSource.kt:327) ~[RealBufferedSource.class:?]
	at okhttp3.internal.http1.HeadersReader.readLine(HeadersReader.kt:29) ~[HeadersReader.class:?]
	at okhttp3.internal.http1.Http1ExchangeCodec.readResponseHeaders(Http1ExchangeCodec.kt:188) ~[Http1ExchangeCodec.class:?]
	at okhttp3.internal.connection.Exchange.readResponseHeaders(Exchange.kt:114) ~[Exchange.class:?]
	at okhttp3.internal.http.CallServerInterceptor.intercept(CallServerInterceptor.kt:93) ~[CallServerInterceptor.class:?]
	at okhttp3.internal.http.RealInterceptorChain.proceed(RealInterceptorChain.kt:126) ~[RealInterceptorChain.class:?]
	at okhttp3.internal.connection.ConnectInterceptor.intercept(ConnectInterceptor.kt:34) ~[ConnectInterceptor.class:?]
	at okhttp3.internal.http.RealInterceptorChain.proceed(RealInterceptorChain.kt:126) ~[RealInterceptorChain.class:?]
	at okhttp3.internal.cache.CacheInterceptor.intercept(CacheInterceptor.kt:95) ~[CacheInterceptor.class:?]
	at okhttp3.internal.http.RealInterceptorChain.proceed(RealInterceptorChain.kt:126) ~[RealInterceptorChain.class:?]
	at okhttp3.internal.http.BridgeInterceptor.intercept(BridgeInterceptor.kt:83) ~[BridgeInterceptor.class:?]
	at okhttp3.internal.http.RealInterceptorChain.proceed(RealInterceptorChain.kt:126) ~[RealInterceptorChain.class:?]
	at okhttp3.internal.http.RetryAndFollowUpInterceptor.intercept(RetryAndFollowUpInterceptor.kt:72) ~[RetryAndFollowUpInterceptor.class:?]
	at okhttp3.internal.http.RealInterceptorChain.proceed(RealInterceptorChain.kt:126) ~[RealInterceptorChain.class:?]
	at okhttp3.internal.connection.RealCall.getResponseWithInterceptorChain$okhttp(RealCall.kt:203) ~[RealCall.class:?]
	at okhttp3.internal.connection.RealCall.execute(RealCall.kt:155) ~[RealCall.class:?]
	at net.ccbluex.liquidbounce.utils.io.HttpUtilsKt.get(HttpUtils.kt:53) ~[HttpUtilsKt.class:?]
	at net.ccbluex.liquidbounce.cape.CapeService$refreshCapeCarriers$1.invokeSuspend(CapeService.kt:83) [CapeService$refreshCapeCarriers$1.class:?]
	at kotlin.coroutines.jvm.internal.BaseContinuationImpl.resumeWith(ContinuationImpl.kt:33) [BaseContinuationImpl.class:?]
	at kotlinx.coroutines.DispatchedTask.run(DispatchedTask.kt:100) [DispatchedTask.class:?]
	at kotlinx.coroutines.internal.LimitedDispatcher$Worker.run(LimitedDispatcher.kt:113) [LimitedDispatcher$Worker.class:?]
	at kotlinx.coroutines.scheduling.TaskImpl.run(Tasks.kt:89) [TaskImpl.class:?]
	at kotlinx.coroutines.scheduling.CoroutineScheduler.runSafely(CoroutineScheduler.kt:586) [CoroutineScheduler.class:?]
	at kotlinx.coroutines.scheduling.CoroutineScheduler$Worker.executeTask(CoroutineScheduler.kt:820) [CoroutineScheduler$Worker.class:?]
	at kotlinx.coroutines.scheduling.CoroutineScheduler$Worker.runWorker(CoroutineScheduler.kt:717) [CoroutineScheduler$Worker.class:?]
	at kotlinx.coroutines.scheduling.CoroutineScheduler$Worker.run(CoroutineScheduler.kt:704) [CoroutineScheduler$Worker.class:?]
Caused by: java.net.SocketException: Socket closed
	at java.net.SocketInputStream.read(SocketInputStream.java:204) ~[?:1.8.0_202]
	at java.net.SocketInputStream.read(SocketInputStream.java:141) ~[?:1.8.0_202]
	at okio.InputStreamSource.read(JvmOkio.kt:93) ~[InputStreamSource.class:?]
	at okio.AsyncTimeout$source$1.read(AsyncTimeout.kt:153) ~[AsyncTimeout$source$1.class:?]
	... 27 more
[19:25:39] [Client thread/INFO]: [FileManager] Saved config: modules.json.
[19:25:46] [Client thread/INFO]: [FileManager] Saved config: values.json.
[19:25:52] [Client thread/INFO]: [FileManager] Saved config: values.json.
[19:25:53] [Client thread/INFO]: [FileManager] Saved config: values.json.
[19:25:54] [Client thread/INFO]: [FileManager] Saved config: values.json.
[19:25:56] [Client thread/INFO]: [FileManager] Saved config: clickgui.json.
[19:26:02] [Client thread/INFO]: [CHAT] batore ► ALGUM BRASILEIRO?
[19:26:04] [Client thread/INFO]: [CHAT] TheFk_u ► bru
[19:26:08] [Client thread/INFO]: [CHAT] TheFk_u ► joinnnnnn
[19:26:09] [Client thread/INFO]: [CHAT] Practice ▏ Successfully added you to unranked Boxing queue.
[19:26:13] [Client thread/INFO]: [CHAT] bqsk ► Queue bridge
[19:26:15] [Client thread/INFO]: [CHAT] TriggerBleed ► GG
[19:26:15] [Client thread/INFO]: [CHAT] FelineNag ► q boxing guys
[19:26:16] [Client thread/INFO]: [CHAT] BuildUHC Novice V optyz ► I cant accept it
[19:26:24] [Client thread/INFO]: [CHAT] FelineNag ► boxing q
[19:26:28] [Client thread/INFO]: [CHAT] BuildUHC Novice V optyz ► I am not sure why
[19:26:32] [Client thread/INFO]: [CHAT] TheFk_u ► bro do /party accept
[19:26:45] [Client thread/INFO]: [CHAT] FelineNag ► q boxing guys
[19:26:55] [Client thread/INFO]: [CHAT] §e§l»§c§l»§f You may only speak §bEnglish§f in the public chat§f!
[19:26:57] [Client thread/INFO]: [CHAT] TheFk_u ► good
[19:26:59] [Client thread/INFO]: [CHAT] 
[19:26:59] [Client thread/INFO]: [CHAT] ▬▬▬▬▬▬▬▬▬▬▬▬▬▬▬▬▬▬▬▬▬▬▬▬▬▬▬▬▬▬▬▬▬▬▬▬▬▬▬▬▬▬▬▬▬▬▬▬▬▬▬▬▬▬▬▬▬▬▬▬▬▬▬▬▬▬▬▬▬
[19:26:59] [Client thread/INFO]: [CHAT] 
[19:26:59] [Client thread/INFO]: [CHAT]                              MATCH START!
[19:26:59] [Client thread/INFO]: [CHAT] 
[19:26:59] [Client thread/INFO]: [CHAT]                      Baris_reaper VS FelineNag
[19:26:59] [Client thread/INFO]: [CHAT]                                Mode: Boxing
[19:26:59] [Client thread/INFO]: [CHAT] 
[19:26:59] [Client thread/INFO]: [CHAT] ▬▬▬▬▬▬▬▬▬▬▬▬▬▬▬▬▬▬▬▬▬▬▬▬▬▬▬▬▬▬▬▬▬▬▬▬▬▬▬▬▬▬▬▬▬▬▬▬▬▬▬▬▬▬▬▬▬▬▬▬▬▬▬▬▬▬▬▬▬
[19:26:59] [Client thread/INFO]: [CHAT] 
[19:26:59] [Client thread/INFO]: [CHAT] Game starts in 5...
[19:27:00] [Client thread/INFO]: [CHAT] Game starts in 4...
[19:27:03] [Client thread/INFO]: [CHAT] Game starts in 3...
[19:27:03] [Client thread/INFO]: [CHAT] Game starts in 2...
[19:27:03] [Client thread/INFO]: [CHAT] Game starts in 1...
[19:27:04] [Client thread/INFO]: [CHAT] §8[§9§lLiquidBounce§8]§r PREV YAW: -0.3452835, PREV PITCH: -0.4603789, VALID: true, PHASE: COMPLETE
[19:27:05] [Client thread/INFO]: [CHAT] §8[§9§lLiquidBounce§8]§r PREV YAW: 0.3452835, PREV PITCH: 0.46037993, VALID: true, PHASE: COMPLETE
[19:27:05] [Client thread/INFO]: [CHAT] §8[§9§lLiquidBounce§8]§r PREV YAW: 6.330223, PREV PITCH: 12.200068, VALID: false, PHASE: COMPLETE
[19:27:09] [Client thread/INFO]: [FileManager] Saved config: modules.json.
[19:27:10] [Client thread/INFO]: [CHAT] §8[§9§lLiquidBounce§8]§r PREV YAW: -1.4962311, PREV PITCH: -0.8056648, VALID: true, PHASE: PRIMARY
[19:27:10] [Client thread/INFO]: [CHAT] §8[§9§lLiquidBounce§8]§r PREV YAW: -2.8773727, PREV PITCH: -3.1075644, VALID: true, PHASE: PRIMARY
[19:27:10] [Client thread/INFO]: [CHAT] §8[§9§lLiquidBounce§8]§r PREV YAW: 1.3811417, PREV PITCH: -4.833989, VALID: true, PHASE: COMPLETE
[19:27:10] [Client thread/INFO]: [CHAT] §8[§9§lLiquidBounce§8]§r PREV YAW: 2.6471863, PREV PITCH: -5.294369, VALID: true, PHASE: COMPLETE
[19:27:10] [Client thread/INFO]: [CHAT] §8[§9§lLiquidBounce§8]§r PREV YAW: 3.6830368, PREV PITCH: -4.028324, VALID: true, PHASE: COMPLETE
[19:27:10] [Client thread/INFO]: [CHAT] §8[§9§lLiquidBounce§8]§r PREV YAW: 4.488701, PREV PITCH: -5.639653, VALID: true, PHASE: COMPLETE
[19:27:10] [Client thread/INFO]: [CHAT] §8[§9§lLiquidBounce§8]§r PREV YAW: 6.6755066, PREV PITCH: -3.3377552, VALID: true, PHASE: COMPLETE
[19:27:11] [Client thread/INFO]: [CHAT] §8[§9§lLiquidBounce§8]§r PREV YAW: 4.488701, PREV PITCH: -2.416994, VALID: true, PHASE: PRIMARY
[19:27:11] [Client thread/INFO]: [CHAT] §8[§9§lLiquidBounce§8]§r PREV YAW: 15.998207, PREV PITCH: -0.23019028, VALID: true, PHASE: PRIMARY
[19:27:11] [Client thread/INFO]: [CHAT] §8[§9§lLiquidBounce§8]§r PREV YAW: 29.003937, PREV PITCH: 3.7981339, VALID: true, PHASE: COMPLETE
[19:27:11] [Client thread/INFO]: [CHAT] §8[§9§lLiquidBounce§8]§r PREV YAW: 10.01326, PREV PITCH: 9.437789, VALID: false, PHASE: PRIMARY
[19:27:11] [Client thread/INFO]: [CHAT] §8[§9§lLiquidBounce§8]§r PREV YAW: 0.80566406, PREV PITCH: 17.149153, VALID: false, PHASE: PRIMARY
[19:27:11] [Client thread/INFO]: [CHAT] §8[§9§lLiquidBounce§8]§r PREV YAW: -4.3736115, PREV PITCH: 20.026527, VALID: true, PHASE: PRIMARY
[19:27:11] [Client thread/INFO]: [CHAT] §8[§9§lLiquidBounce§8]§r PREV YAW: -8.747223, PREV PITCH: 2.7622795, VALID: true, PHASE: COMPLETE
[19:27:11] [Client thread/INFO]: [CHAT] §8[§9§lLiquidBounce§8]§r PREV YAW: -4.7188873, PREV PITCH: -3.913229, VALID: true, PHASE: COMPLETE
[19:27:11] [Client thread/INFO]: [CHAT] §8[§9§lLiquidBounce§8]§r PREV YAW: -4.2585144, PREV PITCH: -3.7981339, VALID: false, PHASE: PRIMARY
[19:27:11] [Client thread/INFO]: [CHAT] §8[§9§lLiquidBounce§8]§r PREV YAW: -11.969879, PREV PITCH: -10.128359, VALID: true, PHASE: PRIMARY
[19:27:11] [Client thread/INFO]: [CHAT] §8[§9§lLiquidBounce§8]§r PREV YAW: -10.358551, PREV PITCH: -7.250984, VALID: true, PHASE: COMPLETE
[19:27:11] [Client thread/INFO]: [CHAT] §8[§9§lLiquidBounce§8]§r PREV YAW: -5.0641785, PREV PITCH: -6.445319, VALID: true, PHASE: COMPLETE
[19:27:11] [Client thread/INFO]: [CHAT] §8[§9§lLiquidBounce§8]§r PREV YAW: -4.718895, PREV PITCH: -2.0717096, VALID: true, PHASE: COMPLETE
[19:27:11] [Client thread/INFO]: [CHAT] §8[§9§lLiquidBounce§8]§r PREV YAW: -3.6830368, PREV PITCH: -1.2660446, VALID: true, PHASE: COMPLETE
[19:27:11] [Client thread/INFO]: [CHAT] §8[§9§lLiquidBounce§8]§r PREV YAW: -4.603798, PREV PITCH: 2.7622795, VALID: true, PHASE: COMPLETE
[19:27:11] [Client thread/INFO]: [CHAT] §8[§9§lLiquidBounce§8]§r PREV YAW: -4.9490814, PREV PITCH: 2.1868048, VALID: true, PHASE: COMPLETE
[19:27:11] [Client thread/INFO]: [CHAT] §8[§9§lLiquidBounce§8]§r PREV YAW: -4.833992, PREV PITCH: 5.524559, VALID: true, PHASE: COMPLETE
[19:27:11] [Client thread/INFO]: [CHAT] §8[§9§lLiquidBounce§8]§r PREV YAW: -8.171745, PREV PITCH: 1.7264247, VALID: true, PHASE: COMPLETE
[19:27:11] [Client thread/INFO]: [CHAT] §8[§9§lLiquidBounce§8]§r PREV YAW: -7.4811707, PREV PITCH: 1.3811398, VALID: true, PHASE: COMPLETE
[19:27:12] [Client thread/INFO]: [CHAT] §8[§9§lLiquidBounce§8]§r PREV YAW: -7.7113647, PREV PITCH: 0.46038008, VALID: true, PHASE: COMPLETE
[19:27:12] [Client thread/INFO]: [CHAT] §8[§9§lLiquidBounce§8]§r PREV YAW: -6.7906036, PREV PITCH: 0.6905699, VALID: true, PHASE: COMPLETE
[19:27:12] [Client thread/INFO]: [CHAT] §8[§9§lLiquidBounce§8]§r PREV YAW: -7.941555, PREV PITCH: -2.0717096, VALID: true, PHASE: COMPLETE
[19:27:12] [Client thread/INFO]: [CHAT] §8[§9§lLiquidBounce§8]§r PREV YAW: -7.5962677, PREV PITCH: 0.46038008, VALID: true, PHASE: COMPLETE
[19:27:12] [Client thread/INFO]: [CHAT] §8[§9§lLiquidBounce§8]§r PREV YAW: -4.949085, PREV PITCH: 0.11509514, VALID: true, PHASE: PRIMARY
[19:27:12] [Client thread/INFO]: [CHAT] §8[§9§lLiquidBounce§8]§r PREV YAW: -11.624592, PREV PITCH: 0.6905699, VALID: true, PHASE: PRIMARY
[19:27:12] [Client thread/INFO]: [CHAT] §8[§9§lLiquidBounce§8]§r PREV YAW: -17.954817, PREV PITCH: 0.9207597, VALID: true, PHASE: COMPLETE
[19:27:12] [Client thread/INFO]: [CHAT] §8[§9§lLiquidBounce§8]§r PREV YAW: -9.667978, PREV PITCH: 0.80566454, VALID: true, PHASE: PRIMARY
[19:27:12] [Client thread/INFO]: [CHAT] §8[§9§lLiquidBounce§8]§r PREV YAW: -13.466113, PREV PITCH: 1.8415194, VALID: true, PHASE: PRIMARY
[19:27:12] [Client thread/INFO]: [CHAT] §8[§9§lLiquidBounce§8]§r PREV YAW: -1.6113298, PREV PITCH: 4.9490843, VALID: true, PHASE: COMPLETE
[19:27:12] [Client thread/INFO]: [CHAT] §8[§9§lLiquidBounce§8]§r PREV YAW: -0.23019004, PREV PITCH: 4.718895, VALID: true, PHASE: COMPLETE
[19:27:12] [Client thread/INFO]: [CHAT] §8[§9§lLiquidBounce§8]§r PREV YAW: -1.035855, PREV PITCH: 2.8773746, VALID: true, PHASE: COMPLETE
[19:27:12] [Client thread/INFO]: [CHAT] §8[§9§lLiquidBounce§8]§r PREV YAW: 1.9566147, PREV PITCH: 0.46038055, VALID: false, PHASE: PRIMARY
[19:27:12] [Client thread/INFO]: [CHAT] §8[§9§lLiquidBounce§8]§r PREV YAW: 13.0057335, PREV PITCH: -4.3736095, VALID: false, PHASE: PRIMARY
[19:27:12] [Client thread/INFO]: [CHAT] §8[§9§lLiquidBounce§8]§r PREV YAW: 15.192537, PREV PITCH: -7.941554, VALID: true, PHASE: COMPLETE
[19:27:12] [Client thread/INFO]: [CHAT] §8[§9§lLiquidBounce§8]§r PREV YAW: 2.416994, PREV PITCH: -7.135889, VALID: true, PHASE: COMPLETE
[19:27:12] [Client thread/INFO]: [CHAT] §8[§9§lLiquidBounce§8]§r PREV YAW: 5.0641804, PREV PITCH: -4.1434193, VALID: true, PHASE: COMPLETE
[19:27:12] [Client thread/INFO]: [CHAT] §8[§9§lLiquidBounce§8]§r PREV YAW: 4.4887047, PREV PITCH: -4.833989, VALID: true, PHASE: COMPLETE
[19:27:12] [Client thread/INFO]: [CHAT] §8[§9§lLiquidBounce§8]§r PREV YAW: 3.6830406, PREV PITCH: -2.4169946, VALID: true, PHASE: COMPLETE
[19:27:13] [Client thread/INFO]: [CHAT] §8[§9§lLiquidBounce§8]§r PREV YAW: 4.2585144, PREV PITCH: 1.15095, VALID: true, PHASE: COMPLETE
[19:27:13] [Client thread/INFO]: [CHAT] §8[§9§lLiquidBounce§8]§r PREV YAW: 3.913231, PREV PITCH: 2.9924695, VALID: true, PHASE: COMPLETE
[19:27:13] [Client thread/INFO]: [CHAT] §8[§9§lLiquidBounce§8]§r PREV YAW: 1.6113281, PREV PITCH: 3.4528494, VALID: true, PHASE: PRIMARY
[19:27:13] [Client thread/INFO]: [CHAT] §8[§9§lLiquidBounce§8]§r PREV YAW: 0.69057083, PREV PITCH: 9.783073, VALID: true, PHASE: PRIMARY
[19:27:13] [Client thread/INFO]: [CHAT] §8[§9§lLiquidBounce§8]§r PREV YAW: 2.8773727, PREV PITCH: 4.718894, VALID: true, PHASE: COMPLETE
[19:27:13] [Client thread/INFO]: [CHAT] §8[§9§lLiquidBounce§8]§r PREV YAW: 2.301899, PREV PITCH: 0.92076015, VALID: true, PHASE: COMPLETE
[19:27:13] [Client thread/INFO]: [CHAT] §8[§9§lLiquidBounce§8]§r PREV YAW: 3.7981339, PREV PITCH: -0.4603796, VALID: true, PHASE: COMPLETE
[19:27:13] [Client thread/INFO]: [CHAT] §8[§9§lLiquidBounce§8]§r PREV YAW: 3.22266, PREV PITCH: -0.92076015, VALID: true, PHASE: COMPLETE
[19:27:13] [Client thread/INFO]: [CHAT] §8[§9§lLiquidBounce§8]§r PREV YAW: 3.4528503, PREV PITCH: -1.4962349, VALID: true, PHASE: COMPLETE
[19:27:13] [Client thread/INFO]: [CHAT] §8[§9§lLiquidBounce§8]§r PREV YAW: 3.6830368, PREV PITCH: -2.6471844, VALID: true, PHASE: COMPLETE
[19:27:13] [Client thread/INFO]: [CHAT] §8[§9§lLiquidBounce§8]§r PREV YAW: 3.3377533, PREV PITCH: -2.7622795, VALID: true, PHASE: COMPLETE
[19:27:13] [Client thread/INFO]: [CHAT] §8[§9§lLiquidBounce§8]§r PREV YAW: 4.1434174, PREV PITCH: 0.6905699, VALID: true, PHASE: COMPLETE
[19:27:13] [Client thread/INFO]: [CHAT] §8[§9§lLiquidBounce§8]§r PREV YAW: 2.9924698, PREV PITCH: 1.2660446, VALID: true, PHASE: COMPLETE
[19:27:13] [Client thread/INFO]: [CHAT] §8[§9§lLiquidBounce§8]§r PREV YAW: 4.718895, PREV PITCH: 1.61133, VALID: true, PHASE: COMPLETE
[19:27:13] [Client thread/INFO]: [CHAT] §8[§9§lLiquidBounce§8]§r PREV YAW: 4.488701, PREV PITCH: 3.3377542, VALID: true, PHASE: COMPLETE
[19:27:13] [Client thread/INFO]: [CHAT] §8[§9§lLiquidBounce§8]§r PREV YAW: 3.7981339, PREV PITCH: 2.8773737, VALID: false, PHASE: PRIMARY
[19:27:13] [Client thread/INFO]: [CHAT] §8[§9§lLiquidBounce§8]§r PREV YAW: 10.934021, PREV PITCH: 8.286839, VALID: true, PHASE: PRIMARY
[19:27:13] [Client thread/INFO]: [CHAT] §8[§9§lLiquidBounce§8]§r PREV YAW: 11.739685, PREV PITCH: 6.9057007, VALID: true, PHASE: COMPLETE
[19:27:13] [Client thread/INFO]: [CHAT] §8[§9§lLiquidBounce§8]§r PREV YAW: 6.560417, PREV PITCH: 3.5679436, VALID: true, PHASE: PRIMARY
[19:27:13] [Client thread/INFO]: [CHAT] §8[§9§lLiquidBounce§8]§r PREV YAW: 10.5887375, PREV PITCH: 0.9207611, VALID: true, PHASE: PRIMARY
[19:27:14] [Client thread/INFO]: [CHAT] §8[§9§lLiquidBounce§8]§r PREV YAW: -4.4887085, PREV PITCH: -13.466112, VALID: true, PHASE: COMPLETE
[19:27:14] [Client thread/INFO]: [CHAT] §8[§9§lLiquidBounce§8]§r PREV YAW: -2.6471863, PREV PITCH: -7.3660793, VALID: true, PHASE: PRIMARY
[19:27:14] [Client thread/INFO]: [CHAT] §8[§9§lLiquidBounce§8]§r PREV YAW: -7.4811707, PREV PITCH: -14.847253, VALID: true, PHASE: PRIMARY
[19:27:14] [Client thread/INFO]: [CHAT] §8[§9§lLiquidBounce§8]§r PREV YAW: -7.02079, PREV PITCH: -13.811398, VALID: true, PHASE: COMPLETE
[19:27:14] [Client thread/INFO]: [CHAT] §8[§9§lLiquidBounce§8]§r PREV YAW: -3.2226562, PREV PITCH: -1.0358553, VALID: true, PHASE: COMPLETE
[19:27:14] [Client thread/INFO]: [CHAT] §8[§9§lLiquidBounce§8]§r PREV YAW: -3.2226562, PREV PITCH: -2.1868048, VALID: true, PHASE: COMPLETE
[19:27:14] [Client thread/INFO]: [CHAT] §8[§9§lLiquidBounce§8]§r PREV YAW: -0.23018646, PREV PITCH: 2.416995, VALID: true, PHASE: COMPLETE
[19:27:14] [Client thread/INFO]: [CHAT] §8[§9§lLiquidBounce§8]§r PREV YAW: -1.1509476, PREV PITCH: 5.524559, VALID: true, PHASE: COMPLETE
[19:27:14] [Client thread/INFO]: [CHAT] §8[§9§lLiquidBounce§8]§r PREV YAW: -0.3452835, PREV PITCH: 4.1434193, VALID: true, PHASE: PRIMARY
[19:27:14] [Client thread/INFO]: [CHAT] §8[§9§lLiquidBounce§8]§r PREV YAW: -0.46038055, PREV PITCH: 8.171743, VALID: true, PHASE: PRIMARY
[19:27:14] [Client thread/INFO]: [CHAT] §8[§9§lLiquidBounce§8]§r PREV YAW: -1.1509476, PREV PITCH: 7.366079, VALID: true, PHASE: COMPLETE
[19:27:14] [Client thread/INFO]: [CHAT] §8[§9§lLiquidBounce§8]§r PREV YAW: 1.1509476, PREV PITCH: -7.366079, VALID: true, PHASE: COMPLETE
[19:27:14] [Client thread/INFO]: [CHAT] §8[§9§lLiquidBounce§8]§r PREV YAW: 0.690567, PREV PITCH: -3.6830394, VALID: true, PHASE: COMPLETE
[19:27:14] [Client thread/INFO]: [CHAT] §8[§9§lLiquidBounce§8]§r PREV YAW: 3.6830368, PREV PITCH: -5.639654, VALID: true, PHASE: COMPLETE
[19:27:14] [Client thread/INFO]: [CHAT] §8[§9§lLiquidBounce§8]§r PREV YAW: 2.9924698, PREV PITCH: -1.9566145, VALID: true, PHASE: COMPLETE
[19:27:14] [Client thread/INFO]: [CHAT] §8[§9§lLiquidBounce§8]§r PREV YAW: 4.1434174, PREV PITCH: 0.57547474, VALID: true, PHASE: COMPLETE
[19:27:14] [Client thread/INFO]: [CHAT] §8[§9§lLiquidBounce§8]§r PREV YAW: 3.6830368, PREV PITCH: 0.34528494, VALID: true, PHASE: COMPLETE
[19:27:14] [Client thread/INFO]: [CHAT] §8[§9§lLiquidBounce§8]§r PREV YAW: 2.0717087, PREV PITCH: 1.9566145, VALID: true, PHASE: PRIMARY
[19:27:14] [Client thread/INFO]: [CHAT] §8[§9§lLiquidBounce§8]§r PREV YAW: 5.1792755, PREV PITCH: 9.207599, VALID: true, PHASE: PRIMARY
[19:27:15] [Client thread/INFO]: [CHAT] §8[§9§lLiquidBounce§8]§r PREV YAW: 7.941551, PREV PITCH: 8.632124, VALID: true, PHASE: COMPLETE
[19:27:15] [Client thread/INFO]: [CHAT] §8[§9§lLiquidBounce§8]§r PREV YAW: -3.2226562, PREV PITCH: -6.790604, VALID: true, PHASE: COMPLETE
[19:27:15] [Client thread/INFO]: [CHAT] §8[§9§lLiquidBounce§8]§r PREV YAW: -1.381134, PREV PITCH: -4.9490843, VALID: true, PHASE: PRIMARY
[19:27:15] [Client thread/INFO]: [CHAT] §8[§9§lLiquidBounce§8]§r PREV YAW: 1.0358582, PREV PITCH: -7.5962687, VALID: true, PHASE: PRIMARY
[19:27:15] [Client thread/INFO]: [CHAT] §8[§9§lLiquidBounce§8]§r PREV YAW: 2.7622833, PREV PITCH: -8.632124, VALID: true, PHASE: COMPLETE
[19:27:15] [Client thread/INFO]: [CHAT] §8[§9§lLiquidBounce§8]§r PREV YAW: 0.690567, PREV PITCH: -4.718894, VALID: true, PHASE: COMPLETE
[19:27:15] [Client thread/INFO]: [CHAT] §8[§9§lLiquidBounce§8]§r PREV YAW: 3.9132233, PREV PITCH: -0.5754757, VALID: true, PHASE: COMPLETE
[19:27:15] [Client thread/INFO]: [CHAT] §8[§9§lLiquidBounce§8]§r PREV YAW: 3.5679474, PREV PITCH: -0.46038055, VALID: true, PHASE: COMPLETE
[19:27:15] [Client thread/INFO]: [CHAT] §8[§9§lLiquidBounce§8]§r PREV YAW: 6.3302307, PREV PITCH: 3.5679436, VALID: true, PHASE: COMPLETE
[19:27:15] [Client thread/INFO]: [CHAT] §8[§9§lLiquidBounce§8]§r PREV YAW: 4.7188873, PREV PITCH: 2.8773746, VALID: true, PHASE: COMPLETE
[19:27:15] [Client thread/INFO]: [CHAT] §8[§9§lLiquidBounce§8]§r PREV YAW: 3.3377533, PREV PITCH: 4.603799, VALID: true, PHASE: PRIMARY
[19:27:15] [Client thread/INFO]: [CHAT] §8[§9§lLiquidBounce§8]§r PREV YAW: 10.818924, PREV PITCH: 17.494438, VALID: true, PHASE: PRIMARY
[19:27:15] [Client thread/INFO]: [CHAT] §8[§9§lLiquidBounce§8]§r PREV YAW: 6.1000366, PREV PITCH: 1.0358553, VALID: true, PHASE: COMPLETE
[19:27:15] [Client thread/INFO]: [CHAT] §8[§9§lLiquidBounce§8]§r PREV YAW: 2.8773804, PREV PITCH: -1.8415198, VALID: true, PHASE: COMPLETE
[19:27:15] [Client thread/INFO]: [CHAT] §8[§9§lLiquidBounce§8]§r PREV YAW: 4.1434174, PREV PITCH: -6.905699, VALID: true, PHASE: COMPLETE
[19:27:15] [Client thread/INFO]: [CHAT] §8[§9§lLiquidBounce§8]§r PREV YAW: 1.9566193, PREV PITCH: -4.6037993, VALID: true, PHASE: PRIMARY
[19:27:15] [Client thread/INFO]: [CHAT] §8[§9§lLiquidBounce§8]§r PREV YAW: 3.6830444, PREV PITCH: -4.1434193, VALID: true, PHASE: PRIMARY
[19:27:15] [Client thread/INFO]: [CHAT] §8[§9§lLiquidBounce§8]§r PREV YAW: 4.7188873, PREV PITCH: -3.3377542, VALID: true, PHASE: COMPLETE
[19:27:15] [Client thread/INFO]: [CHAT] §8[§9§lLiquidBounce§8]§r PREV YAW: 3.4528503, PREV PITCH: 0.6905699, VALID: true, PHASE: PRIMARY
[19:27:15] [Client thread/INFO]: [CHAT] §8[§9§lLiquidBounce§8]§r PREV YAW: 7.7113647, PREV PITCH: 8.977408, VALID: true, PHASE: PRIMARY
[19:27:16] [Client thread/INFO]: [CHAT] §8[§9§lLiquidBounce§8]§r PREV YAW: 14.156677, PREV PITCH: 14.617063, VALID: true, PHASE: COMPLETE
[19:27:16] [Client thread/INFO]: [CHAT] §8[§9§lLiquidBounce§8]§r PREV YAW: 2.9924622, PREV PITCH: 9.783073, VALID: false, PHASE: PRIMARY
[19:27:16] [Client thread/INFO]: [CHAT] §8[§9§lLiquidBounce§8]§r PREV YAW: -15.307632, PREV PITCH: 4.9490833, VALID: false, PHASE: PRIMARY
[19:27:16] [Client thread/INFO]: [CHAT] §8[§9§lLiquidBounce§8]§r PREV YAW: -6.7906036, PREV PITCH: 1.2660446, VALID: true, PHASE: COMPLETE
[19:27:16] [Client thread/INFO]: [CHAT] §8[§9§lLiquidBounce§8]§r PREV YAW: -0.9207611, PREV PITCH: -7.250984, VALID: true, PHASE: COMPLETE
[19:27:16] [Client thread/INFO]: [CHAT] §8[§9§lLiquidBounce§8]§r PREV YAW: -0.46037292, PREV PITCH: -6.905699, VALID: true, PHASE: COMPLETE
[19:27:16] [Client thread/INFO]: [CHAT] §8[§9§lLiquidBounce§8]§r PREV YAW: 0.23019409, PREV PITCH: -3.3377542, VALID: true, PHASE: COMPLETE
[19:27:16] [Client thread/INFO]: [CHAT] §8[§9§lLiquidBounce§8]§r PREV YAW: 1.2660522, PREV PITCH: -1.4962349, VALID: true, PHASE: COMPLETE
[19:27:16] [Client thread/INFO]: [CHAT] §8[§9§lLiquidBounce§8]§r PREV YAW: 2.0717163, PREV PITCH: -3.7981343, VALID: true, PHASE: COMPLETE
[19:27:16] [Client thread/INFO]: [CHAT] §8[§9§lLiquidBounce§8]§r PREV YAW: 1.7264252, PREV PITCH: 1.2660446, VALID: true, PHASE: COMPLETE
[19:27:16] [Client thread/INFO]: [CHAT] §8[§9§lLiquidBounce§8]§r PREV YAW: 2.4169922, PREV PITCH: -2.3018994, VALID: true, PHASE: COMPLETE
[19:27:16] [Client thread/INFO]: [CHAT] §8[§9§lLiquidBounce§8]§r PREV YAW: -0.9207611, PREV PITCH: -5.294369, VALID: true, PHASE: COMPLETE
[19:27:16] [Client thread/INFO]: [CHAT] §8[§9§lLiquidBounce§8]§r PREV YAW: -0.46037292, PREV PITCH: 1.0358549, VALID: true, PHASE: COMPLETE
[19:27:16] [Client thread/INFO]: [CHAT] §8[§9§lLiquidBounce§8]§r PREV YAW: -1.4962311, PREV PITCH: -5.064179, VALID: true, PHASE: COMPLETE
[19:27:16] [Client thread/INFO]: [CHAT] §8[§9§lLiquidBounce§8]§r PREV YAW: -3.3377533, PREV PITCH: -1.6113296, VALID: true, PHASE: PRIMARY
[19:27:16] [Client thread/INFO]: [CHAT] §8[§9§lLiquidBounce§8]§r PREV YAW: 0.690567, PREV PITCH: -1.3811398, VALID: true, PHASE: PRIMARY
[19:27:16] [Client thread/INFO]: [CHAT] §8[§9§lLiquidBounce§8]§r PREV YAW: -1.0358582, PREV PITCH: -1.0358553, VALID: true, PHASE: COMPLETE
[19:27:16] [Client thread/INFO]: [CHAT] §8[§9§lLiquidBounce§8]§r PREV YAW: -3.3377533, PREV PITCH: 2.7622795, VALID: true, PHASE: COMPLETE
[19:27:16] [Client thread/INFO]: [CHAT] §8[§9§lLiquidBounce§8]§r PREV YAW: -4.9490814, PREV PITCH: -0.34528494, VALID: true, PHASE: COMPLETE
[19:27:17] [Client thread/INFO]: [CHAT] §8[§9§lLiquidBounce§8]§r PREV YAW: -3.1075592, PREV PITCH: 1.3811398, VALID: true, PHASE: PRIMARY
[19:27:17] [Client thread/INFO]: [CHAT] §8[§9§lLiquidBounce§8]§r PREV YAW: -4.7188873, PREV PITCH: 7.826459, VALID: false, PHASE: PRIMARY
[19:27:17] [Client thread/INFO]: [CHAT] §8[§9§lLiquidBounce§8]§r PREV YAW: -5.9849396, PREV PITCH: 1.1509497, VALID: true, PHASE: COMPLETE
[19:27:17] [Client thread/INFO]: [CHAT] §8[§9§lLiquidBounce§8]§r PREV YAW: -4.1434174, PREV PITCH: -0.8056648, VALID: true, PHASE: COMPLETE
[19:27:17] [Client thread/INFO]: [CHAT] §8[§9§lLiquidBounce§8]§r PREV YAW: -1.2660522, PREV PITCH: -6.215129, VALID: true, PHASE: COMPLETE
[19:27:17] [Client thread/INFO]: [CHAT] §8[§9§lLiquidBounce§8]§r PREV YAW: -0.23019409, PREV PITCH: -2.7622795, VALID: true, PHASE: COMPLETE
[19:27:17] [Client thread/INFO]: [CHAT] §8[§9§lLiquidBounce§8]§r PREV YAW: -0.9207611, PREV PITCH: -0.6905699, VALID: true, PHASE: COMPLETE
[19:27:17] [Client thread/INFO]: [CHAT] §8[§9§lLiquidBounce§8]§r PREV YAW: -0.23019409, PREV PITCH: -0.9207597, VALID: true, PHASE: COMPLETE
[19:27:17] [Client thread/INFO]: [CHAT] §8[§9§lLiquidBounce§8]§r PREV YAW: -0.690567, PREV PITCH: 2.3018994, VALID: true, PHASE: COMPLETE
[19:27:17] [Client thread/INFO]: [CHAT] §8[§9§lLiquidBounce§8]§r PREV YAW: -2.6471863, PREV PITCH: 1.8415198, VALID: true, PHASE: COMPLETE
[19:27:17] [Client thread/INFO]: [CHAT] §8[§9§lLiquidBounce§8]§r PREV YAW: -1.9566193, PREV PITCH: 2.6471846, VALID: true, PHASE: PRIMARY
[19:27:17] [Client thread/INFO]: [CHAT] §8[§9§lLiquidBounce§8]§r PREV YAW: -6.7906036, PREV PITCH: 8.286839, VALID: true, PHASE: PRIMARY
[19:27:17] [Client thread/INFO]: [CHAT] §8[§9§lLiquidBounce§8]§r PREV YAW: -12.545349, PREV PITCH: 5.0641794, VALID: true, PHASE: COMPLETE
[19:27:17] [Client thread/INFO]: [CHAT] §8[§9§lLiquidBounce§8]§r PREV YAW: -7.4811707, PREV PITCH: 2.8773746, VALID: true, PHASE: PRIMARY
[19:27:17] [Client thread/INFO]: [CHAT] §8[§9§lLiquidBounce§8]§r PREV YAW: -6.6755066, PREV PITCH: -6.7906036, VALID: true, PHASE: PRIMARY
[19:27:17] [Client thread/INFO]: [CHAT] §8[§9§lLiquidBounce§8]§r PREV YAW: -7.135887, PREV PITCH: -6.445319, VALID: true, PHASE: COMPLETE
[19:27:17] [Client thread/INFO]: [CHAT] §8[§9§lLiquidBounce§8]§r PREV YAW: -2.4169922, PREV PITCH: -4.718894, VALID: true, PHASE: PRIMARY
[19:27:17] [Client thread/INFO]: [CHAT] §8[§9§lLiquidBounce§8]§r PREV YAW: 1.6113281, PREV PITCH: -8.977408, VALID: true, PHASE: PRIMARY
[19:27:17] [Client thread/INFO]: [CHAT] §8[§9§lLiquidBounce§8]§r PREV YAW: 1.7264252, PREV PITCH: -5.409464, VALID: true, PHASE: COMPLETE
[19:27:17] [Client thread/INFO]: [CHAT] §8[§9§lLiquidBounce§8]§r PREV YAW: 1.4962311, PREV PITCH: -3.6830397, VALID: true, PHASE: COMPLETE
[19:27:18] [Client thread/INFO]: [CHAT] §8[§9§lLiquidBounce§8]§r PREV YAW: 4.949089, PREV PITCH: 2.416994, VALID: true, PHASE: COMPLETE
[19:27:18] [Client thread/INFO]: [CHAT] §8[§9§lLiquidBounce§8]§r PREV YAW: 8.056656, PREV PITCH: 1.0358543, VALID: true, PHASE: COMPLETE
[19:27:18] [Client thread/INFO]: [CHAT] §8[§9§lLiquidBounce§8]§r PREV YAW: 4.7188873, PREV PITCH: 2.0717096, VALID: true, PHASE: PRIMARY
[19:27:18] [Client thread/INFO]: [CHAT] §8[§9§lLiquidBounce§8]§r PREV YAW: 8.86232, PREV PITCH: 7.481174, VALID: true, PHASE: PRIMARY
[19:27:18] [Client thread/INFO]: [CHAT] §8[§9§lLiquidBounce§8]§r PREV YAW: 10.588745, PREV PITCH: 9.898169, VALID: true, PHASE: COMPLETE
[19:27:18] [Client thread/INFO]: [CHAT] §8[§9§lLiquidBounce§8]§r PREV YAW: -0.690567, PREV PITCH: -5.179274, VALID: true, PHASE: COMPLETE
[19:27:18] [Client thread/INFO]: [CHAT] §8[§9§lLiquidBounce§8]§r PREV YAW: -2.5320892, PREV PITCH: -2.6471848, VALID: false, PHASE: PRIMARY
[19:27:18] [Client thread/INFO]: [CHAT] §8[§9§lLiquidBounce§8]§r PREV YAW: -10.818924, PREV PITCH: -2.8773746, VALID: true, PHASE: PRIMARY
[19:27:18] [Client thread/INFO]: [CHAT] §8[§9§lLiquidBounce§8]§r PREV YAW: -8.171738, PREV PITCH: -1.4962344, VALID: true, PHASE: COMPLETE
[19:27:18] [Client thread/INFO]: [CHAT] §8[§9§lLiquidBounce§8]§r PREV YAW: -3.9132233, PREV PITCH: -0.92076015, VALID: true, PHASE: COMPLETE
[19:27:18] [Client thread/INFO]: [CHAT] §8[§9§lLiquidBounce§8]§r PREV YAW: -2.8773804, PREV PITCH: 2.7622795, VALID: true, PHASE: COMPLETE
[19:27:18] [Client thread/INFO]: [CHAT] §8[§9§lLiquidBounce§8]§r PREV YAW: -1.9566193, PREV PITCH: 1.6113296, VALID: true, PHASE: COMPLETE
[19:27:18] [Client thread/INFO]: [CHAT] §8[§9§lLiquidBounce§8]§r PREV YAW: -1.2660522, PREV PITCH: 2.3018997, VALID: true, PHASE: PRIMARY
[19:27:18] [Client thread/INFO]: [CHAT] §8[§9§lLiquidBounce§8]§r PREV YAW: -2.6471863, PREV PITCH: 7.135889, VALID: true, PHASE: PRIMARY
[19:27:18] [Client thread/INFO]: [CHAT] §8[§9§lLiquidBounce§8]§r PREV YAW: -2.9924698, PREV PITCH: 6.215129, VALID: true, PHASE: COMPLETE
[19:27:18] [Client thread/INFO]: [CHAT] §8[§9§lLiquidBounce§8]§r PREV YAW: -1.8415222, PREV PITCH: 3.4528494, VALID: true, PHASE: COMPLETE
[19:27:18] [Client thread/INFO]: [CHAT] §8[§9§lLiquidBounce§8]§r PREV YAW: -1.2660446, PREV PITCH: -0.6905699, VALID: true, PHASE: COMPLETE
[19:27:18] [Client thread/INFO]: [CHAT] §8[§9§lLiquidBounce§8]§r PREV YAW: -4.3736115, PREV PITCH: -0.23019028, VALID: true, PHASE: COMPLETE
[19:27:18] [Client thread/INFO]: [CHAT] §8[§9§lLiquidBounce§8]§r PREV YAW: -5.409462, PREV PITCH: 0.11509514, VALID: true, PHASE: COMPLETE
[19:27:18] [Client thread/INFO]: [CHAT] §8[§9§lLiquidBounce§8]§r PREV YAW: 1.0358582, PREV PITCH: -3.7981348, VALID: false, PHASE: PRIMARY
[19:27:19] [Client thread/INFO]: [CHAT] §8[§9§lLiquidBounce§8]§r PREV YAW: 15.768013, PREV PITCH: -11.394403, VALID: true, PHASE: PRIMARY
[19:27:19] [Client thread/INFO]: [CHAT] §8[§9§lLiquidBounce§8]§r PREV YAW: 9.092499, PREV PITCH: -5.9849386, VALID: true, PHASE: COMPLETE
[19:27:19] [Client thread/INFO]: [CHAT] §8[§9§lLiquidBounce§8]§r PREV YAW: 0.115097046, PREV PITCH: 1.9566145, VALID: true, PHASE: COMPLETE
[19:27:19] [Client thread/INFO]: [CHAT] §8[§9§lLiquidBounce§8]§r PREV YAW: 0.9207611, PREV PITCH: 1.0358548, VALID: true, PHASE: COMPLETE
[19:27:19] [Client thread/INFO]: [CHAT] §8[§9§lLiquidBounce§8]§r PREV YAW: -0.115097046, PREV PITCH: 3.7981343, VALID: true, PHASE: COMPLETE
[19:27:19] [Client thread/INFO]: [CHAT] §8[§9§lLiquidBounce§8]§r PREV YAW: -0.34529114, PREV PITCH: 4.7188945, VALID: true, PHASE: COMPLETE
[19:27:19] [Client thread/INFO]: [CHAT] §8[§9§lLiquidBounce§8]§r PREV YAW: 1.8415222, PREV PITCH: 1.4962349, VALID: true, PHASE: COMPLETE
[19:27:19] [Client thread/INFO]: [CHAT] §8[§9§lLiquidBounce§8]§r PREV YAW: 1.0358582, PREV PITCH: 1.4962349, VALID: true, PHASE: COMPLETE
[19:27:19] [Client thread/INFO]: [CHAT] §8[§9§lLiquidBounce§8]§r PREV YAW: 3.9132233, PREV PITCH: -0.2301898, VALID: true, PHASE: COMPLETE
[19:27:19] [Client thread/INFO]: [CHAT] §8[§9§lLiquidBounce§8]§r PREV YAW: 4.0283203, PREV PITCH: 0.0, VALID: true, PHASE: COMPLETE
[19:27:19] [Client thread/INFO]: [CHAT] §8[§9§lLiquidBounce§8]§r PREV YAW: 6.3302307, PREV PITCH: -0.34528494, VALID: true, PHASE: COMPLETE
[19:27:19] [Client thread/INFO]: [CHAT] §8[§9§lLiquidBounce§8]§r PREV YAW: 5.6396484, PREV PITCH: -0.11509514, VALID: true, PHASE: COMPLETE
[19:27:19] [Client thread/INFO]: [CHAT] §8[§9§lLiquidBounce§8]§r PREV YAW: 8.056656, PREV PITCH: 0.0, VALID: true, PHASE: COMPLETE
[19:27:19] [Client thread/INFO]: [CHAT] §8[§9§lLiquidBounce§8]§r PREV YAW: 7.3660736, PREV PITCH: -0.11509514, VALID: true, PHASE: COMPLETE
[19:27:19] [Client thread/INFO]: [CHAT] §8[§9§lLiquidBounce§8]§r PREV YAW: 7.826462, PREV PITCH: 0.34528494, VALID: true, PHASE: COMPLETE
[19:27:19] [Client thread/INFO]: [CHAT] §8[§9§lLiquidBounce§8]§r PREV YAW: 7.4811707, PREV PITCH: 0.46038008, VALID: true, PHASE: COMPLETE
[19:27:19] [Client thread/INFO]: [CHAT] §8[§9§lLiquidBounce§8]§r PREV YAW: 4.9490814, PREV PITCH: 0.11509514, VALID: true, PHASE: PRIMARY
[19:27:19] [Client thread/INFO]: [CHAT] §8[§9§lLiquidBounce§8]§r PREV YAW: 7.941559, PREV PITCH: 0.0, VALID: true, PHASE: PRIMARY
[19:27:19] [Client thread/INFO]: [CHAT] §8[§9§lLiquidBounce§8]§r PREV YAW: 23.824661, PREV PITCH: 0.11509514, VALID: true, PHASE: COMPLETE
[19:27:20] [Client thread/INFO]: [CHAT] §8[§9§lLiquidBounce§8]§r PREV YAW: 7.941559, PREV PITCH: 1.3811398, VALID: false, PHASE: PRIMARY
[19:27:20] [Client thread/INFO]: [CHAT] §8[§9§lLiquidBounce§8]§r PREV YAW: -16.34349, PREV PITCH: 4.949084, VALID: true, PHASE: PRIMARY
[19:27:20] [Client thread/INFO]: [CHAT] §8[§9§lLiquidBounce§8]§r PREV YAW: -0.23019409, PREV PITCH: 7.250984, VALID: true, PHASE: COMPLETE
[19:27:20] [Client thread/INFO]: [CHAT] §8[§9§lLiquidBounce§8]§r PREV YAW: -2.186798, PREV PITCH: 2.416994, VALID: true, PHASE: COMPLETE
[19:27:20] [Client thread/INFO]: [CHAT] §8[§9§lLiquidBounce§8]§r PREV YAW: -7.3660736, PREV PITCH: 0.0, VALID: true, PHASE: COMPLETE
[19:27:20] [Client thread/INFO]: [CHAT] §8[§9§lLiquidBounce§8]§r PREV YAW: 0.57547, PREV PITCH: 7.4811745, VALID: true, PHASE: COMPLETE
[19:27:20] [Client thread/INFO]: [CHAT] §8[§9§lLiquidBounce§8]§r PREV YAW: -1.0358582, PREV PITCH: 0.34528542, VALID: false, PHASE: PRIMARY
[19:27:20] [Client thread/INFO]: [CHAT] §8[§9§lLiquidBounce§8]§r PREV YAW: -8.056656, PREV PITCH: -16.113297, VALID: false, PHASE: PRIMARY
[19:27:20] [Client thread/INFO]: [CHAT] §8[§9§lLiquidBounce§8]§r PREV YAW: -5.6396484, PREV PITCH: -12.890638, VALID: true, PHASE: COMPLETE
[19:27:20] [Client thread/INFO]: [CHAT] §8[§9§lLiquidBounce§8]§r PREV YAW: -3.1075592, PREV PITCH: -6.100034, VALID: true, PHASE: COMPLETE
[19:27:20] [Client thread/INFO]: [CHAT] §8[§9§lLiquidBounce§8]§r PREV YAW: -2.9924622, PREV PITCH: -3.222659, VALID: true, PHASE: COMPLETE
[19:27:20] [Client thread/INFO]: [CHAT] §8[§9§lLiquidBounce§8]§r PREV YAW: -2.186798, PREV PITCH: -0.92076015, VALID: true, PHASE: COMPLETE
[19:27:20] [Client thread/INFO]: [CHAT] §8[§9§lLiquidBounce§8]§r PREV YAW: -1.4962311, PREV PITCH: -1.1509495, VALID: true, PHASE: COMPLETE
[19:27:20] [Client thread/INFO]: [CHAT] §8[§9§lLiquidBounce§8]§r PREV YAW: -1.1509552, PREV PITCH: 2.3018994, VALID: true, PHASE: COMPLETE
[19:27:20] [Client thread/INFO]: [CHAT] §8[§9§lLiquidBounce§8]§r PREV YAW: -2.186798, PREV PITCH: 5.524559, VALID: true, PHASE: COMPLETE
[19:27:20] [Client thread/INFO]: [CHAT] §8[§9§lLiquidBounce§8]§r PREV YAW: -3.7981415, PREV PITCH: 4.9490843, VALID: true, PHASE: COMPLETE
[19:27:20] [Client thread/INFO]: [CHAT] §8[§9§lLiquidBounce§8]§r PREV YAW: -6.9057007, PREV PITCH: 2.5320897, VALID: true, PHASE: COMPLETE
[19:27:20] [Client thread/INFO]: [CHAT] §8[§9§lLiquidBounce§8]§r PREV YAW: -4.3736115, PREV PITCH: 2.0717096, VALID: true, PHASE: PRIMARY
[19:27:20] [Client thread/INFO]: [CHAT] §8[§9§lLiquidBounce§8]§r PREV YAW: -12.31517, PREV PITCH: 1.8415194, VALID: true, PHASE: PRIMARY
[19:27:20] [Client thread/INFO]: [CHAT] §8[§9§lLiquidBounce§8]§r PREV YAW: -15.4227295, PREV PITCH: 0.92076015, VALID: true, PHASE: COMPLETE
[19:27:21] [Client thread/INFO]: [CHAT] §8[§9§lLiquidBounce§8]§r PREV YAW: -9.552887, PREV PITCH: 0.805665, VALID: true, PHASE: PRIMARY
[19:27:21] [Client thread/INFO]: [CHAT] §8[§9§lLiquidBounce§8]§r PREV YAW: -17.609535, PREV PITCH: 0.23019028, VALID: true, PHASE: PRIMARY
[19:27:21] [Client thread/INFO]: [CHAT] §8[§9§lLiquidBounce§8]§r PREV YAW: -6.215126, PREV PITCH: 1.4962349, VALID: true, PHASE: COMPLETE
[19:27:21] [Client thread/INFO]: [CHAT] §8[§9§lLiquidBounce§8]§r PREV YAW: -2.5320892, PREV PITCH: 5.8698444, VALID: true, PHASE: COMPLETE
[19:27:21] [Client thread/INFO]: [CHAT] §8[§9§lLiquidBounce§8]§r PREV YAW: -3.1075668, PREV PITCH: 2.8773746, VALID: true, PHASE: COMPLETE
[19:27:21] [Client thread/INFO]: [CHAT] §8[§9§lLiquidBounce§8]§r PREV YAW: 4.603798, PREV PITCH: -3.3377552, VALID: true, PHASE: COMPLETE
[19:27:21] [Client thread/INFO]: [CHAT] §8[§9§lLiquidBounce§8]§r PREV YAW: 5.1792755, PREV PITCH: -4.2585144, VALID: true, PHASE: COMPLETE
[19:27:21] [Client thread/INFO]: [CHAT] §8[§9§lLiquidBounce§8]§r PREV YAW: 3.3377533, PREV PITCH: -4.9490843, VALID: true, PHASE: COMPLETE
[19:27:21] [Client thread/INFO]: [CHAT] §8[§9§lLiquidBounce§8]§r PREV YAW: 4.9490814, PREV PITCH: -4.488704, VALID: true, PHASE: COMPLETE
[19:27:21] [Client thread/INFO]: [CHAT] §8[§9§lLiquidBounce§8]§r PREV YAW: 3.5679474, PREV PITCH: -4.718894, VALID: true, PHASE: COMPLETE
[19:27:21] [Client thread/INFO]: [CHAT] §8[§9§lLiquidBounce§8]§r PREV YAW: 2.6471863, PREV PITCH: -4.718894, VALID: true, PHASE: COMPLETE
[19:27:21] [Client thread/INFO]: [CHAT] §8[§9§lLiquidBounce§8]§r PREV YAW: 1.4962311, PREV PITCH: -2.0717096, VALID: true, PHASE: COMPLETE
[19:27:21] [Client thread/INFO]: [CHAT] §8[§9§lLiquidBounce§8]§r PREV YAW: 2.4169922, PREV PITCH: -0.2301898, VALID: true, PHASE: COMPLETE
[19:27:21] [Client thread/INFO]: [CHAT] §8[§9§lLiquidBounce§8]§r PREV YAW: 3.7981415, PREV PITCH: 1.8415198, VALID: true, PHASE: COMPLETE
[19:27:21] [Client thread/INFO]: [CHAT] §8[§9§lLiquidBounce§8]§r PREV YAW: 3.7981415, PREV PITCH: 4.488704, VALID: true, PHASE: COMPLETE
[19:27:21] [Client thread/INFO]: [CHAT] §8[§9§lLiquidBounce§8]§r PREV YAW: 4.4887085, PREV PITCH: 4.1434193, VALID: true, PHASE: COMPLETE
[19:27:21] [Client thread/INFO]: [CHAT] §8[§9§lLiquidBounce§8]§r PREV YAW: 3.7981415, PREV PITCH: 2.6471846, VALID: true, PHASE: COMPLETE
[19:27:21] [Client thread/INFO]: [CHAT] §8[§9§lLiquidBounce§8]§r PREV YAW: 2.4169922, PREV PITCH: 4.603799, VALID: true, PHASE: COMPLETE
[19:27:21] [Client thread/INFO]: [CHAT] §8[§9§lLiquidBounce§8]§r PREV YAW: 7.4811707, PREV PITCH: 1.3811398, VALID: true, PHASE: COMPLETE
[19:27:21] [Client thread/INFO]: [CHAT] §8[§9§lLiquidBounce§8]§r PREV YAW: 7.4811707, PREV PITCH: 2.1868048, VALID: true, PHASE: COMPLETE
[19:27:22] [Client thread/INFO]: [CHAT] §8[§9§lLiquidBounce§8]§r PREV YAW: 6.3302307, PREV PITCH: 1.0358553, VALID: true, PHASE: PRIMARY
[19:27:22] [Client thread/INFO]: [CHAT] §8[§9§lLiquidBounce§8]§r PREV YAW: 10.934021, PREV PITCH: 8.747218, VALID: true, PHASE: PRIMARY
[19:27:22] [Client thread/INFO]: [CHAT] §8[§9§lLiquidBounce§8]§r PREV YAW: 10.588745, PREV PITCH: 9.552883, VALID: true, PHASE: COMPLETE
[19:27:22] [Client thread/INFO]: [CHAT] §8[§9§lLiquidBounce§8]§r PREV YAW: 6.5604095, PREV PITCH: 3.7981339, VALID: true, PHASE: COMPLETE
[19:27:22] [Client thread/INFO]: [CHAT] §8[§9§lLiquidBounce§8]§r PREV YAW: 5.1792755, PREV PITCH: 4.833988, VALID: true, PHASE: COMPLETE
[19:27:22] [Client thread/INFO]: [CHAT] §8[§9§lLiquidBounce§8]§r PREV YAW: -1.0358582, PREV PITCH: 0.11509323, VALID: false, PHASE: PRIMARY
[19:27:22] [Client thread/INFO]: [CHAT] §8[§9§lLiquidBounce§8]§r PREV YAW: -19.220856, PREV PITCH: -13.581207, VALID: false, PHASE: PRIMARY
[19:27:22] [Client thread/INFO]: [CHAT] §8[§9§lLiquidBounce§8]§r PREV YAW: -13.581207, PREV PITCH: -13.696302, VALID: true, PHASE: COMPLETE
[19:27:22] [Client thread/INFO]: [CHAT] §8[§9§lLiquidBounce§8]§r PREV YAW: -6.6755066, PREV PITCH: -7.826459, VALID: true, PHASE: PRIMARY
[19:27:22] [Client thread/INFO]: [CHAT] §8[§9§lLiquidBounce§8]§r PREV YAW: -4.1434174, PREV PITCH: -9.092504, VALID: true, PHASE: PRIMARY
[19:27:22] [Client thread/INFO]: [CHAT] §8[§9§lLiquidBounce§8]§r PREV YAW: -6.4453125, PREV PITCH: -9.092504, VALID: true, PHASE: COMPLETE
[19:27:22] [Client thread/INFO]: [CHAT] §8[§9§lLiquidBounce§8]§r PREV YAW: -3.4528503, PREV PITCH: -4.1434193, VALID: true, PHASE: COMPLETE
[19:27:22] [Client thread/INFO]: [CHAT] §8[§9§lLiquidBounce§8]§r PREV YAW: -1.381134, PREV PITCH: 0.57547474, VALID: true, PHASE: PRIMARY
[19:27:22] [Client thread/INFO]: [CHAT] §8[§9§lLiquidBounce§8]§r PREV YAW: 0.34529114, PREV PITCH: 12.890638, VALID: true, PHASE: PRIMARY
[19:27:22] [Client thread/INFO]: [CHAT] §8[§9§lLiquidBounce§8]§r PREV YAW: -0.80566406, PREV PITCH: 12.315163, VALID: true, PHASE: COMPLETE
[19:27:22] [Client thread/INFO]: [CHAT] §8[§9§lLiquidBounce§8]§r PREV YAW: 2.8773804, PREV PITCH: -0.92076015, VALID: true, PHASE: COMPLETE
[19:27:22] [Client thread/INFO]: [CHAT] §8[§9§lLiquidBounce§8]§r PREV YAW: 2.4169922, PREV PITCH: -4.2585144, VALID: true, PHASE: COMPLETE
[19:27:22] [Client thread/INFO]: [CHAT] §8[§9§lLiquidBounce§8]§r PREV YAW: 1.2660522, PREV PITCH: -2.8773746, VALID: true, PHASE: COMPLETE
[19:27:22] [Client thread/INFO]: [CHAT] §8[§9§lLiquidBounce§8]§r PREV YAW: 1.6113281, PREV PITCH: -2.8773746, VALID: true, PHASE: COMPLETE
[19:27:22] [Client thread/INFO]: [CHAT] §8[§9§lLiquidBounce§8]§r PREV YAW: 1.2660522, PREV PITCH: -2.5320897, VALID: true, PHASE: COMPLETE
[19:27:23] [Client thread/INFO]: [CHAT] §8[§9§lLiquidBounce§8]§r PREV YAW: -0.23019409, PREV PITCH: 1.9566147, VALID: false, PHASE: PRIMARY
[19:27:23] [Client thread/INFO]: [CHAT] §8[§9§lLiquidBounce§8]§r PREV YAW: 0.0, PREV PITCH: 5.4094644, VALID: false, PHASE: PRIMARY
[19:27:23] [Client thread/INFO]: [CHAT] §8[§9§lLiquidBounce§8]§r PREV YAW: 0.115097046, PREV PITCH: -1.2660446, VALID: true, PHASE: PRIMARY
[19:27:23] [Client thread/INFO]: [CHAT] §8[§9§lLiquidBounce§8]§r PREV YAW: 2.9924622, PREV PITCH: -3.6830394, VALID: true, PHASE: PRIMARY
[19:27:23] [Client thread/INFO]: [CHAT] §8[§9§lLiquidBounce§8]§r PREV YAW: 5.0641785, PREV PITCH: -1.1509498, VALID: true, PHASE: COMPLETE
[19:27:23] [Client thread/INFO]: [CHAT] §8[§9§lLiquidBounce§8]§r PREV YAW: 5.9849396, PREV PITCH: -0.46037993, VALID: true, PHASE: COMPLETE
[19:27:23] [Client thread/INFO]: [CHAT] §8[§9§lLiquidBounce§8]§r PREV YAW: 6.4453125, PREV PITCH: -0.11509498, VALID: true, PHASE: COMPLETE
[19:27:23] [Client thread/INFO]: [CHAT] §8[§9§lLiquidBounce§8]§r PREV YAW: 4.1434174, PREV PITCH: -0.34528494, VALID: true, PHASE: PRIMARY
[19:27:23] [Client thread/INFO]: [CHAT] §8[§9§lLiquidBounce§8]§r PREV YAW: 9.092499, PREV PITCH: -0.11509496, VALID: true, PHASE: PRIMARY
[19:27:23] [Client thread/INFO]: [CHAT] §8[§9§lLiquidBounce§8]§r PREV YAW: 11.394409, PREV PITCH: -0.23018998, VALID: true, PHASE: COMPLETE
[19:27:23] [Client thread/INFO]: [CHAT] §8[§9§lLiquidBounce§8]§r PREV YAW: 6.2151337, PREV PITCH: -0.11509496, VALID: true, PHASE: PRIMARY
[19:27:23] [Client thread/INFO]: [CHAT] §8[§9§lLiquidBounce§8]§r PREV YAW: 3.4528503, PREV PITCH: -0.34528494, VALID: true, PHASE: PRIMARY
[19:27:23] [Client thread/INFO]: [CHAT] §8[§9§lLiquidBounce§8]§r PREV YAW: 17.609528, PREV PITCH: -0.11509502, VALID: true, PHASE: COMPLETE
[19:27:23] [Client thread/INFO]: [CHAT] §8[§9§lLiquidBounce§8]§r PREV YAW: 8.977402, PREV PITCH: -0.34528494, VALID: true, PHASE: PRIMARY
[19:27:23] [Client thread/INFO]: [CHAT] §8[§9§lLiquidBounce§8]§r PREV YAW: 9.783081, PREV PITCH: 0.11509502, VALID: true, PHASE: PRIMARY
[19:27:23] [Client thread/INFO]: [CHAT] §8[§9§lLiquidBounce§8]§r PREV YAW: 15.998199, PREV PITCH: -0.34528494, VALID: true, PHASE: COMPLETE
[19:27:23] [Client thread/INFO]: [CHAT] §8[§9§lLiquidBounce§8]§r PREV YAW: 9.667969, PREV PITCH: -0.46037996, VALID: true, PHASE: PRIMARY
[19:27:24] [Client thread/INFO]: [CHAT] §8[§9§lLiquidBounce§8]§r PREV YAW: 16.803864, PREV PITCH: 0.0, VALID: true, PHASE: PRIMARY
[19:27:24] [Client thread/INFO]: [CHAT] §8[§9§lLiquidBounce§8]§r PREV YAW: 19.796326, PREV PITCH: 0.23019004, VALID: true, PHASE: COMPLETE
[19:27:24] [Client thread/INFO]: [CHAT] §8[§9§lLiquidBounce§8]§r PREV YAW: 11.739685, PREV PITCH: 0.46037996, VALID: true, PHASE: PRIMARY
[19:27:24] [Client thread/INFO]: [CHAT] §8[§9§lLiquidBounce§8]§r PREV YAW: -4.9490967, PREV PITCH: 11.049118, VALID: true, PHASE: PRIMARY
[19:27:24] [Client thread/INFO]: [CHAT] §8[§9§lLiquidBounce§8]§r PREV YAW: -7.366089, PREV PITCH: 15.768012, VALID: true, PHASE: COMPLETE
[19:27:24] [Client thread/INFO]: [CHAT] §8[§9§lLiquidBounce§8]§r PREV YAW: -4.373596, PREV PITCH: 9.437788, VALID: true, PHASE: PRIMARY
[19:27:24] [Client thread/INFO]: [CHAT] §8[§9§lLiquidBounce§8]§r PREV YAW: -14.962341, PREV PITCH: 12.890636, VALID: true, PHASE: PRIMARY
[19:27:24] [Client thread/INFO]: [CHAT] §8[§9§lLiquidBounce§8]§r PREV YAW: -19.681244, PREV PITCH: -12.545353, VALID: true, PHASE: COMPLETE
[19:27:24] [Client thread/INFO]: [CHAT] §8[§9§lLiquidBounce§8]§r PREV YAW: -9.552887, PREV PITCH: -8.401934, VALID: true, PHASE: PRIMARY
[19:27:24] [Client thread/INFO]: [CHAT] §8[§9§lLiquidBounce§8]§r PREV YAW: -3.1075745, PREV PITCH: -16.803867, VALID: true, PHASE: PRIMARY
[19:27:24] [Client thread/INFO]: [CHAT] §8[§9§lLiquidBounce§8]§r PREV YAW: -0.46038818, PREV PITCH: -16.573677, VALID: true, PHASE: COMPLETE
[19:27:24] [Client thread/INFO]: [CHAT] §8[§9§lLiquidBounce§8]§r PREV YAW: -0.6905823, PREV PITCH: -8.517029, VALID: true, PHASE: PRIMARY
[19:27:24] [Client thread/INFO]: [CHAT] §8[§9§lLiquidBounce§8]§r PREV YAW: -1.4962463, PREV PITCH: -3.7981339, VALID: true, PHASE: PRIMARY
[19:27:24] [Client thread/INFO]: [CHAT] §8[§9§lLiquidBounce§8]§r PREV YAW: 0.11508179, PREV PITCH: -5.1792736, VALID: true, PHASE: COMPLETE
[19:27:24] [Client thread/INFO]: [CHAT] §8[§9§lLiquidBounce§8]§r PREV YAW: 0.46038818, PREV PITCH: 2.301899, VALID: true, PHASE: COMPLETE
[19:27:24] [Client thread/INFO]: [CHAT] §8[§9§lLiquidBounce§8]§r PREV YAW: 0.80566406, PREV PITCH: 1.7264252, VALID: true, PHASE: COMPLETE
[19:27:24] [Client thread/INFO]: [CHAT] §8[§9§lLiquidBounce§8]§r PREV YAW: 0.23019409, PREV PITCH: 4.028324, VALID: false, PHASE: PRIMARY
[19:27:24] [Client thread/INFO]: [CHAT] §8[§9§lLiquidBounce§8]§r PREV YAW: -0.46038818, PREV PITCH: 18.415197, VALID: false, PHASE: PRIMARY
[19:27:24] [Client thread/INFO]: [CHAT] §8[§9§lLiquidBounce§8]§r PREV YAW: -0.80566406, PREV PITCH: 6.445319, VALID: true, PHASE: COMPLETE
[19:27:24] [Client thread/INFO]: [CHAT] §8[§9§lLiquidBounce§8]§r PREV YAW: -1.0358582, PREV PITCH: 0.0, VALID: true, PHASE: COMPLETE
[19:27:25] [Client thread/INFO]: [CHAT] §8[§9§lLiquidBounce§8]§r PREV YAW: -1.4962311, PREV PITCH: -5.294369, VALID: true, PHASE: COMPLETE
[19:27:25] [Client thread/INFO]: [CHAT] §8[§9§lLiquidBounce§8]§r PREV YAW: 0.0, PREV PITCH: -4.9490843, VALID: true, PHASE: COMPLETE
[19:27:25] [Client thread/INFO]: [CHAT] §8[§9§lLiquidBounce§8]§r PREV YAW: -0.80566406, PREV PITCH: -3.1075644, VALID: true, PHASE: COMPLETE
[19:27:25] [Client thread/INFO]: [CHAT] §8[§9§lLiquidBounce§8]§r PREV YAW: -0.9207611, PREV PITCH: -4.028324, VALID: true, PHASE: COMPLETE
[19:27:25] [Client thread/INFO]: [CHAT] §8[§9§lLiquidBounce§8]§r PREV YAW: -1.381134, PREV PITCH: -1.1509495, VALID: true, PHASE: COMPLETE
[19:27:25] [Client thread/INFO]: [CHAT] §8[§9§lLiquidBounce§8]§r PREV YAW: -4.1434174, PREV PITCH: 1.2660446, VALID: true, PHASE: COMPLETE
[19:27:25] [Client thread/INFO]: [CHAT] §8[§9§lLiquidBounce§8]§r PREV YAW: 0.23019409, PREV PITCH: 4.6037993, VALID: true, PHASE: COMPLETE
[19:27:25] [Client thread/INFO]: [CHAT] §8[§9§lLiquidBounce§8]§r PREV YAW: -0.57547, PREV PITCH: 4.3736095, VALID: true, PHASE: COMPLETE
[19:27:25] [Client thread/INFO]: [CHAT] §8[§9§lLiquidBounce§8]§r PREV YAW: -0.23019409, PREV PITCH: -0.23018996, VALID: true, PHASE: COMPLETE
[19:27:25] [Client thread/INFO]: [CHAT] §8[§9§lLiquidBounce§8]§r PREV YAW: -0.690567, PREV PITCH: 0.8056649, VALID: true, PHASE: COMPLETE
[19:27:25] [Client thread/INFO]: [CHAT] §8[§9§lLiquidBounce§8]§r PREV YAW: -0.46037292, PREV PITCH: 2.6471846, VALID: false, PHASE: PRIMARY
[19:27:25] [Client thread/INFO]: [CHAT] §8[§9§lLiquidBounce§8]§r PREV YAW: -0.9207611, PREV PITCH: 13.466113, VALID: true, PHASE: PRIMARY
[19:27:25] [Client thread/INFO]: [CHAT] §8[§9§lLiquidBounce§8]§r PREV YAW: 1.381134, PREV PITCH: -0.46038055, VALID: true, PHASE: COMPLETE
[19:27:25] [Client thread/INFO]: [CHAT] §8[§9§lLiquidBounce§8]§r PREV YAW: 1.0358582, PREV PITCH: -2.7622795, VALID: true, PHASE: COMPLETE
[19:27:25] [Client thread/INFO]: [CHAT] §8[§9§lLiquidBounce§8]§r PREV YAW: 0.46037292, PREV PITCH: -2.7622795, VALID: true, PHASE: PRIMARY
[19:27:25] [Client thread/INFO]: [CHAT] §8[§9§lLiquidBounce§8]§r PREV YAW: 0.57547, PREV PITCH: -8.517029, VALID: true, PHASE: PRIMARY
[19:27:25] [Client thread/INFO]: [CHAT] §8[§9§lLiquidBounce§8]§r PREV YAW: -0.80566406, PREV PITCH: -5.984939, VALID: true, PHASE: COMPLETE
[19:27:25] [Client thread/INFO]: [CHAT] §8[§9§lLiquidBounce§8]§r PREV YAW: 3.1075592, PREV PITCH: -4.028324, VALID: true, PHASE: COMPLETE
[19:27:25] [Client thread/INFO]: [CHAT] §8[§9§lLiquidBounce§8]§r PREV YAW: 0.23019409, PREV PITCH: -1.8415198, VALID: true, PHASE: COMPLETE
[19:27:25] [Client thread/INFO]: [CHAT] §8[§9§lLiquidBounce§8]§r PREV YAW: 0.34529114, PREV PITCH: -3.5679445, VALID: true, PHASE: COMPLETE
[19:27:26] [Client thread/INFO]: [CHAT] §8[§9§lLiquidBounce§8]§r PREV YAW: 0.34529114, PREV PITCH: 0.23019028, VALID: true, PHASE: COMPLETE
[19:27:26] [Client thread/INFO]: [CHAT] §8[§9§lLiquidBounce§8]§r PREV YAW: -1.381134, PREV PITCH: 4.718894, VALID: true, PHASE: COMPLETE
[19:27:26] [Client thread/INFO]: [CHAT] §8[§9§lLiquidBounce§8]§r PREV YAW: -1.0358582, PREV PITCH: 3.9132295, VALID: false, PHASE: PRIMARY
[19:27:26] [Client thread/INFO]: [CHAT] §8[§9§lLiquidBounce§8]§r PREV YAW: 0.80566406, PREV PITCH: 6.445319, VALID: true, PHASE: PRIMARY
[19:27:26] [Client thread/INFO]: [CHAT] §8[§9§lLiquidBounce§8]§r PREV YAW: 0.23019409, PREV PITCH: 1.3811398, VALID: true, PHASE: COMPLETE
[19:27:26] [Client thread/INFO]: [CHAT] §8[§9§lLiquidBounce§8]§r PREV YAW: -0.115097046, PREV PITCH: -0.9207599, VALID: true, PHASE: COMPLETE
[19:27:26] [Client thread/INFO]: [CHAT] §8[§9§lLiquidBounce§8]§r PREV YAW: 0.34529114, PREV PITCH: -2.6471846, VALID: true, PHASE: COMPLETE
[19:27:26] [Client thread/INFO]: [CHAT] §8[§9§lLiquidBounce§8]§r PREV YAW: 0.34529114, PREV PITCH: -2.8773744, VALID: true, PHASE: COMPLETE
[19:27:26] [Client thread/INFO]: [CHAT] §8[§9§lLiquidBounce§8]§r PREV YAW: 0.23019409, PREV PITCH: -1.1509497, VALID: true, PHASE: COMPLETE
[19:27:26] [Client thread/INFO]: [CHAT] §8[§9§lLiquidBounce§8]§r PREV YAW: 0.23019409, PREV PITCH: -2.5320895, VALID: true, PHASE: COMPLETE
[19:27:26] [Client thread/INFO]: [CHAT] §8[§9§lLiquidBounce§8]§r PREV YAW: 0.9207611, PREV PITCH: 0.34528494, VALID: true, PHASE: COMPLETE
[19:27:26] [Client thread/INFO]: [CHAT] §8[§9§lLiquidBounce§8]§r PREV YAW: 0.57547, PREV PITCH: 2.6471846, VALID: true, PHASE: COMPLETE
[19:27:26] [Client thread/INFO]: [CHAT] §8[§9§lLiquidBounce§8]§r PREV YAW: 3.2226562, PREV PITCH: 1.8415197, VALID: true, PHASE: COMPLETE
[19:27:26] [Client thread/INFO]: [CHAT] §8[§9§lLiquidBounce§8]§r PREV YAW: 2.4169922, PREV PITCH: 2.0717096, VALID: true, PHASE: COMPLETE
[19:27:26] [Client thread/INFO]: [CHAT] §8[§9§lLiquidBounce§8]§r PREV YAW: 5.9849243, PREV PITCH: -0.46037993, VALID: true, PHASE: COMPLETE
[19:27:26] [Client thread/INFO]: [CHAT] §8[§9§lLiquidBounce§8]§r PREV YAW: 3.9132385, PREV PITCH: 0.0, VALID: true, PHASE: PRIMARY
[19:27:26] [Client thread/INFO]: [CHAT] §8[§9§lLiquidBounce§8]§r PREV YAW: 11.739685, PREV PITCH: -0.57547486, VALID: true, PHASE: PRIMARY
[19:27:26] [Client thread/INFO]: [CHAT] §8[§9§lLiquidBounce§8]§r PREV YAW: 21.292572, PREV PITCH: -1.1509497, VALID: true, PHASE: COMPLETE
[19:27:26] [Client thread/INFO]: [CHAT] §8[§9§lLiquidBounce§8]§r PREV YAW: 15.883118, PREV PITCH: -0.11509502, VALID: true, PHASE: PRIMARY
[19:27:26] [Client thread/INFO]: [CHAT] §8[§9§lLiquidBounce§8]§r PREV YAW: 24.169952, PREV PITCH: -0.11509502, VALID: false, PHASE: PRIMARY
[19:27:27] [Client thread/INFO]: [CHAT] §8[§9§lLiquidBounce§8]§r PREV YAW: 24.63034, PREV PITCH: -0.57547486, VALID: false, PHASE: PRIMARY
[19:27:27] [Client thread/INFO]: [CHAT] §8[§9§lLiquidBounce§8]§r PREV YAW: 22.213318, PREV PITCH: -7.481174, VALID: true, PHASE: COMPLETE
[19:27:27] [Client thread/INFO]: [CHAT] §8[§9§lLiquidBounce§8]§r PREV YAW: 8.056641, PREV PITCH: -5.2943687, VALID: true, PHASE: PRIMARY
[19:27:27] [Client thread/INFO]: [CHAT] §8[§9§lLiquidBounce§8]§r PREV YAW: -5.8698425, PREV PITCH: -1.2660446, VALID: true, PHASE: PRIMARY
[19:27:27] [Client thread/INFO]: [CHAT] §8[§9§lLiquidBounce§8]§r PREV YAW: -9.552887, PREV PITCH: -0.46038055, VALID: true, PHASE: COMPLETE
[19:27:27] [Client thread/INFO]: [CHAT] §8[§9§lLiquidBounce§8]§r PREV YAW: -5.6396484, PREV PITCH: 0.11509514, VALID: true, PHASE: PRIMARY
[19:27:27] [Client thread/INFO]: [CHAT] §8[§9§lLiquidBounce§8]§r PREV YAW: -13.696289, PREV PITCH: 7.5962687, VALID: true, PHASE: PRIMARY
[19:27:27] [Client thread/INFO]: [CHAT] §8[§9§lLiquidBounce§8]§r PREV YAW: -22.788818, PREV PITCH: 27.737892, VALID: true, PHASE: PRIMARY
[19:27:27] [Client thread/INFO]: [CHAT] §8[§9§lLiquidBounce§8]§r PREV YAW: -24.63034, PREV PITCH: -4.833989, VALID: false, PHASE: PRIMARY
[19:27:27] [Client thread/INFO]: [CHAT] §8[§9§lLiquidBounce§8]§r PREV YAW: -22.558624, PREV PITCH: 5.7547483, VALID: false, PHASE: PRIMARY
[19:27:27] [Client thread/INFO]: [CHAT] §8[§9§lLiquidBounce§8]§r PREV YAW: -21.983154, PREV PITCH: 10.243454, VALID: false, PHASE: PRIMARY
[19:27:27] [Client thread/INFO]: [CHAT] §8[§9§lLiquidBounce§8]§r PREV YAW: -11.509491, PREV PITCH: 4.718893, VALID: true, PHASE: PRIMARY
[19:27:27] [Client thread/INFO]: [CHAT] §8[§9§lLiquidBounce§8]§r PREV YAW: 1.0358582, PREV PITCH: -2.0717087, VALID: true, PHASE: COMPLETE
[19:27:27] [Client thread/INFO]: [CHAT] §8[§9§lLiquidBounce§8]§r PREV YAW: 2.3019104, PREV PITCH: -4.028324, VALID: true, PHASE: COMPLETE
[19:27:27] [Client thread/INFO]: [CHAT] §8[§9§lLiquidBounce§8]§r PREV YAW: 1.2660522, PREV PITCH: -5.8698444, VALID: true, PHASE: COMPLETE
[19:27:27] [Client thread/INFO]: [CHAT] §8[§9§lLiquidBounce§8]§r PREV YAW: 0.23019409, PREV PITCH: -5.8698444, VALID: true, PHASE: COMPLETE
[19:27:27] [Client thread/INFO]: [CHAT] §8[§9§lLiquidBounce§8]§r PREV YAW: 0.11508179, PREV PITCH: -4.833989, VALID: true, PHASE: COMPLETE
[19:27:27] [Client thread/INFO]: [CHAT] §8[§9§lLiquidBounce§8]§r PREV YAW: 0.11508179, PREV PITCH: -6.100034, VALID: true, PHASE: COMPLETE
[19:27:27] [Client thread/INFO]: [CHAT] §8[§9§lLiquidBounce§8]§r PREV YAW: -0.80566406, PREV PITCH: -3.6830394, VALID: true, PHASE: COMPLETE
[19:27:27] [Client thread/INFO]: [CHAT] §8[§9§lLiquidBounce§8]§r PREV YAW: -0.34527588, PREV PITCH: -5.294369, VALID: true, PHASE: COMPLETE
[19:27:28] [Client thread/INFO]: [CHAT] §8[§9§lLiquidBounce§8]§r PREV YAW: -1.4962463, PREV PITCH: -0.46037984, VALID: true, PHASE: COMPLETE
[19:27:28] [Client thread/INFO]: [CHAT] §8[§9§lLiquidBounce§8]§r PREV YAW: -0.46038818, PREV PITCH: 4.1434193, VALID: true, PHASE: COMPLETE
[19:27:28] [Client thread/INFO]: [CHAT] §8[§9§lLiquidBounce§8]§r PREV YAW: 0.11508179, PREV PITCH: -3.4528494, VALID: true, PHASE: COMPLETE
[19:27:28] [Client thread/INFO]: [CHAT] §8[§9§lLiquidBounce§8]§r PREV YAW: 0.34527588, PREV PITCH: -2.4169946, VALID: true, PHASE: COMPLETE
[19:27:28] [Client thread/INFO]: [CHAT] §8[§9§lLiquidBounce§8]§r PREV YAW: 0.11508179, PREV PITCH: -2.0717096, VALID: true, PHASE: COMPLETE
[19:27:28] [Client thread/INFO]: [CHAT] §8[§9§lLiquidBounce§8]§r PREV YAW: 1.8415222, PREV PITCH: -3.9132295, VALID: true, PHASE: COMPLETE
[19:27:28] [Client thread/INFO]: [CHAT] §8[§9§lLiquidBounce§8]§r PREV YAW: 0.46038818, PREV PITCH: 0.0, VALID: true, PHASE: COMPLETE
[19:27:28] [Client thread/INFO]: [CHAT] §8[§9§lLiquidBounce§8]§r PREV YAW: 1.2660522, PREV PITCH: -1.8415194, VALID: true, PHASE: COMPLETE
[19:27:28] [Client thread/INFO]: [CHAT] §8[§9§lLiquidBounce§8]§r PREV YAW: -0.80566406, PREV PITCH: 2.416995, VALID: true, PHASE: COMPLETE
[19:27:28] [Client thread/INFO]: [CHAT] §8[§9§lLiquidBounce§8]§r PREV YAW: -0.23019409, PREV PITCH: 1.9566145, VALID: true, PHASE: COMPLETE
[19:27:28] [Client thread/INFO]: [CHAT] §8[§9§lLiquidBounce§8]§r PREV YAW: 0.0, PREV PITCH: 3.7981343, VALID: true, PHASE: COMPLETE
[19:27:28] [Client thread/INFO]: [CHAT] §8[§9§lLiquidBounce§8]§r PREV YAW: -1.381134, PREV PITCH: 5.179274, VALID: true, PHASE: COMPLETE
[19:27:28] [Client thread/INFO]: [CHAT] §8[§9§lLiquidBounce§8]§r PREV YAW: -2.4169922, PREV PITCH: -3.7981343, VALID: true, PHASE: COMPLETE
[19:27:28] [Client thread/INFO]: [CHAT] §8[§9§lLiquidBounce§8]§r PREV YAW: -2.0717163, PREV PITCH: -2.1868048, VALID: true, PHASE: COMPLETE
[19:27:28] [Client thread/INFO]: [CHAT] §8[§9§lLiquidBounce§8]§r PREV YAW: -1.6113281, PREV PITCH: -4.6037993, VALID: true, PHASE: COMPLETE
[19:27:28] [Client thread/INFO]: [CHAT] §8[§9§lLiquidBounce§8]§r PREV YAW: -2.0717163, PREV PITCH: -3.107565, VALID: true, PHASE: COMPLETE
[19:27:28] [Client thread/INFO]: [CHAT] §8[§9§lLiquidBounce§8]§r PREV YAW: -1.381134, PREV PITCH: -0.6905699, VALID: true, PHASE: COMPLETE
[19:27:28] [Client thread/INFO]: [CHAT] §8[§9§lLiquidBounce§8]§r PREV YAW: 0.23019409, PREV PITCH: -1.0358553, VALID: true, PHASE: COMPLETE
[19:27:28] [Client thread/INFO]: [CHAT] §8[§9§lLiquidBounce§8]§r PREV YAW: -1.0358582, PREV PITCH: 2.1868048, VALID: true, PHASE: COMPLETE
[19:27:28] [Client thread/INFO]: [CHAT] §8[§9§lLiquidBounce§8]§r PREV YAW: -0.9207611, PREV PITCH: 2.416995, VALID: true, PHASE: COMPLETE
[19:27:29] [Client thread/INFO]: [CHAT] §8[§9§lLiquidBounce§8]§r PREV YAW: -0.690567, PREV PITCH: 5.984939, VALID: true, PHASE: COMPLETE
[19:27:29] [Client thread/INFO]: [CHAT] §8[§9§lLiquidBounce§8]§r PREV YAW: -1.2660522, PREV PITCH: 5.0641794, VALID: true, PHASE: COMPLETE
[19:27:29] [Client thread/INFO]: [CHAT] §8[§9§lLiquidBounce§8]§r PREV YAW: 2.3018951, PREV PITCH: -3.7981343, VALID: true, PHASE: COMPLETE
[19:27:29] [Client thread/INFO]: [CHAT] §8[§9§lLiquidBounce§8]§r PREV YAW: 1.0358582, PREV PITCH: -2.1868045, VALID: true, PHASE: COMPLETE
[19:27:29] [Client thread/INFO]: [CHAT] §8[§9§lLiquidBounce§8]§r PREV YAW: -0.115097046, PREV PITCH: -4.2585144, VALID: true, PHASE: COMPLETE
[19:27:29] [Client thread/INFO]: [CHAT] §8[§9§lLiquidBounce§8]§r PREV YAW: 0.9207611, PREV PITCH: -3.3377542, VALID: true, PHASE: COMPLETE
[19:27:29] [Client thread/INFO]: [CHAT] §8[§9§lLiquidBounce§8]§r PREV YAW: 2.5320892, PREV PITCH: -1.4962349, VALID: true, PHASE: COMPLETE
[19:27:29] [Client thread/INFO]: [CHAT] §8[§9§lLiquidBounce§8]§r PREV YAW: 1.4962463, PREV PITCH: -0.6905699, VALID: true, PHASE: COMPLETE
[19:27:29] [Client thread/INFO]: [CHAT] §8[§9§lLiquidBounce§8]§r PREV YAW: 1.381134, PREV PITCH: 1.9566145, VALID: true, PHASE: COMPLETE
[19:27:29] [Client thread/INFO]: [CHAT] §8[§9§lLiquidBounce§8]§r PREV YAW: 1.15094, PREV PITCH: 2.416995, VALID: true, PHASE: COMPLETE
[19:27:29] [Client thread/INFO]: [CHAT] §8[§9§lLiquidBounce§8]§r PREV YAW: 0.92074585, PREV PITCH: 6.100034, VALID: true, PHASE: COMPLETE
[19:27:29] [Client thread/INFO]: [CHAT] §8[§9§lLiquidBounce§8]§r PREV YAW: 0.6905823, PREV PITCH: 5.294369, VALID: true, PHASE: COMPLETE
[19:27:29] [Client thread/INFO]: [CHAT] §8[§9§lLiquidBounce§8]§r PREV YAW: -0.11508179, PREV PITCH: -4.028324, VALID: true, PHASE: COMPLETE
[19:27:29] [Client thread/INFO]: [CHAT] §8[§9§lLiquidBounce§8]§r PREV YAW: -0.11508179, PREV PITCH: -2.1868045, VALID: true, PHASE: COMPLETE
[19:27:29] [Client thread/INFO]: [CHAT] §8[§9§lLiquidBounce§8]§r PREV YAW: -1.381134, PREV PITCH: -4.4887047, VALID: true, PHASE: COMPLETE
[19:27:29] [Client thread/INFO]: [CHAT] §8[§9§lLiquidBounce§8]§r PREV YAW: -1.0358582, PREV PITCH: -3.5679445, VALID: true, PHASE: COMPLETE
[19:27:29] [Client thread/INFO]: [CHAT] §8[§9§lLiquidBounce§8]§r PREV YAW: -0.6905823, PREV PITCH: -0.92076015, VALID: true, PHASE: COMPLETE
[19:27:29] [Client thread/INFO]: [CHAT] §8[§9§lLiquidBounce§8]§r PREV YAW: -0.46038818, PREV PITCH: -1.1509504, VALID: true, PHASE: COMPLETE
[19:27:29] [Client thread/INFO]: [CHAT] §8[§9§lLiquidBounce§8]§r PREV YAW: -0.6905823, PREV PITCH: 2.8773746, VALID: true, PHASE: COMPLETE
[19:27:29] [Client thread/INFO]: [CHAT] §8[§9§lLiquidBounce§8]§r PREV YAW: -0.57547, PREV PITCH: 2.6471844, VALID: true, PHASE: COMPLETE
[19:27:30] [Client thread/INFO]: [CHAT] §8[§9§lLiquidBounce§8]§r PREV YAW: -0.690567, PREV PITCH: 5.869844, VALID: true, PHASE: COMPLETE
[19:27:30] [Client thread/INFO]: [CHAT] §8[§9§lLiquidBounce§8]§r PREV YAW: -1.0358582, PREV PITCH: 4.9490843, VALID: true, PHASE: COMPLETE
[19:27:30] [Client thread/INFO]: [CHAT] §8[§9§lLiquidBounce§8]§r PREV YAW: 0.80566406, PREV PITCH: -3.7981346, VALID: true, PHASE: COMPLETE
[19:27:30] [Client thread/INFO]: [CHAT] §8[§9§lLiquidBounce§8]§r PREV YAW: 0.23019409, PREV PITCH: -2.0717099, VALID: true, PHASE: COMPLETE
[19:27:30] [Client thread/INFO]: [CHAT] §8[§9§lLiquidBounce§8]§r PREV YAW: -0.57547, PREV PITCH: -4.1434197, VALID: true, PHASE: COMPLETE
[19:27:30] [Client thread/INFO]: [CHAT] §8[§9§lLiquidBounce§8]§r PREV YAW: 0.57547, PREV PITCH: -3.4528494, VALID: true, PHASE: COMPLETE
[19:27:30] [Client thread/INFO]: [CHAT] §8[§9§lLiquidBounce§8]§r PREV YAW: 2.647171, PREV PITCH: -0.92076015, VALID: true, PHASE: COMPLETE
[19:27:30] [Client thread/INFO]: [CHAT] §8[§9§lLiquidBounce§8]§r PREV YAW: 1.0358582, PREV PITCH: -1.1509495, VALID: true, PHASE: COMPLETE
[19:27:30] [Client thread/INFO]: [CHAT] §8[§9§lLiquidBounce§8]§r PREV YAW: 0.92074585, PREV PITCH: 1.9566145, VALID: true, PHASE: COMPLETE
[19:27:30] [Client thread/INFO]: [CHAT] §8[§9§lLiquidBounce§8]§r PREV YAW: 0.6905823, PREV PITCH: 2.3019, VALID: true, PHASE: COMPLETE
[19:27:30] [Client thread/INFO]: [CHAT] §8[§9§lLiquidBounce§8]§r PREV YAW: 1.2660522, PREV PITCH: 6.100034, VALID: true, PHASE: COMPLETE
[19:27:30] [Client thread/INFO]: [CHAT] §8[§9§lLiquidBounce§8]§r PREV YAW: 0.6905823, PREV PITCH: 5.179274, VALID: true, PHASE: COMPLETE
[19:27:30] [Client thread/INFO]: [CHAT] §8[§9§lLiquidBounce§8]§r PREV YAW: 0.11508179, PREV PITCH: -4.1434193, VALID: true, PHASE: COMPLETE
[19:27:30] [Client thread/INFO]: [CHAT] §8[§9§lLiquidBounce§8]§r PREV YAW: -0.23019409, PREV PITCH: -2.8773746, VALID: true, PHASE: COMPLETE
[19:27:30] [Client thread/INFO]: [CHAT] §8[§9§lLiquidBounce§8]§r PREV YAW: -0.57547, PREV PITCH: -5.639654, VALID: true, PHASE: COMPLETE
[19:27:30] [Client thread/INFO]: [CHAT] §8[§9§lLiquidBounce§8]§r PREV YAW: 1.15094, PREV PITCH: -2.6471844, VALID: true, PHASE: COMPLETE
[19:27:30] [Client thread/INFO]: [CHAT] §8[§9§lLiquidBounce§8]§r PREV YAW: 4.7189026, PREV PITCH: -1.0358543, VALID: true, PHASE: COMPLETE
[19:27:30] [Client thread/INFO]: [CHAT] §8[§9§lLiquidBounce§8]§r PREV YAW: 4.373596, PREV PITCH: -1.1509495, VALID: true, PHASE: COMPLETE
[19:27:30] [Client thread/INFO]: [CHAT] §8[§9§lLiquidBounce§8]§r PREV YAW: 4.4887085, PREV PITCH: 4.028324, VALID: true, PHASE: COMPLETE
[19:27:30] [Client thread/INFO]: [CHAT] §8[§9§lLiquidBounce§8]§r PREV YAW: 2.6471863, PREV PITCH: 3.107565, VALID: true, PHASE: PRIMARY
[19:27:31] [Client thread/INFO]: [CHAT] §8[§9§lLiquidBounce§8]§r PREV YAW: 6.4453125, PREV PITCH: 4.7188945, VALID: true, PHASE: PRIMARY
[19:27:31] [Client thread/INFO]: [CHAT] §8[§9§lLiquidBounce§8]§r PREV YAW: 8.401947, PREV PITCH: 3.6830394, VALID: true, PHASE: COMPLETE
[19:27:31] [Client thread/INFO]: [CHAT] §8[§9§lLiquidBounce§8]§r PREV YAW: 1.0358582, PREV PITCH: -2.5320895, VALID: true, PHASE: COMPLETE
[19:27:31] [Client thread/INFO]: [CHAT] §8[§9§lLiquidBounce§8]§r PREV YAW: 1.2660522, PREV PITCH: -3.3377542, VALID: true, PHASE: COMPLETE
[19:27:31] [Client thread/INFO]: [CHAT] §8[§9§lLiquidBounce§8]§r PREV YAW: 1.0358582, PREV PITCH: -1.3811398, VALID: true, PHASE: COMPLETE
[19:27:31] [Client thread/INFO]: [CHAT] §8[§9§lLiquidBounce§8]§r PREV YAW: 0.80566406, PREV PITCH: -2.1868048, VALID: true, PHASE: COMPLETE
[19:27:31] [Client thread/INFO]: [CHAT] §8[§9§lLiquidBounce§8]§r PREV YAW: 2.186798, PREV PITCH: -0.57547474, VALID: true, PHASE: COMPLETE
[19:27:31] [Client thread/INFO]: [CHAT] §8[§9§lLiquidBounce§8]§r PREV YAW: 0.46038818, PREV PITCH: -0.4603796, VALID: true, PHASE: COMPLETE
[19:27:31] [Client thread/INFO]: [CHAT] §8[§9§lLiquidBounce§8]§r PREV YAW: 2.9924622, PREV PITCH: 2.416995, VALID: true, PHASE: COMPLETE
[19:27:31] [Client thread/INFO]: [CHAT] §8[§9§lLiquidBounce§8]§r PREV YAW: 3.3377686, PREV PITCH: 2.3018994, VALID: true, PHASE: COMPLETE
[19:27:31] [Client thread/INFO]: [CHAT] §8[§9§lLiquidBounce§8]§r PREV YAW: 4.1434326, PREV PITCH: 3.5679445, VALID: true, PHASE: COMPLETE
[19:27:31] [Client thread/INFO]: [CHAT] §8[§9§lLiquidBounce§8]§r PREV YAW: 4.0283203, PREV PITCH: 4.1434193, VALID: true, PHASE: COMPLETE
[19:27:31] [Client thread/INFO]: [CHAT] §8[§9§lLiquidBounce§8]§r PREV YAW: 5.2943726, PREV PITCH: -3.1075644, VALID: true, PHASE: COMPLETE
[19:27:31] [Client thread/INFO]: [CHAT] §8[§9§lLiquidBounce§8]§r PREV YAW: 3.3377686, PREV PITCH: -1.9566145, VALID: true, PHASE: COMPLETE
[19:27:31] [Client thread/INFO]: [CHAT] §8[§9§lLiquidBounce§8]§r PREV YAW: 5.8698425, PREV PITCH: -1.7264247, VALID: true, PHASE: COMPLETE
[19:27:31] [Client thread/INFO]: [CHAT] §8[§9§lLiquidBounce§8]§r PREV YAW: 1.2660522, PREV PITCH: -0.6905699, VALID: true, PHASE: COMPLETE
[19:27:31] [Client thread/INFO]: [CHAT] §8[§9§lLiquidBounce§8]§r PREV YAW: -2.9924622, PREV PITCH: -4.258514, VALID: true, PHASE: COMPLETE
[19:27:31] [Client thread/INFO]: [CHAT] §8[§9§lLiquidBounce§8]§r PREV YAW: -1.0358582, PREV PITCH: -0.57547474, VALID: true, PHASE: COMPLETE
[19:27:31] [Client thread/INFO]: [CHAT] §8[§9§lLiquidBounce§8]§r PREV YAW: 0.11508179, PREV PITCH: 1.8415194, VALID: true, PHASE: COMPLETE
[19:27:31] [Client thread/INFO]: [CHAT] §8[§9§lLiquidBounce§8]§r PREV YAW: -1.8415222, PREV PITCH: 2.3019, VALID: true, PHASE: COMPLETE
[19:27:32] [Client thread/INFO]: [CHAT] §8[§9§lLiquidBounce§8]§r PREV YAW: -3.6830444, PREV PITCH: 3.3377542, VALID: true, PHASE: COMPLETE
[19:27:32] [Client thread/INFO]: [CHAT] §8[§9§lLiquidBounce§8]§r PREV YAW: -3.6830444, PREV PITCH: 4.833989, VALID: true, PHASE: COMPLETE
[19:27:32] [Client thread/INFO]: [CHAT] §8[§9§lLiquidBounce§8]§r PREV YAW: -3.5679321, PREV PITCH: -4.0283246, VALID: true, PHASE: COMPLETE
[19:27:32] [Client thread/INFO]: [CHAT] §8[§9§lLiquidBounce§8]§r PREV YAW: -4.0283203, PREV PITCH: -2.3018997, VALID: true, PHASE: COMPLETE
[19:27:32] [Client thread/INFO]: [CHAT] §8[§9§lLiquidBounce§8]§r PREV YAW: -3.3377686, PREV PITCH: -2.9924698, VALID: true, PHASE: COMPLETE
[19:27:32] [Client thread/INFO]: [CHAT] §8[§9§lLiquidBounce§8]§r PREV YAW: -1.7264099, PREV PITCH: -2.9924698, VALID: true, PHASE: COMPLETE
[19:27:32] [Client thread/INFO]: [CHAT] §8[§9§lLiquidBounce§8]§r PREV YAW: -0.57547, PREV PITCH: -1.1509495, VALID: true, PHASE: COMPLETE
[19:27:32] [Client thread/INFO]: [CHAT] §8[§9§lLiquidBounce§8]§r PREV YAW: 0.11508179, PREV PITCH: -1.1509495, VALID: true, PHASE: COMPLETE
[19:27:32] [Client thread/INFO]: [CHAT] §8[§9§lLiquidBounce§8]§r PREV YAW: -1.0358582, PREV PITCH: 2.7622795, VALID: true, PHASE: COMPLETE
[19:27:32] [Client thread/INFO]: [CHAT] §8[§9§lLiquidBounce§8]§r PREV YAW: 2.0717163, PREV PITCH: 1.61133, VALID: true, PHASE: COMPLETE
[19:27:32] [Client thread/INFO]: [CHAT] §8[§9§lLiquidBounce§8]§r PREV YAW: 3.2226562, PREV PITCH: 4.9490843, VALID: true, PHASE: COMPLETE
[19:27:32] [Client thread/INFO]: [CHAT] §8[§9§lLiquidBounce§8]§r PREV YAW: 4.373596, PREV PITCH: 5.294369, VALID: true, PHASE: COMPLETE
[19:27:32] [Client thread/INFO]: [CHAT] §8[§9§lLiquidBounce§8]§r PREV YAW: 3.7981262, PREV PITCH: -4.028324, VALID: true, PHASE: COMPLETE
[19:27:32] [Client thread/INFO]: [CHAT] §8[§9§lLiquidBounce§8]§r PREV YAW: 3.9132385, PREV PITCH: -2.1868045, VALID: true, PHASE: COMPLETE
[19:27:32] [Client thread/INFO]: [CHAT] §8[§9§lLiquidBounce§8]§r PREV YAW: 4.1434326, PREV PITCH: -2.4169946, VALID: true, PHASE: COMPLETE
[19:27:32] [Client thread/INFO]: [CHAT] §8[§9§lLiquidBounce§8]§r PREV YAW: 2.762268, PREV PITCH: -3.6830397, VALID: true, PHASE: COMPLETE
[19:27:32] [Client thread/INFO]: [CHAT] §8[§9§lLiquidBounce§8]§r PREV YAW: 4.373596, PREV PITCH: -0.4603796, VALID: true, PHASE: COMPLETE
[19:27:32] [Client thread/INFO]: [CHAT] §8[§9§lLiquidBounce§8]§r PREV YAW: 2.186798, PREV PITCH: -0.34528542, VALID: true, PHASE: COMPLETE
[19:27:32] [Client thread/INFO]: [CHAT] §8[§9§lLiquidBounce§8]§r PREV YAW: 1.6113281, PREV PITCH: 2.416995, VALID: true, PHASE: COMPLETE
[19:27:32] [Client thread/INFO]: [CHAT] §8[§9§lLiquidBounce§8]§r PREV YAW: 0.11508179, PREV PITCH: 0.11509514, VALID: true, PHASE: COMPLETE
[19:27:33] [Client thread/INFO]: [CHAT] §8[§9§lLiquidBounce§8]§r PREV YAW: -1.956604, PREV PITCH: 5.524559, VALID: true, PHASE: COMPLETE
[19:27:33] [Client thread/INFO]: [CHAT] §8[§9§lLiquidBounce§8]§r PREV YAW: -3.7981262, PREV PITCH: 5.0641794, VALID: true, PHASE: COMPLETE
[19:27:33] [Client thread/INFO]: [CHAT] §8[§9§lLiquidBounce§8]§r PREV YAW: -4.0283203, PREV PITCH: -4.4887047, VALID: true, PHASE: COMPLETE
[19:27:33] [Client thread/INFO]: [CHAT] §8[§9§lLiquidBounce§8]§r PREV YAW: -3.9132385, PREV PITCH: -2.3018994, VALID: true, PHASE: COMPLETE
[19:27:33] [Client thread/INFO]: [CHAT] §8[§9§lLiquidBounce§8]§r PREV YAW: -3.5679321, PREV PITCH: -4.258514, VALID: true, PHASE: COMPLETE
[19:27:33] [Client thread/INFO]: [CHAT] §8[§9§lLiquidBounce§8]§r PREV YAW: -0.6905823, PREV PITCH: -4.1434193, VALID: true, PHASE: COMPLETE
[19:27:33] [Client thread/INFO]: [CHAT] §8[§9§lLiquidBounce§8]§r PREV YAW: -0.34527588, PREV PITCH: -1.7264252, VALID: true, PHASE: COMPLETE
[19:27:33] [Client thread/INFO]: [CHAT] §8[§9§lLiquidBounce§8]§r PREV YAW: 0.46038818, PREV PITCH: -2.1868038, VALID: true, PHASE: COMPLETE
[19:27:33] [Client thread/INFO]: [CHAT] §8[§9§lLiquidBounce§8]§r PREV YAW: 0.23019409, PREV PITCH: 0.69057083, VALID: true, PHASE: COMPLETE
[19:27:33] [Client thread/INFO]: [CHAT] §8[§9§lLiquidBounce§8]§r PREV YAW: 0.34527588, PREV PITCH: -0.11509514, VALID: true, PHASE: COMPLETE
[19:27:33] [Client thread/INFO]: [CHAT] §8[§9§lLiquidBounce§8]§r PREV YAW: 0.11508179, PREV PITCH: 4.2585144, VALID: true, PHASE: COMPLETE
[19:27:33] [Client thread/INFO]: [CHAT] §8[§9§lLiquidBounce§8]§r PREV YAW: 2.4169922, PREV PITCH: 4.028324, VALID: true, PHASE: COMPLETE
[19:27:33] [Client thread/INFO]: [CHAT] §8[§9§lLiquidBounce§8]§r PREV YAW: 3.5679321, PREV PITCH: 0.57547474, VALID: true, PHASE: COMPLETE
[19:27:33] [Client thread/INFO]: [CHAT] §8[§9§lLiquidBounce§8]§r PREV YAW: 3.7981262, PREV PITCH: 3.1075644, VALID: true, PHASE: COMPLETE
[19:27:33] [Client thread/INFO]: [CHAT] §8[§9§lLiquidBounce§8]§r PREV YAW: 2.5321045, PREV PITCH: -2.5320897, VALID: true, PHASE: COMPLETE
[19:27:33] [Client thread/INFO]: [CHAT] §8[§9§lLiquidBounce§8]§r PREV YAW: 1.956604, PREV PITCH: -1.7264252, VALID: true, PHASE: COMPLETE
[19:27:33] [Client thread/INFO]: [CHAT] §8[§9§lLiquidBounce§8]§r PREV YAW: 2.186798, PREV PITCH: 0.0, VALID: true, PHASE: COMPLETE
[19:27:33] [Client thread/INFO]: [CHAT] §8[§9§lLiquidBounce§8]§r PREV YAW: 1.4962463, PREV PITCH: 0.0, VALID: true, PHASE: COMPLETE
[19:27:33] [Client thread/INFO]: [CHAT] §8[§9§lLiquidBounce§8]§r PREV YAW: 1.956604, PREV PITCH: 1.9566145, VALID: true, PHASE: COMPLETE
[19:27:33] [Client thread/INFO]: [CHAT] §8[§9§lLiquidBounce§8]§r PREV YAW: 0.57547, PREV PITCH: 1.3811398, VALID: true, PHASE: COMPLETE
[19:27:34] [Client thread/INFO]: [CHAT] §8[§9§lLiquidBounce§8]§r PREV YAW: 0.92074585, PREV PITCH: 2.5320897, VALID: true, PHASE: COMPLETE
[19:27:34] [Client thread/INFO]: [CHAT] §8[§9§lLiquidBounce§8]§r PREV YAW: -0.46038818, PREV PITCH: 3.2226596, VALID: true, PHASE: COMPLETE
[19:27:34] [Client thread/INFO]: [CHAT] §8[§9§lLiquidBounce§8]§r PREV YAW: 0.80566406, PREV PITCH: 1.0358548, VALID: true, PHASE: COMPLETE
[19:27:34] [Client thread/INFO]: [CHAT] §8[§9§lLiquidBounce§8]§r PREV YAW: 0.46038818, PREV PITCH: 1.6113298, VALID: true, PHASE: COMPLETE
[19:27:34] [Client thread/INFO]: [CHAT] §8[§9§lLiquidBounce§8]§r PREV YAW: 4.8339844, PREV PITCH: -0.6905699, VALID: true, PHASE: COMPLETE
[19:27:34] [Client thread/INFO]: [CHAT] §8[§9§lLiquidBounce§8]§r PREV YAW: 6.1000366, PREV PITCH: 0.0, VALID: true, PHASE: COMPLETE
[19:27:34] [Client thread/INFO]: [CHAT] §8[§9§lLiquidBounce§8]§r PREV YAW: 4.7189026, PREV PITCH: -0.46037993, VALID: false, PHASE: PRIMARY
[19:27:34] [Client thread/INFO]: [CHAT] §8[§9§lLiquidBounce§8]§r PREV YAW: 17.72464, PREV PITCH: -0.6905699, VALID: false, PHASE: PRIMARY
[19:27:34] [Client thread/INFO]: [CHAT] §8[§9§lLiquidBounce§8]§r PREV YAW: 24.63034, PREV PITCH: -0.9207599, VALID: false, PHASE: PRIMARY
[19:27:34] [Client thread/INFO]: [CHAT] §8[§9§lLiquidBounce§8]§r PREV YAW: 24.63034, PREV PITCH: 0.11509502, VALID: false, PHASE: PRIMARY
[19:27:34] [Client thread/INFO]: [CHAT] §8[§9§lLiquidBounce§8]§r PREV YAW: -1.15094, PREV PITCH: 11.279308, VALID: true, PHASE: COMPLETE
[19:27:34] [Client thread/INFO]: [CHAT] §8[§9§lLiquidBounce§8]§r PREV YAW: -1.2660522, PREV PITCH: 6.330224, VALID: true, PHASE: PRIMARY
[19:27:34] [Client thread/INFO]: [CHAT] §8[§9§lLiquidBounce§8]§r PREV YAW: -19.681244, PREV PITCH: 0.23019028, VALID: true, PHASE: PRIMARY
[19:27:34] [Client thread/INFO]: [CHAT] §8[§9§lLiquidBounce§8]§r PREV YAW: -16.688782, PREV PITCH: -1.9566145, VALID: true, PHASE: COMPLETE
[19:27:34] [Client thread/INFO]: [CHAT] §8[§9§lLiquidBounce§8]§r PREV YAW: -9.898163, PREV PITCH: -2.1868048, VALID: true, PHASE: PRIMARY
[19:27:34] [Client thread/INFO]: [CHAT] §8[§9§lLiquidBounce§8]§r PREV YAW: -9.898163, PREV PITCH: -9.437788, VALID: true, PHASE: PRIMARY
[19:27:34] [Client thread/INFO]: [CHAT] §8[§9§lLiquidBounce§8]§r PREV YAW: -10.243439, PREV PITCH: -6.1000338, VALID: true, PHASE: COMPLETE
[19:27:34] [Client thread/INFO]: [CHAT] §8[§9§lLiquidBounce§8]§r PREV YAW: -4.7189026, PREV PITCH: -3.6830394, VALID: true, PHASE: COMPLETE
[19:27:34] [Client thread/INFO]: [CHAT] §8[§9§lLiquidBounce§8]§r PREV YAW: -4.0283203, PREV PITCH: -1.3811402, VALID: true, PHASE: COMPLETE
[19:27:34] [Client thread/INFO]: [CHAT] §8[§9§lLiquidBounce§8]§r PREV YAW: -3.2226562, PREV PITCH: -1.4962349, VALID: true, PHASE: COMPLETE
[19:27:35] [Client thread/INFO]: [CHAT] §8[§9§lLiquidBounce§8]§r PREV YAW: -2.186798, PREV PITCH: 0.6905699, VALID: true, PHASE: COMPLETE
[19:27:35] [Client thread/INFO]: [CHAT] §8[§9§lLiquidBounce§8]§r PREV YAW: -2.4169922, PREV PITCH: 1.4962349, VALID: true, PHASE: COMPLETE
[19:27:35] [Client thread/INFO]: [CHAT] §8[§9§lLiquidBounce§8]§r PREV YAW: 3.2226562, PREV PITCH: 0.34528494, VALID: true, PHASE: COMPLETE
[19:27:35] [Client thread/INFO]: [CHAT] §8[§9§lLiquidBounce§8]§r PREV YAW: 2.3019104, PREV PITCH: 0.46038008, VALID: true, PHASE: COMPLETE
[19:27:35] [Client thread/INFO]: [CHAT] §8[§9§lLiquidBounce§8]§r PREV YAW: 6.2151184, PREV PITCH: -2.9924698, VALID: true, PHASE: COMPLETE
[19:27:35] [Client thread/INFO]: [CHAT] §8[§9§lLiquidBounce§8]§r PREV YAW: 4.9490967, PREV PITCH: -1.1509495, VALID: true, PHASE: COMPLETE
[19:27:35] [Client thread/INFO]: [CHAT] §8[§9§lLiquidBounce§8]§r PREV YAW: 4.373596, PREV PITCH: -0.57547474, VALID: true, PHASE: COMPLETE
[19:27:35] [Client thread/INFO]: [CHAT] §8[§9§lLiquidBounce§8]§r PREV YAW: 2.3019104, PREV PITCH: -0.6905699, VALID: true, PHASE: COMPLETE
[19:27:35] [Client thread/INFO]: [CHAT] §8[§9§lLiquidBounce§8]§r PREV YAW: 2.0717163, PREV PITCH: 1.9566145, VALID: true, PHASE: COMPLETE
[19:27:35] [Client thread/INFO]: [CHAT] §8[§9§lLiquidBounce§8]§r PREV YAW: 2.0717163, PREV PITCH: 0.34528542, VALID: true, PHASE: COMPLETE
[19:27:35] [Client thread/INFO]: [CHAT] §8[§9§lLiquidBounce§8]§r PREV YAW: 1.0358582, PREV PITCH: 4.2585144, VALID: true, PHASE: COMPLETE
[19:27:35] [Client thread/INFO]: [CHAT] §8[§9§lLiquidBounce§8]§r PREV YAW: 0.6905823, PREV PITCH: 3.7981343, VALID: true, PHASE: COMPLETE
[19:27:35] [Client thread/INFO]: [CHAT] §8[§9§lLiquidBounce§8]§r PREV YAW: 2.186798, PREV PITCH: 1.2660449, VALID: true, PHASE: COMPLETE
[19:27:35] [Client thread/INFO]: [CHAT] §8[§9§lLiquidBounce§8]§r PREV YAW: 2.0717163, PREV PITCH: 1.8415196, VALID: true, PHASE: COMPLETE
[19:27:35] [Client thread/INFO]: [CHAT] §8[§9§lLiquidBounce§8]§r PREV YAW: 4.1434326, PREV PITCH: -0.6905699, VALID: true, PHASE: COMPLETE
[19:27:35] [Client thread/INFO]: [CHAT] §8[§9§lLiquidBounce§8]§r PREV YAW: 4.8339844, PREV PITCH: 0.0, VALID: true, PHASE: COMPLETE
[19:27:35] [Client thread/INFO]: [CHAT] §8[§9§lLiquidBounce§8]§r PREV YAW: 3.3377686, PREV PITCH: -0.8056649, VALID: true, PHASE: COMPLETE
[19:27:35] [Client thread/INFO]: [CHAT] §8[§9§lLiquidBounce§8]§r PREV YAW: 2.3019104, PREV PITCH: -0.57547486, VALID: true, PHASE: COMPLETE
[19:27:35] [Client thread/INFO]: [CHAT] §8[§9§lLiquidBounce§8]§r PREV YAW: 1.15094, PREV PITCH: -0.8056649, VALID: true, PHASE: COMPLETE
[19:27:35] [Client thread/INFO]: [CHAT] §8[§9§lLiquidBounce§8]§r PREV YAW: -2.762268, PREV PITCH: 3.9132295, VALID: true, PHASE: COMPLETE
[19:27:36] [Client thread/INFO]: [CHAT] §8[§9§lLiquidBounce§8]§r PREV YAW: -1.4962463, PREV PITCH: -0.46037996, VALID: true, PHASE: COMPLETE
[19:27:36] [Client thread/INFO]: [CHAT] §8[§9§lLiquidBounce§8]§r PREV YAW: 1.2660522, PREV PITCH: -0.6905699, VALID: true, PHASE: COMPLETE
[19:27:36] [Client thread/INFO]: [CHAT] §8[§9§lLiquidBounce§8]§r PREV YAW: -1.7264099, PREV PITCH: -1.1509498, VALID: true, PHASE: COMPLETE
[19:27:36] [Client thread/INFO]: [CHAT] §8[§9§lLiquidBounce§8]§r PREV YAW: -0.57547, PREV PITCH: -1.9566147, VALID: true, PHASE: COMPLETE
[19:27:36] [Client thread/INFO]: [CHAT] §8[§9§lLiquidBounce§8]§r PREV YAW: -0.46038818, PREV PITCH: 0.0, VALID: true, PHASE: COMPLETE
[19:27:36] [Client thread/INFO]: [CHAT] §8[§9§lLiquidBounce§8]§r PREV YAW: 0.11508179, PREV PITCH: -1.6113298, VALID: true, PHASE: COMPLETE
[19:27:36] [Client thread/INFO]: [CHAT] §8[§9§lLiquidBounce§8]§r PREV YAW: -0.11508179, PREV PITCH: 0.34528494, VALID: true, PHASE: COMPLETE
[19:27:36] [Client thread/INFO]: [CHAT] §8[§9§lLiquidBounce§8]§r PREV YAW: -0.11508179, PREV PITCH: -1.6113298, VALID: true, PHASE: COMPLETE
[19:27:36] [Client thread/INFO]: [CHAT] §8[§9§lLiquidBounce§8]§r PREV YAW: -0.23019409, PREV PITCH: 0.9207597, VALID: true, PHASE: COMPLETE
[19:27:36] [Client thread/INFO]: [CHAT] §8[§9§lLiquidBounce§8]§r PREV YAW: -1.0358582, PREV PITCH: 1.0358548, VALID: true, PHASE: COMPLETE
[19:27:36] [Client thread/INFO]: [CHAT] §8[§9§lLiquidBounce§8]§r PREV YAW: -1.15094, PREV PITCH: 1.7264247, VALID: false, PHASE: PRIMARY
[19:27:36] [Client thread/INFO]: [CHAT] §8[§9§lLiquidBounce§8]§r PREV YAW: -2.0717163, PREV PITCH: 7.481174, VALID: true, PHASE: PRIMARY
[19:27:36] [Client thread/INFO]: [CHAT] §8[§9§lLiquidBounce§8]§r PREV YAW: -4.4887085, PREV PITCH: 4.0283246, VALID: true, PHASE: COMPLETE
[19:27:36] [Client thread/INFO]: [CHAT] §8[§9§lLiquidBounce§8]§r PREV YAW: -3.3377686, PREV PITCH: 1.0358553, VALID: true, PHASE: COMPLETE
[19:27:36] [Client thread/INFO]: [CHAT] §8[§9§lLiquidBounce§8]§r PREV YAW: -3.7981262, PREV PITCH: -0.23019028, VALID: true, PHASE: COMPLETE
[19:27:36] [Client thread/INFO]: [CHAT] §8[§9§lLiquidBounce§8]§r PREV YAW: -3.7981262, PREV PITCH: -1.0358553, VALID: true, PHASE: COMPLETE
[19:27:36] [Client thread/INFO]: [CHAT] §8[§9§lLiquidBounce§8]§r PREV YAW: -4.2585144, PREV PITCH: -2.7622795, VALID: true, PHASE: COMPLETE
[19:27:36] [Client thread/INFO]: [CHAT] §8[§9§lLiquidBounce§8]§r PREV YAW: -3.6830444, PREV PITCH: -3.6830394, VALID: true, PHASE: COMPLETE
[19:27:36] [Client thread/INFO]: [CHAT] §8[§9§lLiquidBounce§8]§r PREV YAW: -2.186798, PREV PITCH: -3.4528494, VALID: true, PHASE: PRIMARY
[19:27:36] [Client thread/INFO]: [CHAT] §8[§9§lLiquidBounce§8]§r PREV YAW: -5.4094543, PREV PITCH: -7.8264585, VALID: true, PHASE: PRIMARY
[19:27:37] [Client thread/INFO]: [CHAT] §8[§9§lLiquidBounce§8]§r PREV YAW: -3.3377686, PREV PITCH: -2.76228, VALID: true, PHASE: COMPLETE
[19:27:37] [Client thread/INFO]: [CHAT] §8[§9§lLiquidBounce§8]§r PREV YAW: -1.8415222, PREV PITCH: -0.11509514, VALID: true, PHASE: COMPLETE
[19:27:37] [Client thread/INFO]: [CHAT] §8[§9§lLiquidBounce§8]§r PREV YAW: -0.34527588, PREV PITCH: 1.2660446, VALID: true, PHASE: COMPLETE
[19:27:37] [Client thread/INFO]: [CHAT] §8[§9§lLiquidBounce§8]§r PREV YAW: -1.15094, PREV PITCH: -1.1509495, VALID: true, PHASE: COMPLETE
[19:27:37] [Client thread/INFO]: [CHAT] §8[§9§lLiquidBounce§8]§r PREV YAW: -0.34527588, PREV PITCH: 1.7264252, VALID: true, PHASE: COMPLETE
[19:27:37] [Client thread/INFO]: [CHAT] §8[§9§lLiquidBounce§8]§r PREV YAW: -0.92074585, PREV PITCH: -1.0358553, VALID: true, PHASE: COMPLETE
[19:27:37] [Client thread/INFO]: [CHAT] §8[§9§lLiquidBounce§8]§r PREV YAW: 2.5321045, PREV PITCH: -2.3019, VALID: true, PHASE: COMPLETE
[19:27:37] [Client thread/INFO]: [CHAT] §8[§9§lLiquidBounce§8]§r PREV YAW: 0.80566406, PREV PITCH: -2.6471844, VALID: true, PHASE: COMPLETE
[19:27:37] [Client thread/INFO]: [CHAT] §8[§9§lLiquidBounce§8]§r PREV YAW: 1.7264099, PREV PITCH: -4.1434193, VALID: true, PHASE: COMPLETE
[19:27:37] [Client thread/INFO]: [CHAT] §8[§9§lLiquidBounce§8]§r PREV YAW: 1.381134, PREV PITCH: -1.0358543, VALID: true, PHASE: COMPLETE
[19:27:37] [Client thread/INFO]: [CHAT] §8[§9§lLiquidBounce§8]§r PREV YAW: 0.57547, PREV PITCH: -0.34528542, VALID: true, PHASE: COMPLETE
[19:27:37] [Client thread/INFO]: [CHAT] §8[§9§lLiquidBounce§8]§r PREV YAW: 0.34527588, PREV PITCH: -0.80566406, VALID: true, PHASE: COMPLETE
[19:27:37] [Client thread/INFO]: [CHAT] §8[§9§lLiquidBounce§8]§r PREV YAW: -0.34527588, PREV PITCH: 1.4962349, VALID: true, PHASE: COMPLETE
[19:27:37] [Client thread/INFO]: [CHAT] §8[§9§lLiquidBounce§8]§r PREV YAW: -0.57547, PREV PITCH: 0.5754757, VALID: true, PHASE: COMPLETE
[19:27:37] [Client thread/INFO]: [CHAT] §8[§9§lLiquidBounce§8]§r PREV YAW: 1.8415222, PREV PITCH: 3.4528494, VALID: true, PHASE: COMPLETE
[19:27:37] [Client thread/INFO]: [CHAT] §8[§9§lLiquidBounce§8]§r PREV YAW: 3.2226562, PREV PITCH: 3.3377542, VALID: true, PHASE: COMPLETE
[19:27:37] [Client thread/INFO]: [CHAT] §8[§9§lLiquidBounce§8]§r PREV YAW: 2.3019104, PREV PITCH: 2.6471844, VALID: true, PHASE: PRIMARY
[19:27:37] [Client thread/INFO]: [CHAT] §8[§9§lLiquidBounce§8]§r PREV YAW: 5.4094543, PREV PITCH: 8.517029, VALID: true, PHASE: PRIMARY
[19:27:37] [Client thread/INFO]: [CHAT] §8[§9§lLiquidBounce§8]§r PREV YAW: 8.401947, PREV PITCH: 2.9924695, VALID: true, PHASE: COMPLETE
[19:27:37] [Client thread/INFO]: [CHAT] §8[§9§lLiquidBounce§8]§r PREV YAW: 4.8339844, PREV PITCH: 1.2660447, VALID: true, PHASE: PRIMARY
[19:27:38] [Client thread/INFO]: [CHAT] §8[§9§lLiquidBounce§8]§r PREV YAW: 11.969879, PREV PITCH: -0.9207599, VALID: false, PHASE: PRIMARY
[19:27:38] [Client thread/INFO]: [CHAT] §8[§9§lLiquidBounce§8]§r PREV YAW: 19.796326, PREV PITCH: -0.9207599, VALID: true, PHASE: COMPLETE
[19:27:38] [Client thread/INFO]: [CHAT] §8[§9§lLiquidBounce§8]§r PREV YAW: 11.739685, PREV PITCH: -0.46037996, VALID: false, PHASE: PRIMARY
[19:27:38] [Client thread/INFO]: [CHAT] §8[§9§lLiquidBounce§8]§r PREV YAW: 7.2509766, PREV PITCH: 6.1000338, VALID: true, PHASE: PRIMARY
[19:27:38] [Client thread/INFO]: [CHAT] §8[§9§lLiquidBounce§8]§r PREV YAW: 0.34527588, PREV PITCH: 2.1868048, VALID: true, PHASE: COMPLETE
[19:27:38] [Client thread/INFO]: [CHAT] §8[§9§lLiquidBounce§8]§r PREV YAW: -0.57547, PREV PITCH: 0.0, VALID: true, PHASE: COMPLETE
[19:27:38] [Client thread/INFO]: [CHAT] §8[§9§lLiquidBounce§8]§r PREV YAW: -1.7264099, PREV PITCH: -0.805665, VALID: true, PHASE: PRIMARY
[19:27:38] [Client thread/INFO]: [CHAT] §8[§9§lLiquidBounce§8]§r PREV YAW: -6.2151184, PREV PITCH: -6.215129, VALID: true, PHASE: PRIMARY
[19:27:38] [Client thread/INFO]: [CHAT] §8[§9§lLiquidBounce§8]§r PREV YAW: -4.6037903, PREV PITCH: -4.3736095, VALID: true, PHASE: COMPLETE
[19:27:38] [Client thread/INFO]: [CHAT] §8[§9§lLiquidBounce§8]§r PREV YAW: -1.8415222, PREV PITCH: -4.0283246, VALID: true, PHASE: COMPLETE
[19:27:38] [Client thread/INFO]: [CHAT] §8[§9§lLiquidBounce§8]§r PREV YAW: -2.186798, PREV PITCH: -1.2660446, VALID: true, PHASE: COMPLETE
[19:27:38] [Client thread/INFO]: [CHAT] §8[§9§lLiquidBounce§8]§r PREV YAW: -1.6113281, PREV PITCH: -3.7981343, VALID: true, PHASE: COMPLETE
[19:27:38] [Client thread/INFO]: [CHAT] §8[§9§lLiquidBounce§8]§r PREV YAW: -2.4169922, PREV PITCH: -1.1509495, VALID: true, PHASE: COMPLETE
[19:27:38] [Client thread/INFO]: [CHAT] §8[§9§lLiquidBounce§8]§r PREV YAW: -1.956604, PREV PITCH: -0.805665, VALID: true, PHASE: COMPLETE
[19:27:38] [Client thread/INFO]: [CHAT] §8[§9§lLiquidBounce§8]§r PREV YAW: -1.8415222, PREV PITCH: 2.8773746, VALID: true, PHASE: COMPLETE
[19:27:38] [Client thread/INFO]: [CHAT] §8[§9§lLiquidBounce§8]§r PREV YAW: 3.5679321, PREV PITCH: -1.0358553, VALID: true, PHASE: COMPLETE
[19:27:38] [Client thread/INFO]: [CHAT] §8[§9§lLiquidBounce§8]§r PREV YAW: 5.7547607, PREV PITCH: -2.6471844, VALID: true, PHASE: COMPLETE
[19:27:38] [Client thread/INFO]: [CHAT] §8[§9§lLiquidBounce§8]§r PREV YAW: 2.8773804, PREV PITCH: -1.3811398, VALID: true, PHASE: COMPLETE
[19:27:38] [Client thread/INFO]: [CHAT] §8[§9§lLiquidBounce§8]§r PREV YAW: 1.15094, PREV PITCH: 0.11509514, VALID: true, PHASE: COMPLETE
[19:27:38] [Client thread/INFO]: [CHAT] §8[§9§lLiquidBounce§8]§r PREV YAW: 0.92074585, PREV PITCH: -0.23019028, VALID: true, PHASE: COMPLETE
[19:27:39] [Client thread/INFO]: [CHAT] §8[§9§lLiquidBounce§8]§r PREV YAW: 0.11508179, PREV PITCH: 2.6471844, VALID: true, PHASE: COMPLETE
[19:27:39] [Client thread/INFO]: [CHAT] §8[§9§lLiquidBounce§8]§r PREV YAW: 0.11508179, PREV PITCH: 2.3019, VALID: true, PHASE: COMPLETE
[19:27:39] [Client thread/INFO]: [CHAT] §8[§9§lLiquidBounce§8]§r PREV YAW: -0.57547, PREV PITCH: 5.0641794, VALID: true, PHASE: COMPLETE
[19:27:39] [Client thread/INFO]: [CHAT] §8[§9§lLiquidBounce§8]§r PREV YAW: -0.34527588, PREV PITCH: 3.7981343, VALID: true, PHASE: COMPLETE
[19:27:39] [Client thread/INFO]: [CHAT] §8[§9§lLiquidBounce§8]§r PREV YAW: -1.4962463, PREV PITCH: -1.2660447, VALID: true, PHASE: COMPLETE
[19:27:39] [Client thread/INFO]: [CHAT] §8[§9§lLiquidBounce§8]§r PREV YAW: -1.0358582, PREV PITCH: -0.575475, VALID: true, PHASE: COMPLETE
[19:27:39] [Client thread/INFO]: [CHAT] §8[§9§lLiquidBounce§8]§r PREV YAW: -0.80566406, PREV PITCH: -3.7981346, VALID: true, PHASE: COMPLETE
[19:27:39] [Client thread/INFO]: [CHAT] §8[§9§lLiquidBounce§8]§r PREV YAW: -0.6905823, PREV PITCH: -2.9924693, VALID: true, PHASE: COMPLETE
[19:27:39] [Client thread/INFO]: [CHAT] §8[§9§lLiquidBounce§8]§r PREV YAW: -0.46038818, PREV PITCH: -1.1509495, VALID: true, PHASE: COMPLETE
[19:27:39] [Client thread/INFO]: [CHAT] §8[§9§lLiquidBounce§8]§r PREV YAW: -0.57547, PREV PITCH: -1.3811398, VALID: true, PHASE: COMPLETE
[19:27:39] [Client thread/INFO]: [CHAT] §8[§9§lLiquidBounce§8]§r PREV YAW: 3.7981262, PREV PITCH: 2.416995, VALID: true, PHASE: COMPLETE
[19:27:39] [Client thread/INFO]: [CHAT] §8[§9§lLiquidBounce§8]§r PREV YAW: -5.0641785, PREV PITCH: 0.57547474, VALID: true, PHASE: COMPLETE
[19:27:39] [Client thread/INFO]: [CHAT] §8[§9§lLiquidBounce§8]§r PREV YAW: -0.92074585, PREV PITCH: 4.9490843, VALID: true, PHASE: COMPLETE
[19:27:39] [Client thread/INFO]: [CHAT] §8[§9§lLiquidBounce§8]§r PREV YAW: -0.92074585, PREV PITCH: 5.294369, VALID: true, PHASE: COMPLETE
[19:27:39] [Client thread/INFO]: [CHAT] §8[§9§lLiquidBounce§8]§r PREV YAW: -1.0358582, PREV PITCH: -0.23018996, VALID: true, PHASE: COMPLETE
[19:27:39] [Client thread/INFO]: [CHAT] §8[§9§lLiquidBounce§8]§r PREV YAW: -1.15094, PREV PITCH: 0.6905699, VALID: true, PHASE: COMPLETE
[19:27:39] [Client thread/INFO]: [CHAT] §8[§9§lLiquidBounce§8]§r PREV YAW: -2.762268, PREV PITCH: -1.1509498, VALID: true, PHASE: COMPLETE
[19:27:39] [Client thread/INFO]: [CHAT] §8[§9§lLiquidBounce§8]§r PREV YAW: -3.1075745, PREV PITCH: -0.69056994, VALID: true, PHASE: COMPLETE
[19:27:39] [Client thread/INFO]: [CHAT] §8[§9§lLiquidBounce§8]§r PREV YAW: 0.11508179, PREV PITCH: 0.6905699, VALID: false, PHASE: PRIMARY
[19:27:39] [Client thread/INFO]: [CHAT] §8[§9§lLiquidBounce§8]§r PREV YAW: 5.9849243, PREV PITCH: 3.7981343, VALID: true, PHASE: PRIMARY
[19:27:40] [Client thread/INFO]: [CHAT] §8[§9§lLiquidBounce§8]§r PREV YAW: 9.322693, PREV PITCH: -1.9566147, VALID: true, PHASE: COMPLETE
[19:27:40] [Client thread/INFO]: [CHAT] §8[§9§lLiquidBounce§8]§r PREV YAW: -5.4094543, PREV PITCH: -2.1868048, VALID: true, PHASE: COMPLETE
[19:27:40] [Client thread/INFO]: [CHAT] §8[§9§lLiquidBounce§8]§r PREV YAW: 0.57547, PREV PITCH: -0.46037996, VALID: true, PHASE: COMPLETE
[19:27:40] [Client thread/INFO]: [CHAT] §8[§9§lLiquidBounce§8]§r PREV YAW: 0.34527588, PREV PITCH: -1.4962347, VALID: true, PHASE: COMPLETE
[19:27:40] [Client thread/INFO]: [CHAT] §8[§9§lLiquidBounce§8]§r PREV YAW: 0.11508179, PREV PITCH: 0.34528494, VALID: true, PHASE: COMPLETE
[19:27:40] [Client thread/INFO]: [CHAT] §8[§9§lLiquidBounce§8]§r PREV YAW: 0.23019409, PREV PITCH: -1.1509497, VALID: true, PHASE: COMPLETE
[19:27:40] [Client thread/INFO]: [CHAT] §8[§9§lLiquidBounce§8]§r PREV YAW: 0.0, PREV PITCH: 0.575475, VALID: true, PHASE: COMPLETE
[19:27:40] [Client thread/INFO]: [CHAT] §8[§9§lLiquidBounce§8]§r PREV YAW: 0.11508179, PREV PITCH: -1.1509497, VALID: true, PHASE: COMPLETE
[19:27:40] [Client thread/INFO]: [CHAT] §8[§9§lLiquidBounce§8]§r PREV YAW: -0.23019409, PREV PITCH: 1.0358548, VALID: false, PHASE: PRIMARY
[19:27:40] [Client thread/INFO]: [CHAT] §8[§9§lLiquidBounce§8]§r PREV YAW: -0.46038818, PREV PITCH: 8.056648, VALID: false, PHASE: PRIMARY
[19:27:40] [Client thread/INFO]: [CHAT] §8[§9§lLiquidBounce§8]§r PREV YAW: -2.186798, PREV PITCH: 3.4528494, VALID: true, PHASE: COMPLETE
[19:27:40] [Client thread/INFO]: [CHAT] §8[§9§lLiquidBounce§8]§r PREV YAW: -1.4962463, PREV PITCH: 0.4603796, VALID: true, PHASE: COMPLETE
[19:27:40] [Client thread/INFO]: [CHAT] §8[§9§lLiquidBounce§8]§r PREV YAW: -1.8415222, PREV PITCH: -0.57547474, VALID: true, PHASE: COMPLETE
[19:27:40] [Client thread/INFO]: [CHAT] §8[§9§lLiquidBounce§8]§r PREV YAW: -1.4962463, PREV PITCH: -1.0358548, VALID: true, PHASE: COMPLETE
[19:27:40] [Client thread/INFO]: [CHAT] §8[§9§lLiquidBounce§8]§r PREV YAW: -0.34527588, PREV PITCH: -1.4962349, VALID: true, PHASE: COMPLETE
[19:27:40] [Client thread/INFO]: [CHAT] §8[§9§lLiquidBounce§8]§r PREV YAW: -0.11508179, PREV PITCH: -1.9566147, VALID: true, PHASE: COMPLETE
[19:27:40] [Client thread/INFO]: [CHAT] §8[§9§lLiquidBounce§8]§r PREV YAW: 0.0, PREV PITCH: -2.8773746, VALID: true, PHASE: COMPLETE
[19:27:40] [Client thread/INFO]: [CHAT] §8[§9§lLiquidBounce§8]§r PREV YAW: 0.0, PREV PITCH: -1.4962348, VALID: true, PHASE: COMPLETE
[19:27:40] [Client thread/INFO]: [CHAT] §8[§9§lLiquidBounce§8]§r PREV YAW: 0.92074585, PREV PITCH: -0.11509496, VALID: true, PHASE: COMPLETE
[19:27:41] [Client thread/INFO]: [CHAT] §8[§9§lLiquidBounce§8]§r PREV YAW: 0.46038818, PREV PITCH: -0.11509496, VALID: true, PHASE: COMPLETE
[19:27:41] [Client thread/INFO]: [CHAT] §8[§9§lLiquidBounce§8]§r PREV YAW: 0.6905823, PREV PITCH: -0.11509496, VALID: true, PHASE: COMPLETE
[19:27:41] [Client thread/INFO]: [CHAT] §8[§9§lLiquidBounce§8]§r PREV YAW: 0.6905823, PREV PITCH: 4.6037993, VALID: true, PHASE: COMPLETE
[19:27:41] [Client thread/INFO]: [CHAT] §8[§9§lLiquidBounce§8]§r PREV YAW: 0.34527588, PREV PITCH: 3.5679445, VALID: true, PHASE: COMPLETE
[19:27:41] [Client thread/INFO]: [CHAT] §8[§9§lLiquidBounce§8]§r PREV YAW: 0.23019409, PREV PITCH: 2.6471848, VALID: true, PHASE: COMPLETE
[19:27:41] [Client thread/INFO]: [CHAT] §8[§9§lLiquidBounce§8]§r PREV YAW: 0.0, PREV PITCH: 1.9566145, VALID: true, PHASE: COMPLETE
[19:27:41] [Client thread/INFO]: [CHAT] §8[§9§lLiquidBounce§8]§r PREV YAW: 0.11508179, PREV PITCH: 1.0358553, VALID: true, PHASE: COMPLETE
[19:27:41] [Client thread/INFO]: [CHAT] §8[§9§lLiquidBounce§8]§r PREV YAW: -0.11508179, PREV PITCH: 0.11509514, VALID: true, PHASE: COMPLETE
[19:27:41] [Client thread/INFO]: [CHAT] §8[§9§lLiquidBounce§8]§r PREV YAW: -0.11508179, PREV PITCH: -0.6905699, VALID: true, PHASE: COMPLETE
[19:27:41] [Client thread/INFO]: [CHAT] §8[§9§lLiquidBounce§8]§r PREV YAW: -0.11508179, PREV PITCH: -2.3019, VALID: true, PHASE: COMPLETE
[19:27:41] [Client thread/INFO]: [CHAT] §8[§9§lLiquidBounce§8]§r PREV YAW: -0.11508179, PREV PITCH: -3.2226596, VALID: true, PHASE: COMPLETE
[19:27:41] [Client thread/INFO]: [CHAT] §8[§9§lLiquidBounce§8]§r PREV YAW: -0.11508179, PREV PITCH: -4.488704, VALID: true, PHASE: COMPLETE
[19:27:41] [Client thread/INFO]: [CHAT] §8[§9§lLiquidBounce§8]§r PREV YAW: 0.11508179, PREV PITCH: -3.4528494, VALID: true, PHASE: COMPLETE
[19:27:41] [Client thread/INFO]: [CHAT] §8[§9§lLiquidBounce§8]§r PREV YAW: 0.11508179, PREV PITCH: 0.0, VALID: true, PHASE: COMPLETE
[19:27:41] [Client thread/INFO]: [CHAT] §8[§9§lLiquidBounce§8]§r PREV YAW: 0.80566406, PREV PITCH: 4.0283246, VALID: true, PHASE: COMPLETE
[19:27:41] [Client thread/INFO]: [CHAT] §8[§9§lLiquidBounce§8]§r PREV YAW: 0.11508179, PREV PITCH: 2.8773744, VALID: true, PHASE: COMPLETE
[19:27:41] [Client thread/INFO]: [CHAT] §8[§9§lLiquidBounce§8]§r PREV YAW: 0.23019409, PREV PITCH: 1.8415198, VALID: true, PHASE: COMPLETE
[19:27:41] [Client thread/INFO]: [CHAT] §8[§9§lLiquidBounce§8]§r PREV YAW: -0.11508179, PREV PITCH: 1.3811402, VALID: true, PHASE: COMPLETE
[19:27:41] [Client thread/INFO]: [CHAT] §8[§9§lLiquidBounce§8]§r PREV YAW: -0.11508179, PREV PITCH: 0.23019028, VALID: true, PHASE: COMPLETE
[19:27:41] [Client thread/INFO]: [CHAT] §8[§9§lLiquidBounce§8]§r PREV YAW: 0.23019409, PREV PITCH: -1.2660446, VALID: true, PHASE: COMPLETE
[19:27:41] [Client thread/INFO]: [CHAT] §8[§9§lLiquidBounce§8]§r PREV YAW: 0.11508179, PREV PITCH: -2.3018994, VALID: true, PHASE: COMPLETE
[19:27:42] [Client thread/INFO]: [CHAT] §8[§9§lLiquidBounce§8]§r PREV YAW: 0.11508179, PREV PITCH: -3.4528494, VALID: true, PHASE: COMPLETE
[19:27:42] [Client thread/INFO]: [CHAT] §8[§9§lLiquidBounce§8]§r PREV YAW: 0.11508179, PREV PITCH: -3.2226596, VALID: true, PHASE: COMPLETE
[19:27:42] [Client thread/INFO]: [CHAT] §8[§9§lLiquidBounce§8]§r PREV YAW: 0.11508179, PREV PITCH: 0.0, VALID: true, PHASE: COMPLETE
[19:27:42] [Client thread/INFO]: [CHAT] §8[§9§lLiquidBounce§8]§r PREV YAW: 0.46038818, PREV PITCH: 3.7981343, VALID: true, PHASE: COMPLETE
[19:27:42] [Client thread/INFO]: [CHAT] §8[§9§lLiquidBounce§8]§r PREV YAW: 0.11508179, PREV PITCH: 2.8773744, VALID: true, PHASE: COMPLETE
[19:27:42] [Client thread/INFO]: [CHAT] §8[§9§lLiquidBounce§8]§r PREV YAW: 0.11508179, PREV PITCH: 1.9566145, VALID: true, PHASE: COMPLETE
[19:27:42] [Client thread/INFO]: [CHAT] §8[§9§lLiquidBounce§8]§r PREV YAW: 0.0, PREV PITCH: 1.3811402, VALID: true, PHASE: COMPLETE
[19:27:42] [Client thread/INFO]: [CHAT] §8[§9§lLiquidBounce§8]§r PREV YAW: -0.11508179, PREV PITCH: 0.23019028, VALID: true, PHASE: COMPLETE
[19:27:42] [Client thread/INFO]: [CHAT] §8[§9§lLiquidBounce§8]§r PREV YAW: 0.0, PREV PITCH: -0.6905699, VALID: true, PHASE: COMPLETE
[19:27:42] [Client thread/INFO]: [CHAT] §8[§9§lLiquidBounce§8]§r PREV YAW: 0.11508179, PREV PITCH: -2.0717096, VALID: true, PHASE: COMPLETE
[19:27:42] [Client thread/INFO]: [CHAT] §8[§9§lLiquidBounce§8]§r PREV YAW: 0.34527588, PREV PITCH: -3.9132295, VALID: true, PHASE: COMPLETE
[19:27:42] [Client thread/INFO]: [CHAT] §8[§9§lLiquidBounce§8]§r PREV YAW: 1.7264099, PREV PITCH: -2.4169946, VALID: true, PHASE: PRIMARY
[19:27:42] [Client thread/INFO]: [CHAT] §8[§9§lLiquidBounce§8]§r PREV YAW: -1.381134, PREV PITCH: -1.0358548, VALID: true, PHASE: PRIMARY
[19:27:42] [Client thread/INFO]: [CHAT] §8[§9§lLiquidBounce§8]§r PREV YAW: 5.5245667, PREV PITCH: -0.23018998, VALID: true, PHASE: COMPLETE
[19:27:42] [Client thread/INFO]: [CHAT] §8[§9§lLiquidBounce§8]§r PREV YAW: -4.2585144, PREV PITCH: -0.23018992, VALID: true, PHASE: COMPLETE
[19:27:42] [Client thread/INFO]: [CHAT] §8[§9§lLiquidBounce§8]§r PREV YAW: -1.7264099, PREV PITCH: 6.445319, VALID: true, PHASE: COMPLETE
[19:27:42] [Client thread/INFO]: [CHAT] §8[§9§lLiquidBounce§8]§r PREV YAW: 4.373596, PREV PITCH: 4.4887047, VALID: true, PHASE: COMPLETE
[19:27:42] [Client thread/INFO]: [CHAT] §8[§9§lLiquidBounce§8]§r PREV YAW: 1.0358582, PREV PITCH: 3.107565, VALID: true, PHASE: PRIMARY
[19:27:42] [Client thread/INFO]: [CHAT] §8[§9§lLiquidBounce§8]§r PREV YAW: -4.4887085, PREV PITCH: 5.7547493, VALID: true, PHASE: PRIMARY
[19:27:42] [Client thread/INFO]: [CHAT] §8[§9§lLiquidBounce§8]§r PREV YAW: -1.7264099, PREV PITCH: 5.8698444, VALID: true, PHASE: COMPLETE
[19:27:43] [Client thread/INFO]: [CHAT] §8[§9§lLiquidBounce§8]§r PREV YAW: -0.57547, PREV PITCH: 2.416994, VALID: true, PHASE: COMPLETE
[19:27:43] [Client thread/INFO]: [CHAT] §8[§9§lLiquidBounce§8]§r PREV YAW: -0.6905823, PREV PITCH: 1.2660446, VALID: true, PHASE: COMPLETE
[19:27:43] [Client thread/INFO]: [CHAT] §8[§9§lLiquidBounce§8]§r PREV YAW: 0.34527588, PREV PITCH: -2.7622795, VALID: true, PHASE: PRIMARY
[19:27:43] [Client thread/INFO]: [CHAT] §8[§9§lLiquidBounce§8]§r PREV YAW: 2.186798, PREV PITCH: -17.954817, VALID: true, PHASE: PRIMARY
[19:27:43] [Client thread/INFO]: [CHAT] §8[§9§lLiquidBounce§8]§r PREV YAW: 7.4811707, PREV PITCH: -14.271778, VALID: true, PHASE: COMPLETE
[19:27:43] [Client thread/INFO]: [CHAT] §8[§9§lLiquidBounce§8]§r PREV YAW: 1.6113281, PREV PITCH: -7.135889, VALID: true, PHASE: PRIMARY
[19:27:43] [Client thread/INFO]: [CHAT] §8[§9§lLiquidBounce§8]§r PREV YAW: -5.2943726, PREV PITCH: -1.0358553, VALID: true, PHASE: PRIMARY
[19:27:43] [Client thread/INFO]: [CHAT] §8[§9§lLiquidBounce§8]§r PREV YAW: -1.8415222, PREV PITCH: -1.6113291, VALID: true, PHASE: COMPLETE
[19:27:43] [Client thread/INFO]: [CHAT] §8[§9§lLiquidBounce§8]§r PREV YAW: 0.23019409, PREV PITCH: 1.2660446, VALID: true, PHASE: COMPLETE
[19:27:43] [Client thread/INFO]: [CHAT] §8[§9§lLiquidBounce§8]§r PREV YAW: 0.34527588, PREV PITCH: 1.0358553, VALID: true, PHASE: COMPLETE
[19:27:43] [Client thread/INFO]: [CHAT] §8[§9§lLiquidBounce§8]§r PREV YAW: 0.11508179, PREV PITCH: 3.7981348, VALID: true, PHASE: COMPLETE
[19:27:43] [Client thread/INFO]: [CHAT] §8[§9§lLiquidBounce§8]§r PREV YAW: 0.23019409, PREV PITCH: 2.9924693, VALID: true, PHASE: COMPLETE
[19:27:43] [Client thread/INFO]: [CHAT] §8[§9§lLiquidBounce§8]§r PREV YAW: -0.46038818, PREV PITCH: 1.0358548, VALID: true, PHASE: COMPLETE
[19:27:43] [Client thread/INFO]: [CHAT] §8[§9§lLiquidBounce§8]§r PREV YAW: -0.34527588, PREV PITCH: 0.805665, VALID: true, PHASE: COMPLETE
[19:27:43] [Client thread/INFO]: [CHAT] §8[§9§lLiquidBounce§8]§r PREV YAW: -0.23019409, PREV PITCH: -2.1868048, VALID: true, PHASE: COMPLETE
[19:27:43] [Client thread/INFO]: [CHAT] §8[§9§lLiquidBounce§8]§r PREV YAW: -0.23019409, PREV PITCH: -1.4962349, VALID: true, PHASE: COMPLETE
[19:27:43] [Client thread/INFO]: [CHAT] §8[§9§lLiquidBounce§8]§r PREV YAW: -0.34527588, PREV PITCH: -0.34528542, VALID: true, PHASE: COMPLETE
[19:27:43] [Client thread/INFO]: [CHAT] §8[§9§lLiquidBounce§8]§r PREV YAW: -0.34527588, PREV PITCH: -0.4603796, VALID: true, PHASE: COMPLETE
[19:27:43] [Client thread/INFO]: [CHAT] §8[§9§lLiquidBounce§8]§r PREV YAW: -0.34527588, PREV PITCH: 1.4962349, VALID: true, PHASE: COMPLETE
[19:27:43] [Client thread/INFO]: [CHAT] §8[§9§lLiquidBounce§8]§r PREV YAW: -0.23019409, PREV PITCH: 1.0358548, VALID: true, PHASE: COMPLETE
[19:27:44] [Client thread/INFO]: [CHAT] §8[§9§lLiquidBounce§8]§r PREV YAW: -0.23019409, PREV PITCH: 3.4528494, VALID: true, PHASE: COMPLETE
[19:27:44] [Client thread/INFO]: [CHAT] §8[§9§lLiquidBounce§8]§r PREV YAW: 1.0358582, PREV PITCH: 2.9924695, VALID: true, PHASE: COMPLETE
[19:27:44] [Client thread/INFO]: [CHAT] §8[§9§lLiquidBounce§8]§r PREV YAW: 2.0717163, PREV PITCH: 0.92075986, VALID: true, PHASE: COMPLETE
[19:27:44] [Client thread/INFO]: [CHAT] §8[§9§lLiquidBounce§8]§r PREV YAW: 2.5321045, PREV PITCH: 1.1509498, VALID: true, PHASE: COMPLETE
[19:27:44] [Client thread/INFO]: [CHAT] §8[§9§lLiquidBounce§8]§r PREV YAW: 3.9132385, PREV PITCH: -0.46037993, VALID: true, PHASE: COMPLETE
[19:27:44] [Client thread/INFO]: [CHAT] §8[§9§lLiquidBounce§8]§r PREV YAW: 4.8339844, PREV PITCH: 0.0, VALID: true, PHASE: COMPLETE
[19:27:44] [Client thread/INFO]: [CHAT] §8[§9§lLiquidBounce§8]§r PREV YAW: 3.5679321, PREV PITCH: -0.23018996, VALID: false, PHASE: PRIMARY
[19:27:44] [Client thread/INFO]: [CHAT] §8[§9§lLiquidBounce§8]§r PREV YAW: 11.624603, PREV PITCH: -0.69056994, VALID: false, PHASE: PRIMARY
[19:27:44] [Client thread/INFO]: [CHAT] §8[§9§lLiquidBounce§8]§r PREV YAW: 22.213318, PREV PITCH: -0.57547486, VALID: true, PHASE: COMPLETE
[19:27:44] [Client thread/INFO]: [CHAT] §8[§9§lLiquidBounce§8]§r PREV YAW: 9.092499, PREV PITCH: 2.7622795, VALID: false, PHASE: PRIMARY
[19:27:44] [Client thread/INFO]: [CHAT] §8[§9§lLiquidBounce§8]§r PREV YAW: -1.8415222, PREV PITCH: 16.343487, VALID: true, PHASE: PRIMARY
[19:27:44] [Client thread/INFO]: [CHAT] §8[§9§lLiquidBounce§8]§r PREV YAW: 9.207611, PREV PITCH: 14.6170635, VALID: true, PHASE: COMPLETE
[19:27:44] [Client thread/INFO]: [CHAT] §8[§9§lLiquidBounce§8]§r PREV YAW: 6.2151184, PREV PITCH: 6.6755104, VALID: true, PHASE: PRIMARY
[19:27:44] [Client thread/INFO]: [CHAT] §8[§9§lLiquidBounce§8]§r PREV YAW: -6.1000366, PREV PITCH: -0.46038055, VALID: true, PHASE: PRIMARY
[19:27:44] [Client thread/INFO]: [CHAT] §8[§9§lLiquidBounce§8]§r PREV YAW: -9.552887, PREV PITCH: -1.4962349, VALID: true, PHASE: COMPLETE
[19:27:44] [Client thread/INFO]: [CHAT] §8[§9§lLiquidBounce§8]§r PREV YAW: -4.1434326, PREV PITCH: -2.9924698, VALID: true, PHASE: COMPLETE
[19:27:44] [Client thread/INFO]: [CHAT] §8[§9§lLiquidBounce§8]§r PREV YAW: -4.0283203, PREV PITCH: -4.718895, VALID: true, PHASE: PRIMARY
[19:27:44] [Client thread/INFO]: [CHAT] §8[§9§lLiquidBounce§8]§r PREV YAW: -7.0207825, PREV PITCH: -20.832191, VALID: true, PHASE: PRIMARY
[19:27:44] [Client thread/INFO]: [CHAT] §8[§9§lLiquidBounce§8]§r PREV YAW: -3.9132385, PREV PITCH: -20.717096, VALID: true, PHASE: COMPLETE
[19:27:45] [Client thread/INFO]: [CHAT] §8[§9§lLiquidBounce§8]§r PREV YAW: -1.956604, PREV PITCH: -9.898169, VALID: true, PHASE: PRIMARY
[19:27:45] [Client thread/INFO]: [CHAT] §8[§9§lLiquidBounce§8]§r PREV YAW: -0.34527588, PREV PITCH: 1.2660446, VALID: true, PHASE: PRIMARY
[19:27:45] [Client thread/INFO]: [CHAT] §8[§9§lLiquidBounce§8]§r PREV YAW: -0.6905823, PREV PITCH: -0.23019028, VALID: true, PHASE: COMPLETE
[19:27:45] [Client thread/INFO]: [CHAT] §8[§9§lLiquidBounce§8]§r PREV YAW: -3.1075745, PREV PITCH: -1.9566154, VALID: true, PHASE: COMPLETE
[19:27:45] [Client thread/INFO]: [CHAT] §8[§9§lLiquidBounce§8]§r PREV YAW: -1.4962463, PREV PITCH: 0.23019028, VALID: true, PHASE: COMPLETE
[19:27:45] [Client thread/INFO]: [CHAT] §8[§9§lLiquidBounce§8]§r PREV YAW: -2.8773804, PREV PITCH: 4.9490833, VALID: true, PHASE: COMPLETE
[19:27:45] [Client thread/INFO]: [CHAT] §8[§9§lLiquidBounce§8]§r PREV YAW: -2.4169922, PREV PITCH: 4.603799, VALID: true, PHASE: COMPLETE
[19:27:45] [Client thread/INFO]: [CHAT] §8[§9§lLiquidBounce§8]§r PREV YAW: 1.381134, PREV PITCH: 2.1868048, VALID: true, PHASE: COMPLETE
[19:27:45] [Client thread/INFO]: [CHAT] §8[§9§lLiquidBounce§8]§r PREV YAW: 2.186798, PREV PITCH: 2.3019, VALID: true, PHASE: COMPLETE
[19:27:45] [Client thread/INFO]: [CHAT] §8[§9§lLiquidBounce§8]§r PREV YAW: 1.0358582, PREV PITCH: -3.6830397, VALID: true, PHASE: COMPLETE
[19:27:45] [Client thread/INFO]: [CHAT] §8[§9§lLiquidBounce§8]§r PREV YAW: 1.4962463, PREV PITCH: -1.8415194, VALID: true, PHASE: COMPLETE
[19:27:45] [Client thread/INFO]: [CHAT] §8[§9§lLiquidBounce§8]§r PREV YAW: 1.2660522, PREV PITCH: -0.11509514, VALID: true, PHASE: COMPLETE
[19:27:45] [Client thread/INFO]: [CHAT] §8[§9§lLiquidBounce§8]§r PREV YAW: 0.6905823, PREV PITCH: -0.4603796, VALID: true, PHASE: COMPLETE
[19:27:45] [Client thread/INFO]: [CHAT] §8[§9§lLiquidBounce§8]§r PREV YAW: 0.23019409, PREV PITCH: 1.9566145, VALID: true, PHASE: COMPLETE
[19:27:45] [Client thread/INFO]: [CHAT] §8[§9§lLiquidBounce§8]§r PREV YAW: 0.34527588, PREV PITCH: 1.4962349, VALID: true, PHASE: COMPLETE
[19:27:45] [Client thread/INFO]: [CHAT] §8[§9§lLiquidBounce§8]§r PREV YAW: -0.57547, PREV PITCH: 4.7188945, VALID: true, PHASE: COMPLETE
[19:27:45] [Client thread/INFO]: [CHAT] §8[§9§lLiquidBounce§8]§r PREV YAW: -0.6905823, PREV PITCH: 4.3736095, VALID: true, PHASE: COMPLETE
[19:27:45] [Client thread/INFO]: [CHAT] §8[§9§lLiquidBounce§8]§r PREV YAW: -0.92074585, PREV PITCH: 1.3811398, VALID: true, PHASE: COMPLETE
[19:27:45] [Client thread/INFO]: [CHAT] §8[§9§lLiquidBounce§8]§r PREV YAW: -1.2660522, PREV PITCH: 2.0717096, VALID: true, PHASE: COMPLETE
[19:27:45] [Client thread/INFO]: [CHAT] §8[§9§lLiquidBounce§8]§r PREV YAW: -2.6471863, PREV PITCH: -0.6905699, VALID: true, PHASE: COMPLETE
[19:27:45] [Client thread/INFO]: [CHAT] §8[§9§lLiquidBounce§8]§r PREV YAW: -3.1075745, PREV PITCH: -0.11509499, VALID: true, PHASE: COMPLETE
[19:27:46] [Client thread/INFO]: [CHAT] §8[§9§lLiquidBounce§8]§r PREV YAW: -2.762268, PREV PITCH: -1.3811398, VALID: true, PHASE: COMPLETE
[19:27:46] [Client thread/INFO]: [CHAT] §8[§9§lLiquidBounce§8]§r PREV YAW: 3.4528503, PREV PITCH: -1.7264248, VALID: true, PHASE: COMPLETE
[19:27:46] [Client thread/INFO]: [CHAT] §8[§9§lLiquidBounce§8]§r PREV YAW: 4.1434326, PREV PITCH: 3.6830394, VALID: false, PHASE: PRIMARY
[19:27:46] [Client thread/INFO]: [CHAT] §8[§9§lLiquidBounce§8]§r PREV YAW: 10.013275, PREV PITCH: 9.207598, VALID: false, PHASE: PRIMARY
[19:27:46] [Client thread/INFO]: [CHAT] §8[§9§lLiquidBounce§8]§r PREV YAW: 4.4887085, PREV PITCH: -3.1075644, VALID: true, PHASE: COMPLETE
[19:27:46] [Client thread/INFO]: [CHAT] §8[§9§lLiquidBounce§8]§r PREV YAW: 0.92074585, PREV PITCH: -3.4528494, VALID: true, PHASE: COMPLETE
[19:27:46] [Client thread/INFO]: [CHAT] §8[§9§lLiquidBounce§8]§r PREV YAW: -0.46038818, PREV PITCH: -2.9924695, VALID: true, PHASE: COMPLETE
[19:27:46] [Client thread/INFO]: [CHAT] §8[§9§lLiquidBounce§8]§r PREV YAW: -0.11508179, PREV PITCH: -2.8773746, VALID: true, PHASE: COMPLETE
[19:27:46] [Client thread/INFO]: [CHAT] §8[§9§lLiquidBounce§8]§r PREV YAW: -0.57547, PREV PITCH: -0.9207599, VALID: true, PHASE: COMPLETE
[19:27:46] [Client thread/INFO]: [CHAT] §8[§9§lLiquidBounce§8]§r PREV YAW: -0.34527588, PREV PITCH: -2.0717096, VALID: true, PHASE: COMPLETE
[19:27:46] [Client thread/INFO]: [CHAT] §8[§9§lLiquidBounce§8]§r PREV YAW: -0.80566406, PREV PITCH: -0.34528494, VALID: true, PHASE: COMPLETE
[19:27:46] [Client thread/INFO]: [CHAT] §8[§9§lLiquidBounce§8]§r PREV YAW: -0.57547, PREV PITCH: -2.0717096, VALID: true, PHASE: COMPLETE
[19:27:46] [Client thread/INFO]: [CHAT] §8[§9§lLiquidBounce§8]§r PREV YAW: -0.80566406, PREV PITCH: 1.9566145, VALID: true, PHASE: COMPLETE
[19:27:46] [Client thread/INFO]: [CHAT] §8[§9§lLiquidBounce§8]§r PREV YAW: 1.15094, PREV PITCH: 6.790604, VALID: true, PHASE: COMPLETE
[19:27:46] [Client thread/INFO]: [CHAT] §8[§9§lLiquidBounce§8]§r PREV YAW: -0.92074585, PREV PITCH: 3.7981343, VALID: true, PHASE: COMPLETE
[19:27:46] [Client thread/INFO]: [CHAT] §8[§9§lLiquidBounce§8]§r PREV YAW: -0.57547, PREV PITCH: 2.6471844, VALID: true, PHASE: COMPLETE
[19:27:46] [Client thread/INFO]: [CHAT] §8[§9§lLiquidBounce§8]§r PREV YAW: -2.3019104, PREV PITCH: 0.11509514, VALID: true, PHASE: COMPLETE
[19:27:46] [Client thread/INFO]: [CHAT] §8[§9§lLiquidBounce§8]§r PREV YAW: -1.8415222, PREV PITCH: -0.2301898, VALID: true, PHASE: COMPLETE
[19:27:46] [Client thread/INFO]: [CHAT] §8[§9§lLiquidBounce§8]§r PREV YAW: -2.5321045, PREV PITCH: -1.0358548, VALID: true, PHASE: COMPLETE
[19:27:46] [Client thread/INFO]: [CHAT] §8[§9§lLiquidBounce§8]§r PREV YAW: -2.4169922, PREV PITCH: -1.7264247, VALID: true, PHASE: COMPLETE
[19:27:47] [Client thread/INFO]: [CHAT] §8[§9§lLiquidBounce§8]§r PREV YAW: -1.956604, PREV PITCH: -2.6471846, VALID: true, PHASE: COMPLETE
[19:27:47] [Client thread/INFO]: [CHAT] §8[§9§lLiquidBounce§8]§r PREV YAW: -1.956604, PREV PITCH: -2.6471846, VALID: true, PHASE: COMPLETE
[19:27:47] [Client thread/INFO]: [CHAT] §8[§9§lLiquidBounce§8]§r PREV YAW: -3.2226562, PREV PITCH: -0.23018998, VALID: true, PHASE: COMPLETE
[19:27:47] [Client thread/INFO]: [CHAT] §8[§9§lLiquidBounce§8]§r PREV YAW: -3.9132385, PREV PITCH: -0.23018998, VALID: true, PHASE: COMPLETE
[19:27:47] [Client thread/INFO]: [CHAT] §8[§9§lLiquidBounce§8]§r PREV YAW: -2.6471863, PREV PITCH: -0.23018992, VALID: true, PHASE: COMPLETE
[19:27:47] [Client thread/INFO]: [CHAT] §8[§9§lLiquidBounce§8]§r PREV YAW: -2.8773804, PREV PITCH: -0.34528494, VALID: true, PHASE: PRIMARY
[19:27:47] [Client thread/INFO]: [CHAT] §8[§9§lLiquidBounce§8]§r PREV YAW: -9.552887, PREV PITCH: 6.445319, VALID: true, PHASE: PRIMARY
[19:27:47] [Client thread/INFO]: [CHAT] §8[§9§lLiquidBounce§8]§r PREV YAW: -9.322693, PREV PITCH: 8.977408, VALID: true, PHASE: COMPLETE
[19:27:47] [Client thread/INFO]: [CHAT] §8[§9§lLiquidBounce§8]§r PREV YAW: -4.9490967, PREV PITCH: 4.718894, VALID: true, PHASE: PRIMARY
[19:27:47] [Client thread/INFO]: [CHAT] §8[§9§lLiquidBounce§8]§r PREV YAW: -6.9057007, PREV PITCH: 2.7622795, VALID: true, PHASE: PRIMARY
[19:27:47] [Client thread/INFO]: [CHAT] §8[§9§lLiquidBounce§8]§r PREV YAW: -8.747223, PREV PITCH: 2.7622795, VALID: true, PHASE: COMPLETE
[19:27:47] [Client thread/INFO]: [CHAT] §8[§9§lLiquidBounce§8]§r PREV YAW: -5.7547607, PREV PITCH: -1.3811398, VALID: true, PHASE: COMPLETE
[19:27:47] [Client thread/INFO]: [CHAT] §8[§9§lLiquidBounce§8]§r PREV YAW: -6.2151184, PREV PITCH: -2.7622795, VALID: true, PHASE: COMPLETE
[19:27:47] [Client thread/INFO]: [CHAT] §8[§9§lLiquidBounce§8]§r PREV YAW: -0.11508179, PREV PITCH: -3.5679436, VALID: false, PHASE: PRIMARY
[19:27:47] [Client thread/INFO]: [CHAT] §8[§9§lLiquidBounce§8]§r PREV YAW: 17.379333, PREV PITCH: -13.235923, VALID: false, PHASE: PRIMARY
[19:27:47] [Client thread/INFO]: [CHAT] §8[§9§lLiquidBounce§8]§r PREV YAW: 8.286835, PREV PITCH: -12.430259, VALID: true, PHASE: COMPLETE
[19:27:47] [Client thread/INFO]: [CHAT] §8[§9§lLiquidBounce§8]§r PREV YAW: 4.6037903, PREV PITCH: -5.7547493, VALID: true, PHASE: PRIMARY
[19:27:47] [Client thread/INFO]: [CHAT] §8[§9§lLiquidBounce§8]§r PREV YAW: 3.7981262, PREV PITCH: -0.805665, VALID: true, PHASE: PRIMARY
[19:27:47] [Client thread/INFO]: [CHAT] §8[§9§lLiquidBounce§8]§r PREV YAW: 5.0641785, PREV PITCH: -0.23018932, VALID: true, PHASE: COMPLETE
[19:27:47] [Client thread/INFO]: [CHAT] §8[§9§lLiquidBounce§8]§r PREV YAW: 3.4528503, PREV PITCH: -0.34528542, VALID: true, PHASE: COMPLETE
[19:27:48] [Client thread/INFO]: [CHAT] §8[§9§lLiquidBounce§8]§r PREV YAW: 3.3377686, PREV PITCH: 1.9566145, VALID: true, PHASE: COMPLETE
[19:27:48] [Client thread/INFO]: [CHAT] §8[§9§lLiquidBounce§8]§r PREV YAW: 3.5679321, PREV PITCH: 1.61133, VALID: true, PHASE: COMPLETE
[19:27:48] [Client thread/INFO]: [CHAT] §8[§9§lLiquidBounce§8]§r PREV YAW: 2.5321045, PREV PITCH: 4.833989, VALID: true, PHASE: COMPLETE
[19:27:48] [Client thread/INFO]: [CHAT] §8[§9§lLiquidBounce§8]§r PREV YAW: 3.1075745, PREV PITCH: 4.718894, VALID: true, PHASE: COMPLETE
[19:27:48] [Client thread/INFO]: [CHAT] §8[§9§lLiquidBounce§8]§r PREV YAW: 2.762268, PREV PITCH: 4.488704, VALID: true, PHASE: COMPLETE
[19:27:48] [Client thread/INFO]: [CHAT] §8[§9§lLiquidBounce§8]§r PREV YAW: 3.1075745, PREV PITCH: -0.34528494, VALID: true, PHASE: COMPLETE
[19:27:48] [Client thread/INFO]: [CHAT] §8[§9§lLiquidBounce§8]§r PREV YAW: 3.2226562, PREV PITCH: -0.11509496, VALID: false, PHASE: PRIMARY
[19:27:48] [Client thread/INFO]: [CHAT] §8[§9§lLiquidBounce§8]§r PREV YAW: 12.430267, PREV PITCH: 0.11509496, VALID: false, PHASE: PRIMARY
[19:27:48] [Client thread/INFO]: [CHAT] §8[§9§lLiquidBounce§8]§r PREV YAW: 19.105774, PREV PITCH: -1.2660449, VALID: true, PHASE: COMPLETE
[19:27:48] [Client thread/INFO]: [CHAT] §8[§9§lLiquidBounce§8]§r PREV YAW: 11.164215, PREV PITCH: -1.0358548, VALID: true, PHASE: PRIMARY
[19:27:48] [Client thread/INFO]: [CHAT] §8[§9§lLiquidBounce§8]§r PREV YAW: 18.415192, PREV PITCH: -0.11509502, VALID: true, PHASE: PRIMARY
[19:27:48] [Client thread/INFO]: [CHAT] §8[§9§lLiquidBounce§8]§r PREV YAW: 1.4962463, PREV PITCH: -8.056649, VALID: true, PHASE: COMPLETE
[19:27:48] [Client thread/INFO]: [CHAT] §8[§9§lLiquidBounce§8]§r PREV YAW: -0.92074585, PREV PITCH: -5.7547493, VALID: true, PHASE: PRIMARY
[19:27:48] [Client thread/INFO]: [CHAT] §8[§9§lLiquidBounce§8]§r PREV YAW: -12.084961, PREV PITCH: -13.351017, VALID: true, PHASE: PRIMARY
[19:27:48] [Client thread/INFO]: [CHAT] §8[§9§lLiquidBounce§8]§r PREV YAW: -21.17749, PREV PITCH: -12.775541, VALID: true, PHASE: COMPLETE
[19:27:48] [Client thread/INFO]: [CHAT] §8[§9§lLiquidBounce§8]§r PREV YAW: -11.509491, PREV PITCH: -7.020794, VALID: true, PHASE: PRIMARY
[19:27:48] [Client thread/INFO]: [CHAT] §8[§9§lLiquidBounce§8]§r PREV YAW: -13.4661255, PREV PITCH: -2.7622795, VALID: true, PHASE: PRIMARY
[19:27:48] [Client thread/INFO]: [CHAT] §8[§9§lLiquidBounce§8]§r PREV YAW: -13.351013, PREV PITCH: -2.8773727, VALID: true, PHASE: COMPLETE
[19:27:48] [Client thread/INFO]: [CHAT] §8[§9§lLiquidBounce§8]§r PREV YAW: -6.9057007, PREV PITCH: -0.69057083, VALID: true, PHASE: PRIMARY
[19:27:48] [Client thread/INFO]: [CHAT] §8[§9§lLiquidBounce§8]§r PREV YAW: 13.235931, PREV PITCH: 27.73789, VALID: false, PHASE: PRIMARY
[19:27:49] [Client thread/INFO]: [CHAT] §8[§9§lLiquidBounce§8]§r PREV YAW: 4.8339844, PREV PITCH: 25.205801, VALID: false, PHASE: PRIMARY
[19:27:49] [Client thread/INFO]: [CHAT] §8[§9§lLiquidBounce§8]§r PREV YAW: 3.4528503, PREV PITCH: 19.335957, VALID: true, PHASE: COMPLETE
[19:27:49] [Client thread/INFO]: [CHAT] §8[§9§lLiquidBounce§8]§r PREV YAW: 5.2943726, PREV PITCH: -1.9566145, VALID: true, PHASE: COMPLETE
[19:27:49] [Client thread/INFO]: [CHAT] §8[§9§lLiquidBounce§8]§r PREV YAW: 2.8773804, PREV PITCH: -1.4962349, VALID: true, PHASE: COMPLETE
[19:27:49] [Client thread/INFO]: [CHAT] §8[§9§lLiquidBounce§8]§r PREV YAW: 1.956604, PREV PITCH: -4.9490843, VALID: true, PHASE: COMPLETE
[19:27:49] [Client thread/INFO]: [CHAT] §8[§9§lLiquidBounce§8]§r PREV YAW: 1.4962463, PREV PITCH: -5.984939, VALID: true, PHASE: COMPLETE
[19:27:49] [Client thread/INFO]: [CHAT] §8[§9§lLiquidBounce§8]§r PREV YAW: 1.956604, PREV PITCH: -4.2585144, VALID: true, PHASE: COMPLETE
[19:27:49] [Client thread/INFO]: [CHAT] §8[§9§lLiquidBounce§8]§r PREV YAW: -0.23019409, PREV PITCH: -1.9566146, VALID: true, PHASE: COMPLETE
[19:27:49] [Client thread/INFO]: [CHAT] §8[§9§lLiquidBounce§8]§r PREV YAW: 0.34527588, PREV PITCH: -1.4962349, VALID: true, PHASE: COMPLETE
[19:27:49] [Client thread/INFO]: [CHAT] §8[§9§lLiquidBounce§8]§r PREV YAW: 0.34527588, PREV PITCH: -1.0358548, VALID: true, PHASE: COMPLETE
[19:27:49] [Client thread/INFO]: [CHAT] §8[§9§lLiquidBounce§8]§r PREV YAW: -0.46038818, PREV PITCH: 3.1075644, VALID: true, PHASE: COMPLETE
[19:27:49] [Client thread/INFO]: [CHAT] §8[§9§lLiquidBounce§8]§r PREV YAW: -1.2660522, PREV PITCH: 2.8773746, VALID: true, PHASE: COMPLETE
[19:27:49] [Client thread/INFO]: [CHAT] §8[§9§lLiquidBounce§8]§r PREV YAW: -3.1075745, PREV PITCH: -0.11509498, VALID: true, PHASE: COMPLETE
[19:27:49] [Client thread/INFO]: [CHAT] §8[§9§lLiquidBounce§8]§r PREV YAW: -3.3377686, PREV PITCH: 0.34528494, VALID: true, PHASE: COMPLETE
[19:27:49] [Client thread/INFO]: [CHAT] §8[§9§lLiquidBounce§8]§r PREV YAW: -2.8773804, PREV PITCH: -0.11509499, VALID: true, PHASE: PRIMARY
[19:27:49] [Client thread/INFO]: [CHAT] §8[§9§lLiquidBounce§8]§r PREV YAW: -7.941559, PREV PITCH: 5.8698444, VALID: true, PHASE: PRIMARY
[19:27:49] [Client thread/INFO]: [CHAT] §8[§9§lLiquidBounce§8]§r PREV YAW: -8.862305, PREV PITCH: 8.632124, VALID: true, PHASE: COMPLETE
[19:27:49] [Client thread/INFO]: [CHAT] §8[§9§lLiquidBounce§8]§r PREV YAW: -2.6471863, PREV PITCH: 3.7981339, VALID: true, PHASE: COMPLETE
[19:27:49] [Client thread/INFO]: [CHAT] §8[§9§lLiquidBounce§8]§r PREV YAW: -3.1075745, PREV PITCH: 2.5320892, VALID: true, PHASE: COMPLETE
[19:27:49] [Client thread/INFO]: [CHAT] §8[§9§lLiquidBounce§8]§r PREV YAW: -4.6037903, PREV PITCH: 2.0717106, VALID: true, PHASE: PRIMARY
[19:27:50] [Client thread/INFO]: [CHAT] §8[§9§lLiquidBounce§8]§r PREV YAW: -21.062378, PREV PITCH: 2.416994, VALID: true, PHASE: PRIMARY
[19:27:50] [Client thread/INFO]: [CHAT] §8[§9§lLiquidBounce§8]§r PREV YAW: -23.594482, PREV PITCH: -1.4962349, VALID: true, PHASE: COMPLETE
[19:27:50] [Client thread/INFO]: [CHAT] §8[§9§lLiquidBounce§8]§r PREV YAW: -5.0641785, PREV PITCH: -3.5679436, VALID: false, PHASE: PRIMARY
[19:27:50] [Client thread/INFO]: [CHAT] §8[§9§lLiquidBounce§8]§r PREV YAW: 24.63034, PREV PITCH: -14.962347, VALID: false, PHASE: PRIMARY
[19:27:50] [Client thread/INFO]: [CHAT] §8[§9§lLiquidBounce§8]§r PREV YAW: 23.939758, PREV PITCH: -16.688772, VALID: true, PHASE: COMPLETE
[19:27:50] [Client thread/INFO]: [CHAT] §8[§9§lLiquidBounce§8]§r PREV YAW: 11.164215, PREV PITCH: -7.711364, VALID: true, PHASE: PRIMARY
[19:27:50] [Client thread/INFO]: [CHAT] §8[§9§lLiquidBounce§8]§r PREV YAW: 1.8415222, PREV PITCH: 0.23019028, VALID: true, PHASE: PRIMARY
[19:27:50] [Client thread/INFO]: [CHAT] §8[§9§lLiquidBounce§8]§r PREV YAW: 4.9490967, PREV PITCH: -1.1509495, VALID: true, PHASE: COMPLETE
[19:27:50] [Client thread/INFO]: [CHAT] §8[§9§lLiquidBounce§8]§r PREV YAW: 4.6037903, PREV PITCH: 1.7264252, VALID: true, PHASE: COMPLETE
[19:27:50] [Client thread/INFO]: [CHAT] §8[§9§lLiquidBounce§8]§r PREV YAW: 3.6830444, PREV PITCH: 0.5754757, VALID: true, PHASE: COMPLETE
[19:27:50] [Client thread/INFO]: [CHAT] §8[§9§lLiquidBounce§8]§r PREV YAW: 3.7981262, PREV PITCH: 4.718894, VALID: true, PHASE: COMPLETE
[19:27:50] [Client thread/INFO]: [CHAT] §8[§9§lLiquidBounce§8]§r PREV YAW: 2.9924622, PREV PITCH: 3.913229, VALID: true, PHASE: COMPLETE
[19:27:50] [Client thread/INFO]: [CHAT] §8[§9§lLiquidBounce§8]§r PREV YAW: -4.2585144, PREV PITCH: 0.57547474, VALID: true, PHASE: COMPLETE
[19:27:50] [Client thread/INFO]: [CHAT] §8[§9§lLiquidBounce§8]§r PREV YAW: -2.762268, PREV PITCH: 0.6905699, VALID: true, PHASE: COMPLETE
[19:27:50] [Client thread/INFO]: [CHAT] §8[§9§lLiquidBounce§8]§r PREV YAW: -2.8773804, PREV PITCH: -0.57547474, VALID: true, PHASE: PRIMARY
[19:27:50] [Client thread/INFO]: [CHAT] §8[§9§lLiquidBounce§8]§r PREV YAW: -9.552887, PREV PITCH: -3.913229, VALID: true, PHASE: PRIMARY
[19:27:50] [Client thread/INFO]: [CHAT] §8[§9§lLiquidBounce§8]§r PREV YAW: -10.358551, PREV PITCH: -1.9566145, VALID: true, PHASE: COMPLETE
[19:27:50] [Client thread/INFO]: [CHAT] §8[§9§lLiquidBounce§8]§r PREV YAW: -5.0641785, PREV PITCH: -0.57547474, VALID: true, PHASE: COMPLETE
[19:27:50] [Client thread/INFO]: [CHAT] §8[§9§lLiquidBounce§8]§r PREV YAW: -4.2585144, PREV PITCH: 1.9566145, VALID: true, PHASE: COMPLETE
[19:27:50] [Client thread/INFO]: [CHAT] §8[§9§lLiquidBounce§8]§r PREV YAW: -3.6830444, PREV PITCH: 1.4962349, VALID: true, PHASE: COMPLETE
[19:27:51] [Client thread/INFO]: [CHAT] §8[§9§lLiquidBounce§8]§r PREV YAW: -3.3377686, PREV PITCH: 4.7188945, VALID: true, PHASE: COMPLETE
[19:27:51] [Client thread/INFO]: [CHAT] §8[§9§lLiquidBounce§8]§r PREV YAW: -3.1075745, PREV PITCH: 4.2585144, VALID: true, PHASE: COMPLETE
[19:27:51] [Client thread/INFO]: [CHAT] §8[§9§lLiquidBounce§8]§r PREV YAW: -1.8415222, PREV PITCH: 1.2660449, VALID: true, PHASE: COMPLETE
[19:27:51] [Client thread/INFO]: [CHAT] §8[§9§lLiquidBounce§8]§r PREV YAW: -4.7189026, PREV PITCH: 1.9566147, VALID: true, PHASE: COMPLETE
[19:27:51] [Client thread/INFO]: [CHAT] §8[§9§lLiquidBounce§8]§r PREV YAW: -3.5679321, PREV PITCH: -0.6905699, VALID: true, PHASE: COMPLETE
[19:27:51] [Client thread/INFO]: [CHAT] §8[§9§lLiquidBounce§8]§r PREV YAW: -5.8698425, PREV PITCH: 0.0, VALID: true, PHASE: COMPLETE
[19:27:51] [Client thread/INFO]: [CHAT] §8[§9§lLiquidBounce§8]§r PREV YAW: -4.0283203, PREV PITCH: -0.46037993, VALID: true, PHASE: PRIMARY
[19:27:51] [Client thread/INFO]: [CHAT] §8[§9§lLiquidBounce§8]§r PREV YAW: -14.501953, PREV PITCH: -1.4962348, VALID: true, PHASE: PRIMARY
[19:27:51] [Client thread/INFO]: [CHAT] §8[§9§lLiquidBounce§8]§r PREV YAW: -24.63034, PREV PITCH: -2.3018994, VALID: true, PHASE: PRIMARY
[19:27:51] [Client thread/INFO]: [CHAT] §8[§9§lLiquidBounce§8]§r PREV YAW: 23.364288, PREV PITCH: 27.737892, VALID: true, PHASE: PRIMARY
[19:27:51] [Client thread/INFO]: [CHAT] §8[§9§lLiquidBounce§8]§r PREV YAW: 14.041595, PREV PITCH: -3.3377552, VALID: true, PHASE: COMPLETE
[19:27:51] [Client thread/INFO]: [CHAT] §8[§9§lLiquidBounce§8]§r PREV YAW: 7.8264465, PREV PITCH: -3.107565, VALID: true, PHASE: PRIMARY
[19:27:51] [Client thread/INFO]: [CHAT] §8[§9§lLiquidBounce§8]§r PREV YAW: 5.2943726, PREV PITCH: -9.552883, VALID: true, PHASE: PRIMARY
[19:27:51] [Client thread/INFO]: [CHAT] §8[§9§lLiquidBounce§8]§r PREV YAW: 2.8773804, PREV PITCH: -7.2509837, VALID: true, PHASE: COMPLETE
[19:27:51] [Client thread/INFO]: [CHAT] §8[§9§lLiquidBounce§8]§r PREV YAW: 1.381134, PREV PITCH: -2.7622795, VALID: true, PHASE: COMPLETE
[19:27:51] [Client thread/INFO]: [CHAT] §8[§9§lLiquidBounce§8]§r PREV YAW: 0.34527588, PREV PITCH: -4.028324, VALID: true, PHASE: COMPLETE
[19:27:51] [Client thread/INFO]: [CHAT] §8[§9§lLiquidBounce§8]§r PREV YAW: 1.7264099, PREV PITCH: -0.46038008, VALID: true, PHASE: COMPLETE
[19:27:51] [Client thread/INFO]: [CHAT] §8[§9§lLiquidBounce§8]§r PREV YAW: 1.8415222, PREV PITCH: -1.3811398, VALID: true, PHASE: COMPLETE
[19:27:51] [Client thread/INFO]: [CHAT] §8[§9§lLiquidBounce§8]§r PREV YAW: 0.57547, PREV PITCH: 1.3811398, VALID: true, PHASE: COMPLETE
[19:27:51] [Client thread/INFO]: [CHAT] §8[§9§lLiquidBounce§8]§r PREV YAW: 1.15094, PREV PITCH: -3.107565, VALID: true, PHASE: COMPLETE
[19:27:52] [Client thread/INFO]: [CHAT] §8[§9§lLiquidBounce§8]§r PREV YAW: -5.1792603, PREV PITCH: 0.6905699, VALID: true, PHASE: COMPLETE
[19:27:52] [Client thread/INFO]: [CHAT] §8[§9§lLiquidBounce§8]§r PREV YAW: -0.92074585, PREV PITCH: 0.6905699, VALID: true, PHASE: COMPLETE
[19:27:52] [Client thread/INFO]: [CHAT] §8[§9§lLiquidBounce§8]§r PREV YAW: -1.8415222, PREV PITCH: -2.8773746, VALID: true, PHASE: COMPLETE
[19:27:52] [Client thread/INFO]: [CHAT] §8[§9§lLiquidBounce§8]§r PREV YAW: -1.2660522, PREV PITCH: -1.8415194, VALID: true, PHASE: COMPLETE
[19:27:52] [Client thread/INFO]: [CHAT] §8[§9§lLiquidBounce§8]§r PREV YAW: -1.381134, PREV PITCH: -0.34528542, VALID: true, PHASE: COMPLETE
[19:27:52] [Client thread/INFO]: [CHAT] §8[§9§lLiquidBounce§8]§r PREV YAW: -1.0358582, PREV PITCH: -0.4603796, VALID: true, PHASE: COMPLETE
[19:27:52] [Client thread/INFO]: [CHAT] §8[§9§lLiquidBounce§8]§r PREV YAW: -0.92074585, PREV PITCH: 1.8415194, VALID: true, PHASE: COMPLETE
[19:27:52] [Client thread/INFO]: [CHAT] §8[§9§lLiquidBounce§8]§r PREV YAW: -0.80566406, PREV PITCH: 1.3811398, VALID: true, PHASE: COMPLETE
[19:27:52] [Client thread/INFO]: [CHAT] §8[§9§lLiquidBounce§8]§r PREV YAW: -0.80566406, PREV PITCH: 4.488704, VALID: true, PHASE: COMPLETE
[19:27:52] [Client thread/INFO]: [CHAT] §8[§9§lLiquidBounce§8]§r PREV YAW: -0.92074585, PREV PITCH: 4.028324, VALID: true, PHASE: COMPLETE
[19:27:52] [Client thread/INFO]: [CHAT] §8[§9§lLiquidBounce§8]§r PREV YAW: -0.11508179, PREV PITCH: 1.2660449, VALID: true, PHASE: COMPLETE
[19:27:52] [Client thread/INFO]: [CHAT] §8[§9§lLiquidBounce§8]§r PREV YAW: -1.381134, PREV PITCH: 1.9566147, VALID: true, PHASE: COMPLETE
[19:27:52] [Client thread/INFO]: [CHAT] §8[§9§lLiquidBounce§8]§r PREV YAW: -0.57547, PREV PITCH: -0.6905699, VALID: true, PHASE: COMPLETE
[19:27:52] [Client thread/INFO]: [CHAT] §8[§9§lLiquidBounce§8]§r PREV YAW: -0.92074585, PREV PITCH: 0.11509496, VALID: true, PHASE: COMPLETE
[19:27:52] [Client thread/INFO]: [CHAT] §8[§9§lLiquidBounce§8]§r PREV YAW: -0.34527588, PREV PITCH: -1.4962348, VALID: true, PHASE: COMPLETE
[19:27:52] [Client thread/INFO]: [CHAT] §8[§9§lLiquidBounce§8]§r PREV YAW: -2.186798, PREV PITCH: -1.7264247, VALID: true, PHASE: COMPLETE
[19:27:52] [Client thread/INFO]: [CHAT] §8[§9§lLiquidBounce§8]§r PREV YAW: -3.3377686, PREV PITCH: -3.1075644, VALID: true, PHASE: PRIMARY
[19:27:52] [Client thread/INFO]: [CHAT] §8[§9§lLiquidBounce§8]§r PREV YAW: 14.732147, PREV PITCH: 27.73789, VALID: true, PHASE: PRIMARY
[19:27:52] [Client thread/INFO]: [CHAT] §8[§9§lLiquidBounce§8]§r PREV YAW: 5.4094543, PREV PITCH: -2.1868038, VALID: true, PHASE: COMPLETE
[19:27:52] [Client thread/INFO]: [CHAT] §8[§9§lLiquidBounce§8]§r PREV YAW: 1.956604, PREV PITCH: -2.8773746, VALID: true, PHASE: PRIMARY
[19:27:53] [Client thread/INFO]: [CHAT] §8[§9§lLiquidBounce§8]§r PREV YAW: -1.2660522, PREV PITCH: -9.437788, VALID: true, PHASE: PRIMARY
[19:27:53] [Client thread/INFO]: [CHAT] §8[§9§lLiquidBounce§8]§r PREV YAW: -0.23019409, PREV PITCH: -6.790604, VALID: true, PHASE: COMPLETE
[19:27:53] [Client thread/INFO]: [CHAT] §8[§9§lLiquidBounce§8]§r PREV YAW: 0.11508179, PREV PITCH: -2.0717096, VALID: true, PHASE: COMPLETE
[19:27:53] [Client thread/INFO]: [CHAT] §8[§9§lLiquidBounce§8]§r PREV YAW: 0.0, PREV PITCH: -3.6830392, VALID: true, PHASE: COMPLETE
[19:27:53] [Client thread/INFO]: [CHAT] §8[§9§lLiquidBounce§8]§r PREV YAW: -1.0358582, PREV PITCH: -1.4962349, VALID: true, PHASE: COMPLETE
[19:27:53] [Client thread/INFO]: [CHAT] §8[§9§lLiquidBounce§8]§r PREV YAW: -0.80566406, PREV PITCH: -3.6830392, VALID: true, PHASE: COMPLETE
[19:27:53] [Client thread/INFO]: [CHAT] §8[§9§lLiquidBounce§8]§r PREV YAW: -0.23019409, PREV PITCH: -0.57547474, VALID: true, PHASE: COMPLETE
[19:27:53] [Client thread/INFO]: [CHAT] §8[§9§lLiquidBounce§8]§r PREV YAW: -0.34527588, PREV PITCH: -0.4603796, VALID: true, PHASE: COMPLETE
[19:27:53] [Client thread/INFO]: [CHAT] §8[§9§lLiquidBounce§8]§r PREV YAW: 1.6113281, PREV PITCH: 4.1434193, VALID: true, PHASE: COMPLETE
[19:27:53] [Client thread/INFO]: [CHAT] §8[§9§lLiquidBounce§8]§r PREV YAW: 1.0358582, PREV PITCH: -1.7264252, VALID: true, PHASE: COMPLETE
[19:27:53] [Client thread/INFO]: [CHAT] §8[§9§lLiquidBounce§8]§r PREV YAW: -1.6113281, PREV PITCH: -3.107565, VALID: true, PHASE: COMPLETE
[19:27:53] [Client thread/INFO]: [CHAT] §8[§9§lLiquidBounce§8]§r PREV YAW: 0.34527588, PREV PITCH: -1.8415194, VALID: true, PHASE: COMPLETE
[19:27:53] [Client thread/INFO]: [CHAT] §8[§9§lLiquidBounce§8]§r PREV YAW: 0.46038818, PREV PITCH: -0.34528542, VALID: true, PHASE: COMPLETE
[19:27:53] [Client thread/INFO]: [CHAT] §8[§9§lLiquidBounce§8]§r PREV YAW: 0.34527588, PREV PITCH: -0.34528542, VALID: true, PHASE: COMPLETE
[19:27:53] [Client thread/INFO]: [CHAT] §8[§9§lLiquidBounce§8]§r PREV YAW: 0.23019409, PREV PITCH: 1.9566145, VALID: true, PHASE: COMPLETE
[19:27:53] [Client thread/INFO]: [CHAT] §8[§9§lLiquidBounce§8]§r PREV YAW: 0.23019409, PREV PITCH: 1.3811398, VALID: true, PHASE: COMPLETE
[19:27:53] [Client thread/INFO]: [CHAT] §8[§9§lLiquidBounce§8]§r PREV YAW: -0.11508179, PREV PITCH: 4.7188945, VALID: true, PHASE: COMPLETE
[19:27:53] [Client thread/INFO]: [CHAT] §8[§9§lLiquidBounce§8]§r PREV YAW: 5.0641785, PREV PITCH: 4.1434193, VALID: true, PHASE: COMPLETE
[19:27:53] [Client thread/INFO]: [CHAT] §8[§9§lLiquidBounce§8]§r PREV YAW: -5.1792603, PREV PITCH: 1.4962348, VALID: true, PHASE: COMPLETE
[19:27:53] [Client thread/INFO]: [CHAT] §8[§9§lLiquidBounce§8]§r PREV YAW: -0.34527588, PREV PITCH: 2.0717096, VALID: true, PHASE: COMPLETE
[19:27:54] [Client thread/INFO]: [CHAT] §8[§9§lLiquidBounce§8]§r PREV YAW: 4.7189026, PREV PITCH: -0.8056649, VALID: true, PHASE: COMPLETE
[19:27:54] [Client thread/INFO]: [CHAT] §8[§9§lLiquidBounce§8]§r PREV YAW: 5.2943726, PREV PITCH: 0.0, VALID: true, PHASE: COMPLETE
[19:27:54] [Client thread/INFO]: [CHAT] §8[§9§lLiquidBounce§8]§r PREV YAW: 6.9057007, PREV PITCH: 0.23018995, VALID: false, PHASE: PRIMARY
[19:27:54] [Client thread/INFO]: [CHAT] §8[§9§lLiquidBounce§8]§r PREV YAW: 20.60199, PREV PITCH: 10.243454, VALID: false, PHASE: PRIMARY
[19:27:54] [Client thread/INFO]: [CHAT] §8[§9§lLiquidBounce§8]§r PREV YAW: 14.386871, PREV PITCH: 9.0925045, VALID: true, PHASE: COMPLETE
[19:27:54] [Client thread/INFO]: [CHAT] §8[§9§lLiquidBounce§8]§r PREV YAW: -3.9132385, PREV PITCH: -3.6830387, VALID: true, PHASE: COMPLETE
[19:27:54] [Client thread/INFO]: [CHAT] §8[§9§lLiquidBounce§8]§r PREV YAW: -4.2585144, PREV PITCH: -4.833989, VALID: true, PHASE: COMPLETE
[19:27:54] [Client thread/INFO]: [CHAT] §8[§9§lLiquidBounce§8]§r PREV YAW: -2.186798, PREV PITCH: -3.222659, VALID: true, PHASE: PRIMARY
[19:27:54] [Client thread/INFO]: [CHAT] §8[§9§lLiquidBounce§8]§r PREV YAW: -4.4887085, PREV PITCH: -5.8698444, VALID: true, PHASE: PRIMARY
[19:27:54] [Client thread/INFO]: [CHAT] §8[§9§lLiquidBounce§8]§r PREV YAW: -4.4887085, PREV PITCH: -6.6755085, VALID: true, PHASE: COMPLETE
[19:27:54] [Client thread/INFO]: [CHAT] §8[§9§lLiquidBounce§8]§r PREV YAW: -3.6830444, PREV PITCH: -2.1868048, VALID: true, PHASE: COMPLETE
[19:27:54] [Client thread/INFO]: [CHAT] §8[§9§lLiquidBounce§8]§r PREV YAW: -2.8773804, PREV PITCH: -3.5679445, VALID: true, PHASE: COMPLETE
[19:27:54] [Client thread/INFO]: [CHAT] §8[§9§lLiquidBounce§8]§r PREV YAW: -2.762268, PREV PITCH: -1.7264252, VALID: true, PHASE: COMPLETE
[19:27:54] [Client thread/INFO]: [CHAT] §8[§9§lLiquidBounce§8]§r PREV YAW: -2.4169922, PREV PITCH: -1.2660446, VALID: true, PHASE: COMPLETE
[19:27:54] [Client thread/INFO]: [CHAT] §8[§9§lLiquidBounce§8]§r PREV YAW: -3.5679321, PREV PITCH: 5.0641794, VALID: true, PHASE: COMPLETE
[19:27:54] [Client thread/INFO]: [CHAT] §8[§9§lLiquidBounce§8]§r PREV YAW: 4.7189026, PREV PITCH: 4.6037993, VALID: true, PHASE: COMPLETE
[19:27:54] [Client thread/INFO]: [CHAT] §8[§9§lLiquidBounce§8]§r PREV YAW: -0.80566406, PREV PITCH: 2.1868048, VALID: true, PHASE: COMPLETE
[19:27:54] [Client thread/INFO]: [CHAT] §8[§9§lLiquidBounce§8]§r PREV YAW: -0.57547, PREV PITCH: -2.9924698, VALID: true, PHASE: COMPLETE
[19:27:54] [Client thread/INFO]: [CHAT] §8[§9§lLiquidBounce§8]§r PREV YAW: 1.2660522, PREV PITCH: -2.4169946, VALID: true, PHASE: COMPLETE
[19:27:54] [Client thread/INFO]: [CHAT] §8[§9§lLiquidBounce§8]§r PREV YAW: 1.8415222, PREV PITCH: -4.028324, VALID: true, PHASE: COMPLETE
[19:27:55] [Client thread/INFO]: [CHAT] §8[§9§lLiquidBounce§8]§r PREV YAW: -3.6830444, PREV PITCH: -3.5679445, VALID: true, PHASE: COMPLETE
[19:27:55] [Client thread/INFO]: [CHAT] §8[§9§lLiquidBounce§8]§r PREV YAW: -0.46038818, PREV PITCH: -1.1509495, VALID: true, PHASE: COMPLETE
[19:27:55] [Client thread/INFO]: [CHAT] §8[§9§lLiquidBounce§8]§r PREV YAW: -0.11508179, PREV PITCH: 1.7264252, VALID: true, PHASE: COMPLETE
[19:27:55] [Client thread/INFO]: [CHAT] §8[§9§lLiquidBounce§8]§r PREV YAW: 0.11508179, PREV PITCH: 1.61133, VALID: true, PHASE: COMPLETE
[19:27:55] [Client thread/INFO]: [CHAT] §8[§9§lLiquidBounce§8]§r PREV YAW: -1.0358582, PREV PITCH: 6.330224, VALID: true, PHASE: COMPLETE
[19:27:55] [Client thread/INFO]: [CHAT] §8[§9§lLiquidBounce§8]§r PREV YAW: -1.6113281, PREV PITCH: 5.869844, VALID: true, PHASE: COMPLETE
[19:27:55] [Client thread/INFO]: [CHAT] §8[§9§lLiquidBounce§8]§r PREV YAW: 1.2660522, PREV PITCH: -4.718894, VALID: true, PHASE: COMPLETE
[19:27:55] [Client thread/INFO]: [CHAT] §8[§9§lLiquidBounce§8]§r PREV YAW: 0.34527588, PREV PITCH: -2.5320897, VALID: true, PHASE: COMPLETE
[19:27:55] [Client thread/INFO]: [CHAT] §8[§9§lLiquidBounce§8]§r PREV YAW: 0.6905823, PREV PITCH: -4.603799, VALID: true, PHASE: COMPLETE
[19:27:55] [Client thread/INFO]: [CHAT] §8[§9§lLiquidBounce§8]§r PREV YAW: 0.46038818, PREV PITCH: -3.3377542, VALID: true, PHASE: COMPLETE
[19:27:55] [Client thread/INFO]: [CHAT] §8[§9§lLiquidBounce§8]§r PREV YAW: 0.46038818, PREV PITCH: -0.805665, VALID: true, PHASE: COMPLETE
[19:27:55] [Client thread/INFO]: [CHAT] §8[§9§lLiquidBounce§8]§r PREV YAW: 0.34527588, PREV PITCH: -1.1509495, VALID: true, PHASE: COMPLETE
[19:27:55] [Client thread/INFO]: [CHAT] §8[§9§lLiquidBounce§8]§r PREV YAW: 0.11508179, PREV PITCH: 2.0717096, VALID: true, PHASE: COMPLETE
[19:27:55] [Client thread/INFO]: [CHAT] §8[§9§lLiquidBounce§8]§r PREV YAW: 0.11508179, PREV PITCH: 2.6471844, VALID: true, PHASE: COMPLETE
[19:27:55] [Client thread/INFO]: [CHAT] §8[§9§lLiquidBounce§8]§r PREV YAW: 0.23019409, PREV PITCH: 6.560414, VALID: true, PHASE: COMPLETE
[19:27:55] [Client thread/INFO]: [CHAT] §8[§9§lLiquidBounce§8]§r PREV YAW: -0.34527588, PREV PITCH: 5.7547493, VALID: true, PHASE: COMPLETE
[19:27:55] [Client thread/INFO]: [CHAT] §8[§9§lLiquidBounce§8]§r PREV YAW: -0.23019409, PREV PITCH: -4.3736095, VALID: true, PHASE: COMPLETE
[19:27:55] [Client thread/INFO]: [CHAT] §8[§9§lLiquidBounce§8]§r PREV YAW: -0.46038818, PREV PITCH: -2.4169946, VALID: true, PHASE: COMPLETE
[19:27:55] [Client thread/INFO]: [CHAT] §8[§9§lLiquidBounce§8]§r PREV YAW: -0.80566406, PREV PITCH: -4.718894, VALID: true, PHASE: COMPLETE
[19:27:55] [Client thread/INFO]: [CHAT] §8[§9§lLiquidBounce§8]§r PREV YAW: -0.6905823, PREV PITCH: -3.7981348, VALID: true, PHASE: COMPLETE
[19:27:56] [Client thread/INFO]: [CHAT] §8[§9§lLiquidBounce§8]§r PREV YAW: -0.57547, PREV PITCH: -1.1509504, VALID: true, PHASE: COMPLETE
[19:27:56] [Client thread/INFO]: [CHAT] §8[§9§lLiquidBounce§8]§r PREV YAW: -0.57547, PREV PITCH: -1.3811398, VALID: true, PHASE: COMPLETE
[19:27:56] [Client thread/INFO]: [CHAT] §8[§9§lLiquidBounce§8]§r PREV YAW: -0.23019409, PREV PITCH: 2.0717096, VALID: true, PHASE: COMPLETE
[19:27:56] [Client thread/INFO]: [CHAT] §8[§9§lLiquidBounce§8]§r PREV YAW: -0.34527588, PREV PITCH: 2.6471844, VALID: true, PHASE: COMPLETE
[19:27:56] [Client thread/INFO]: [CHAT] §8[§9§lLiquidBounce§8]§r PREV YAW: 0.0, PREV PITCH: 2.5320892, VALID: true, PHASE: PRIMARY
[19:27:56] [Client thread/INFO]: [CHAT] §8[§9§lLiquidBounce§8]§r PREV YAW: -1.15094, PREV PITCH: 7.941554, VALID: true, PHASE: PRIMARY
[19:27:56] [Client thread/INFO]: [CHAT] §8[§9§lLiquidBounce§8]§r PREV YAW: -0.57547, PREV PITCH: -2.0717099, VALID: true, PHASE: COMPLETE
[19:27:56] [Client thread/INFO]: [CHAT] §8[§9§lLiquidBounce§8]§r PREV YAW: 1.4962463, PREV PITCH: -4.373609, VALID: true, PHASE: COMPLETE
[19:27:56] [Client thread/INFO]: [CHAT] §8[§9§lLiquidBounce§8]§r PREV YAW: 0.23019409, PREV PITCH: -3.6830397, VALID: true, PHASE: COMPLETE
[19:27:56] [Client thread/INFO]: [CHAT] §8[§9§lLiquidBounce§8]§r PREV YAW: 0.23019409, PREV PITCH: -3.107565, VALID: true, PHASE: COMPLETE
[19:27:56] [Client thread/INFO]: [CHAT] §8[§9§lLiquidBounce§8]§r PREV YAW: 0.57547, PREV PITCH: -0.9207592, VALID: true, PHASE: COMPLETE
[19:27:56] [Client thread/INFO]: [CHAT] §8[§9§lLiquidBounce§8]§r PREV YAW: 0.34527588, PREV PITCH: -0.9207592, VALID: true, PHASE: COMPLETE
[19:27:56] [Client thread/INFO]: [CHAT] §8[§9§lLiquidBounce§8]§r PREV YAW: 0.23019409, PREV PITCH: 3.3377542, VALID: true, PHASE: COMPLETE
[19:27:56] [Client thread/INFO]: [CHAT] §8[§9§lLiquidBounce§8]§r PREV YAW: 0.11508179, PREV PITCH: 2.9924698, VALID: true, PHASE: COMPLETE
[19:27:56] [Client thread/INFO]: [CHAT] §8[§9§lLiquidBounce§8]§r PREV YAW: 0.34527588, PREV PITCH: 6.215129, VALID: true, PHASE: COMPLETE
[19:27:56] [Client thread/INFO]: [CHAT] §8[§9§lLiquidBounce§8]§r PREV YAW: -0.34527588, PREV PITCH: 5.179274, VALID: true, PHASE: COMPLETE
[19:27:56] [Client thread/INFO]: [CHAT] §8[§9§lLiquidBounce§8]§r PREV YAW: 0.11508179, PREV PITCH: -4.488704, VALID: true, PHASE: COMPLETE
[19:27:56] [Client thread/INFO]: [CHAT] §8[§9§lLiquidBounce§8]§r PREV YAW: 2.762268, PREV PITCH: -1.8415198, VALID: true, PHASE: COMPLETE
[19:27:56] [Client thread/INFO]: [CHAT] §8[§9§lLiquidBounce§8]§r PREV YAW: -2.8773804, PREV PITCH: -5.6396537, VALID: true, PHASE: COMPLETE
[19:27:56] [Client thread/INFO]: [CHAT] §8[§9§lLiquidBounce§8]§r PREV YAW: 0.11508179, PREV PITCH: -3.913229, VALID: true, PHASE: COMPLETE
[19:27:57] [Client thread/INFO]: [CHAT] §8[§9§lLiquidBounce§8]§r PREV YAW: 0.0, PREV PITCH: -1.4962349, VALID: true, PHASE: COMPLETE
[19:27:57] [Client thread/INFO]: [CHAT] §8[§9§lLiquidBounce§8]§r PREV YAW: -0.11508179, PREV PITCH: -0.34528542, VALID: true, PHASE: COMPLETE
[19:27:57] [Client thread/INFO]: [CHAT] §8[§9§lLiquidBounce§8]§r PREV YAW: -0.34527588, PREV PITCH: 1.3811398, VALID: true, PHASE: COMPLETE
[19:27:57] [Client thread/INFO]: [CHAT] §8[§9§lLiquidBounce§8]§r PREV YAW: -0.34527588, PREV PITCH: 1.0358553, VALID: true, PHASE: COMPLETE
[19:27:57] [Client thread/INFO]: [CHAT] §8[§9§lLiquidBounce§8]§r PREV YAW: -0.46038818, PREV PITCH: 4.3736095, VALID: true, PHASE: COMPLETE
[19:27:57] [Client thread/INFO]: [CHAT] §8[§9§lLiquidBounce§8]§r PREV YAW: -0.34527588, PREV PITCH: 3.2226596, VALID: true, PHASE: COMPLETE
[19:27:57] [Client thread/INFO]: [CHAT] §8[§9§lLiquidBounce§8]§r PREV YAW: -0.57547, PREV PITCH: 4.6037993, VALID: true, PHASE: COMPLETE
[19:27:57] [Client thread/INFO]: [CHAT] §8[§9§lLiquidBounce§8]§r PREV YAW: 0.11508179, PREV PITCH: 3.6830394, VALID: true, PHASE: COMPLETE
[19:27:57] [Client thread/INFO]: [CHAT] §8[§9§lLiquidBounce§8]§r PREV YAW: 3.9132385, PREV PITCH: -0.23018998, VALID: true, PHASE: COMPLETE
[19:27:57] [Client thread/INFO]: [CHAT] §8[§9§lLiquidBounce§8]§r PREV YAW: 3.2226562, PREV PITCH: 0.34528494, VALID: true, PHASE: COMPLETE
[19:27:57] [Client thread/INFO]: [CHAT] §8[§9§lLiquidBounce§8]§r PREV YAW: 2.762268, PREV PITCH: 0.11509496, VALID: false, PHASE: PRIMARY
[19:27:57] [Client thread/INFO]: [CHAT] §8[§9§lLiquidBounce§8]§r PREV YAW: 9.667969, PREV PITCH: -0.8056649, VALID: false, PHASE: PRIMARY
[19:27:57] [Client thread/INFO]: [CHAT] §8[§9§lLiquidBounce§8]§r PREV YAW: 10.934021, PREV PITCH: -0.6905699, VALID: true, PHASE: COMPLETE
[19:27:57] [Client thread/INFO]: [CHAT] §8[§9§lLiquidBounce§8]§r PREV YAW: 6.2151184, PREV PITCH: -0.46037996, VALID: false, PHASE: PRIMARY
[19:27:57] [Client thread/INFO]: [CHAT] §8[§9§lLiquidBounce§8]§r PREV YAW: 8.171753, PREV PITCH: -0.34528494, VALID: true, PHASE: PRIMARY
[19:27:57] [Client thread/INFO]: [CHAT] §8[§9§lLiquidBounce§8]§r PREV YAW: 15.652924, PREV PITCH: -0.34528494, VALID: true, PHASE: COMPLETE
[19:27:57] [Client thread/INFO]: [CHAT] §8[§9§lLiquidBounce§8]§r PREV YAW: 11.739685, PREV PITCH: -0.8056649, VALID: true, PHASE: PRIMARY
[19:27:57] [Client thread/INFO]: [CHAT] §8[§9§lLiquidBounce§8]§r PREV YAW: 12.315155, PREV PITCH: 17.724627, VALID: true, PHASE: PRIMARY
[19:27:57] [Client thread/INFO]: [CHAT] §8[§9§lLiquidBounce§8]§r PREV YAW: 15.307648, PREV PITCH: 20.947287, VALID: true, PHASE: COMPLETE
[19:27:57] [Client thread/INFO]: [CHAT] §8[§9§lLiquidBounce§8]§r PREV YAW: 0.92074585, PREV PITCH: 7.135887, VALID: true, PHASE: PRIMARY
[19:27:58] [Client thread/INFO]: [CHAT] §8[§9§lLiquidBounce§8]§r PREV YAW: -17.72464, PREV PITCH: -6.100033, VALID: false, PHASE: PRIMARY
[19:27:58] [Client thread/INFO]: [CHAT] §8[§9§lLiquidBounce§8]§r PREV YAW: -24.63034, PREV PITCH: -21.752953, VALID: true, PHASE: PRIMARY
[19:27:58] [Client thread/INFO]: [CHAT] §8[§9§lLiquidBounce§8]§r PREV YAW: -24.63034, PREV PITCH: -12.660448, VALID: true, PHASE: PRIMARY
[19:27:58] [Client thread/INFO]: [CHAT] §8[§9§lLiquidBounce§8]§r PREV YAW: -10.358551, PREV PITCH: -9.783073, VALID: true, PHASE: COMPLETE
[19:27:58] [Client thread/INFO]: [CHAT] §8[§9§lLiquidBounce§8]§r PREV YAW: -5.2943726, PREV PITCH: -2.8773746, VALID: true, PHASE: COMPLETE
[19:27:58] [Client thread/INFO]: [CHAT] §8[§9§lLiquidBounce§8]§r PREV YAW: -4.0283203, PREV PITCH: -4.833989, VALID: true, PHASE: COMPLETE
[19:27:58] [Client thread/INFO]: [CHAT] §8[§9§lLiquidBounce§8]§r PREV YAW: -4.1434326, PREV PITCH: -2.1868038, VALID: true, PHASE: COMPLETE
[19:27:58] [Client thread/INFO]: [CHAT] §8[§9§lLiquidBounce§8]§r PREV YAW: -1.6113281, PREV PITCH: 1.8415194, VALID: false, PHASE: PRIMARY
[19:27:58] [Client thread/INFO]: [CHAT] §8[§9§lLiquidBounce§8]§r PREV YAW: 1.0358582, PREV PITCH: 15.077443, VALID: false, PHASE: PRIMARY
[19:27:58] [Client thread/INFO]: [CHAT] §8[§9§lLiquidBounce§8]§r PREV YAW: 7.366089, PREV PITCH: 5.869844, VALID: true, PHASE: COMPLETE
[19:27:58] [Client thread/INFO]: [CHAT] §8[§9§lLiquidBounce§8]§r PREV YAW: 4.6037903, PREV PITCH: 2.0717096, VALID: false, PHASE: PRIMARY
[19:27:58] [Client thread/INFO]: [CHAT] §8[§9§lLiquidBounce§8]§r PREV YAW: 5.4094543, PREV PITCH: -4.6037993, VALID: false, PHASE: PRIMARY
[19:27:58] [Client thread/INFO]: [CHAT] §8[§9§lLiquidBounce§8]§r PREV YAW: 8.056641, PREV PITCH: -4.1434193, VALID: true, PHASE: COMPLETE
[19:27:58] [Client thread/INFO]: [CHAT] §8[§9§lLiquidBounce§8]§r PREV YAW: 4.0283203, PREV PITCH: -2.4169946, VALID: true, PHASE: COMPLETE
[19:27:58] [Client thread/INFO]: [CHAT] §8[§9§lLiquidBounce§8]§r PREV YAW: 3.9132385, PREV PITCH: -1.38114, VALID: true, PHASE: COMPLETE
[19:27:58] [Client thread/INFO]: [CHAT] §8[§9§lLiquidBounce§8]§r PREV YAW: 2.6471863, PREV PITCH: -1.9566145, VALID: true, PHASE: COMPLETE
[19:27:58] [Client thread/INFO]: [CHAT] §8[§9§lLiquidBounce§8]§r PREV YAW: 2.186798, PREV PITCH: 1.0358548, VALID: true, PHASE: COMPLETE
[19:27:58] [Client thread/INFO]: [CHAT] §8[§9§lLiquidBounce§8]§r PREV YAW: 2.0717163, PREV PITCH: 1.6113298, VALID: true, PHASE: COMPLETE
[19:27:58] [Client thread/INFO]: [CHAT] §8[§9§lLiquidBounce§8]§r PREV YAW: 2.0717163, PREV PITCH: 2.3018997, VALID: true, PHASE: COMPLETE
[19:27:58] [Client thread/INFO]: [CHAT] §8[§9§lLiquidBounce§8]§r PREV YAW: 0.57547, PREV PITCH: 2.0717096, VALID: true, PHASE: COMPLETE
[19:27:59] [Client thread/INFO]: [CHAT] §8[§9§lLiquidBounce§8]§r PREV YAW: -0.92074585, PREV PITCH: -0.11509499, VALID: true, PHASE: COMPLETE
[19:27:59] [Client thread/INFO]: [CHAT] §8[§9§lLiquidBounce§8]§r PREV YAW: -1.2660522, PREV PITCH: 0.11509499, VALID: true, PHASE: COMPLETE
[19:27:59] [Client thread/INFO]: [CHAT] §8[§9§lLiquidBounce§8]§r PREV YAW: -4.0283203, PREV PITCH: -0.46037993, VALID: true, PHASE: COMPLETE
[19:27:59] [Client thread/INFO]: [CHAT] §8[§9§lLiquidBounce§8]§r PREV YAW: -4.4887085, PREV PITCH: -0.11509498, VALID: true, PHASE: COMPLETE
[19:27:59] [Client thread/INFO]: [CHAT] §8[§9§lLiquidBounce§8]§r PREV YAW: -3.2226562, PREV PITCH: -0.23018995, VALID: true, PHASE: PRIMARY
[19:27:59] [Client thread/INFO]: [CHAT] §8[§9§lLiquidBounce§8]§r PREV YAW: -9.898163, PREV PITCH: -0.57547486, VALID: true, PHASE: PRIMARY
[19:27:59] [Client thread/INFO]: [CHAT] §8[§9§lLiquidBounce§8]§r PREV YAW: -15.883118, PREV PITCH: -0.5754749, VALID: true, PHASE: COMPLETE
[19:27:59] [Client thread/INFO]: [CHAT] §8[§9§lLiquidBounce§8]§r PREV YAW: -9.322693, PREV PITCH: 0.11509502, VALID: true, PHASE: PRIMARY
[19:27:59] [Client thread/INFO]: [CHAT] §8[§9§lLiquidBounce§8]§r PREV YAW: -20.02652, PREV PITCH: -0.46037996, VALID: true, PHASE: PRIMARY
[19:27:59] [Client thread/INFO]: [CHAT] §8[§9§lLiquidBounce§8]§r PREV YAW: -21.292572, PREV PITCH: -0.11509502, VALID: true, PHASE: PRIMARY
[19:27:59] [Client thread/INFO]: [CHAT] §8[§9§lLiquidBounce§8]§r PREV YAW: 3.5679321, PREV PITCH: 14.847253, VALID: true, PHASE: COMPLETE
[19:27:59] [Client thread/INFO]: [CHAT] §8[§9§lLiquidBounce§8]§r PREV YAW: 2.3019104, PREV PITCH: 7.5962687, VALID: true, PHASE: PRIMARY
[19:27:59] [Client thread/INFO]: [CHAT] §8[§9§lLiquidBounce§8]§r PREV YAW: 4.4887085, PREV PITCH: 5.2943687, VALID: true, PHASE: PRIMARY
[19:27:59] [Client thread/INFO]: [CHAT] §8[§9§lLiquidBounce§8]§r PREV YAW: 22.9039, PREV PITCH: -6.905699, VALID: true, PHASE: PRIMARY
[19:27:59] [Client thread/INFO]: [CHAT] §8[§9§lLiquidBounce§8]§r PREV YAW: 18.415192, PREV PITCH: -9.322694, VALID: true, PHASE: COMPLETE
[19:27:59] [Client thread/INFO]: [CHAT] §8[§9§lLiquidBounce§8]§r PREV YAW: 8.632111, PREV PITCH: -4.833989, VALID: true, PHASE: PRIMARY
[19:27:59] [Client thread/INFO]: [CHAT] §8[§9§lLiquidBounce§8]§r PREV YAW: 1.2660522, PREV PITCH: -4.488704, VALID: true, PHASE: PRIMARY
[19:27:59] [Client thread/INFO]: [CHAT] §8[§9§lLiquidBounce§8]§r PREV YAW: 3.9132385, PREV PITCH: -5.294369, VALID: true, PHASE: COMPLETE
[19:27:59] [Client thread/INFO]: [CHAT] §8[§9§lLiquidBounce§8]§r PREV YAW: 2.4169922, PREV PITCH: -1.9566145, VALID: true, PHASE: COMPLETE
[19:28:00] [Client thread/INFO]: [CHAT] §8[§9§lLiquidBounce§8]§r PREV YAW: 1.7264099, PREV PITCH: -2.9924698, VALID: true, PHASE: COMPLETE
[19:28:00] [Client thread/INFO]: [CHAT] §8[§9§lLiquidBounce§8]§r PREV YAW: 1.4962463, PREV PITCH: 0.11509514, VALID: true, PHASE: COMPLETE
[19:28:00] [Client thread/INFO]: [CHAT] §8[§9§lLiquidBounce§8]§r PREV YAW: 1.381134, PREV PITCH: 1.3811398, VALID: true, PHASE: COMPLETE
[19:28:00] [Client thread/INFO]: [CHAT] §8[§9§lLiquidBounce§8]§r PREV YAW: 1.2660522, PREV PITCH: 3.6830397, VALID: true, PHASE: COMPLETE
[19:28:00] [Client thread/INFO]: [CHAT] §8[§9§lLiquidBounce§8]§r PREV YAW: 0.80566406, PREV PITCH: 2.8773746, VALID: true, PHASE: COMPLETE
[19:28:00] [Client thread/INFO]: [CHAT] §8[§9§lLiquidBounce§8]§r PREV YAW: 0.80566406, PREV PITCH: 1.2660449, VALID: true, PHASE: COMPLETE
[19:28:00] [Client thread/INFO]: [CHAT] §8[§9§lLiquidBounce§8]§r PREV YAW: 0.6905823, PREV PITCH: 1.6113298, VALID: true, PHASE: COMPLETE
[19:28:00] [Client thread/INFO]: [CHAT] §8[§9§lLiquidBounce§8]§r PREV YAW: 0.80566406, PREV PITCH: -0.46037993, VALID: true, PHASE: COMPLETE
[19:28:00] [Client thread/INFO]: [CHAT] §8[§9§lLiquidBounce§8]§r PREV YAW: 1.0358582, PREV PITCH: 0.11509499, VALID: true, PHASE: COMPLETE
[19:28:00] [Client thread/INFO]: [CHAT] §8[§9§lLiquidBounce§8]§r PREV YAW: 4.2585144, PREV PITCH: -0.8056649, VALID: true, PHASE: COMPLETE
[19:28:00] [Client thread/INFO]: [CHAT] §8[§9§lLiquidBounce§8]§r PREV YAW: 3.4528503, PREV PITCH: -0.57547486, VALID: true, PHASE: PRIMARY
[19:28:00] [Client thread/INFO]: [CHAT] §8[§9§lLiquidBounce§8]§r PREV YAW: 8.747223, PREV PITCH: -0.57547486, VALID: true, PHASE: PRIMARY
[19:28:00] [Client thread/INFO]: [CHAT] §8[§9§lLiquidBounce§8]§r PREV YAW: 19.566162, PREV PITCH: -1.0358549, VALID: true, PHASE: COMPLETE
[19:28:00] [Client thread/INFO]: [CHAT] §8[§9§lLiquidBounce§8]§r PREV YAW: 0.23019409, PREV PITCH: 5.524559, VALID: false, PHASE: PRIMARY
[19:28:00] [Client thread/INFO]: [CHAT] §8[§9§lLiquidBounce§8]§r PREV YAW: -17.954803, PREV PITCH: 12.890638, VALID: false, PHASE: PRIMARY
[19:28:00] [Client thread/INFO]: [CHAT] §8[§9§lLiquidBounce§8]§r PREV YAW: -24.63034, PREV PITCH: 12.545353, VALID: true, PHASE: PRIMARY
[19:28:00] [Client thread/INFO]: [CHAT] §8[§9§lLiquidBounce§8]§r PREV YAW: -23.134094, PREV PITCH: 0.5754757, VALID: true, PHASE: PRIMARY
[19:28:00] [Client thread/INFO]: [CHAT] §8[§9§lLiquidBounce§8]§r PREV YAW: -1.2660522, PREV PITCH: -11.969877, VALID: true, PHASE: COMPLETE
[19:28:00] [Client thread/INFO]: [CHAT] §8[§9§lLiquidBounce§8]§r PREV YAW: -0.11508179, PREV PITCH: -7.135889, VALID: true, PHASE: PRIMARY
[19:28:00] [Client thread/INFO]: [CHAT] §8[§9§lLiquidBounce§8]§r PREV YAW: 3.1075745, PREV PITCH: -9.322694, VALID: true, PHASE: PRIMARY
[19:28:01] [Client thread/INFO]: [CHAT] §8[§9§lLiquidBounce§8]§r PREV YAW: 2.4169922, PREV PITCH: -10.703833, VALID: true, PHASE: COMPLETE
[19:28:01] [Client thread/INFO]: [CHAT] §8[§9§lLiquidBounce§8]§r PREV YAW: 2.9924622, PREV PITCH: -3.7981348, VALID: true, PHASE: COMPLETE
[19:28:01] [Client thread/INFO]: [CHAT] §8[§9§lLiquidBounce§8]§r PREV YAW: 1.7264099, PREV PITCH: -5.639654, VALID: true, PHASE: COMPLETE
[19:28:01] [Client thread/INFO]: [CHAT] §8[§9§lLiquidBounce§8]§r PREV YAW: 1.2660522, PREV PITCH: 0.34528542, VALID: false, PHASE: PRIMARY
[19:28:01] [Client thread/INFO]: [CHAT] §8[§9§lLiquidBounce§8]§r PREV YAW: 3.2226562, PREV PITCH: 14.041588, VALID: false, PHASE: PRIMARY
[19:28:01] [Client thread/INFO]: [CHAT] §8[§9§lLiquidBounce§8]§r PREV YAW: 2.9924622, PREV PITCH: 10.703833, VALID: true, PHASE: COMPLETE
[19:28:01] [Client thread/INFO]: [CHAT] §8[§9§lLiquidBounce§8]§r PREV YAW: 0.23019409, PREV PITCH: 2.9924693, VALID: true, PHASE: COMPLETE
[19:28:01] [Client thread/INFO]: [CHAT] §8[§9§lLiquidBounce§8]§r PREV YAW: -0.57547, PREV PITCH: -1.6113296, VALID: true, PHASE: COMPLETE
[19:28:01] [Client thread/INFO]: [CHAT] §8[§9§lLiquidBounce§8]§r PREV YAW: 0.0, PREV PITCH: -1.3811398, VALID: true, PHASE: COMPLETE
[19:28:01] [Client thread/INFO]: [CHAT] §8[§9§lLiquidBounce§8]§r PREV YAW: -1.0358582, PREV PITCH: -4.2585144, VALID: true, PHASE: COMPLETE
[19:28:01] [Client thread/INFO]: [CHAT] §8[§9§lLiquidBounce§8]§r PREV YAW: -0.57547, PREV PITCH: -3.6830392, VALID: true, PHASE: COMPLETE
[19:28:01] [Client thread/INFO]: [CHAT] §8[§9§lLiquidBounce§8]§r PREV YAW: -0.57547, PREV PITCH: -2.7622795, VALID: true, PHASE: COMPLETE
[19:28:01] [Client thread/INFO]: [CHAT] §8[§9§lLiquidBounce§8]§r PREV YAW: -0.23019409, PREV PITCH: -1.3811398, VALID: true, PHASE: COMPLETE
[19:28:01] [Client thread/INFO]: [CHAT] §8[§9§lLiquidBounce§8]§r PREV YAW: -0.57547, PREV PITCH: 1.15095, VALID: true, PHASE: COMPLETE
[19:28:01] [Client thread/INFO]: [CHAT] §8[§9§lLiquidBounce§8]§r PREV YAW: -0.46038818, PREV PITCH: 0.805665, VALID: true, PHASE: COMPLETE
[19:28:01] [Client thread/INFO]: [CHAT] §8[§9§lLiquidBounce§8]§r PREV YAW: 0.6905823, PREV PITCH: 2.4169946, VALID: true, PHASE: COMPLETE
[19:28:01] [Client thread/INFO]: [CHAT] §8[§9§lLiquidBounce§8]§r PREV YAW: 1.381134, PREV PITCH: 2.1868048, VALID: true, PHASE: COMPLETE
[19:28:01] [Client thread/INFO]: [CHAT] §8[§9§lLiquidBounce§8]§r PREV YAW: 2.4169922, PREV PITCH: -0.11509498, VALID: true, PHASE: COMPLETE
[19:28:01] [Client thread/INFO]: [CHAT] §8[§9§lLiquidBounce§8]§r PREV YAW: 2.9924622, PREV PITCH: 0.23018996, VALID: true, PHASE: COMPLETE
[19:28:01] [Client thread/INFO]: [CHAT] §8[§9§lLiquidBounce§8]§r PREV YAW: 4.8339844, PREV PITCH: -0.34528494, VALID: true, PHASE: COMPLETE
[19:28:01] [Client thread/INFO]: [CHAT] §8[§9§lLiquidBounce§8]§r PREV YAW: 5.6396484, PREV PITCH: -0.23018998, VALID: true, PHASE: COMPLETE
[19:28:02] [Client thread/INFO]: [CHAT] §8[§9§lLiquidBounce§8]§r PREV YAW: 4.0283203, PREV PITCH: -0.23018995, VALID: false, PHASE: PRIMARY
[19:28:02] [Client thread/INFO]: [CHAT] §8[§9§lLiquidBounce§8]§r PREV YAW: 12.315155, PREV PITCH: -0.46037996, VALID: true, PHASE: PRIMARY
[19:28:02] [Client thread/INFO]: [CHAT] §8[§9§lLiquidBounce§8]§r PREV YAW: 17.839722, PREV PITCH: -0.34528494, VALID: true, PHASE: COMPLETE
[19:28:02] [Client thread/INFO]: [CHAT] §8[§9§lLiquidBounce§8]§r PREV YAW: 9.898163, PREV PITCH: 0.23018992, VALID: true, PHASE: PRIMARY
[19:28:02] [Client thread/INFO]: [CHAT] §8[§9§lLiquidBounce§8]§r PREV YAW: -7.2509766, PREV PITCH: 10.128358, VALID: true, PHASE: PRIMARY
[19:28:02] [Client thread/INFO]: [CHAT] §8[§9§lLiquidBounce§8]§r PREV YAW: 0.6905823, PREV PITCH: 13.120829, VALID: true, PHASE: COMPLETE
[19:28:02] [Client thread/INFO]: [CHAT] §8[§9§lLiquidBounce§8]§r PREV YAW: 0.57547, PREV PITCH: 6.6755085, VALID: true, PHASE: PRIMARY
[19:28:02] [Client thread/INFO]: [CHAT] §8[§9§lLiquidBounce§8]§r PREV YAW: 3.4528503, PREV PITCH: 5.1792755, VALID: true, PHASE: PRIMARY
[19:28:02] [Client thread/INFO]: [CHAT] §8[§9§lLiquidBounce§8]§r PREV YAW: -0.92074585, PREV PITCH: 4.603798, VALID: true, PHASE: COMPLETE
[19:28:02] [Client thread/INFO]: [CHAT] §8[§9§lLiquidBounce§8]§r PREV YAW: -3.3377686, PREV PITCH: -1.2660446, VALID: true, PHASE: PRIMARY
[19:28:02] [Client thread/INFO]: [CHAT] §8[§9§lLiquidBounce§8]§r PREV YAW: -12.545349, PREV PITCH: -21.292572, VALID: true, PHASE: PRIMARY
[19:28:02] [Client thread/INFO]: [CHAT] §8[§9§lLiquidBounce§8]§r PREV YAW: -7.7113647, PREV PITCH: -17.034058, VALID: true, PHASE: COMPLETE
[19:28:02] [Client thread/INFO]: [CHAT] §8[§9§lLiquidBounce§8]§r PREV YAW: -3.5679321, PREV PITCH: -8.171743, VALID: true, PHASE: PRIMARY
[19:28:02] [Client thread/INFO]: [CHAT] §8[§9§lLiquidBounce§8]§r PREV YAW: -1.381134, PREV PITCH: -3.7981348, VALID: true, PHASE: PRIMARY
[19:28:02] [Client thread/INFO]: [CHAT] §8[§9§lLiquidBounce§8]§r PREV YAW: -2.186798, PREV PITCH: -2.7622795, VALID: true, PHASE: COMPLETE
[19:28:02] [Client thread/INFO]: [CHAT] §8[§9§lLiquidBounce§8]§r PREV YAW: -1.381134, PREV PITCH: 0.11509514, VALID: true, PHASE: COMPLETE
[19:28:02] [Client thread/INFO]: [CHAT] §8[§9§lLiquidBounce§8]§r PREV YAW: -1.4962463, PREV PITCH: 2.3019, VALID: true, PHASE: COMPLETE
[19:28:02] [Client thread/INFO]: [CHAT] §8[§9§lLiquidBounce§8]§r PREV YAW: -1.0358582, PREV PITCH: 1.4962349, VALID: true, PHASE: COMPLETE
[19:28:02] [Client thread/INFO]: [CHAT] §8[§9§lLiquidBounce§8]§r PREV YAW: -1.4962463, PREV PITCH: 4.7188945, VALID: true, PHASE: COMPLETE
[19:28:02] [Client thread/INFO]: [CHAT] §8[§9§lLiquidBounce§8]§r PREV YAW: -1.2660522, PREV PITCH: 4.2585144, VALID: true, PHASE: COMPLETE
[19:28:03] [Client thread/INFO]: [CHAT] §8[§9§lLiquidBounce§8]§r PREV YAW: -1.15094, PREV PITCH: 1.8415197, VALID: true, PHASE: COMPLETE
[19:28:03] [Client thread/INFO]: [CHAT] §8[§9§lLiquidBounce§8]§r PREV YAW: -1.956604, PREV PITCH: 2.5320897, VALID: true, PHASE: COMPLETE
[19:28:03] [Client thread/INFO]: [CHAT] §8[§9§lLiquidBounce§8]§r PREV YAW: 3.6830444, PREV PITCH: -0.8056649, VALID: true, PHASE: COMPLETE
[19:28:03] [Client thread/INFO]: [CHAT] §8[§9§lLiquidBounce§8]§r PREV YAW: 2.8773804, PREV PITCH: 0.34528494, VALID: true, PHASE: COMPLETE
[19:28:03] [Client thread/INFO]: [CHAT] §8[§9§lLiquidBounce§8]§r PREV YAW: 3.6830444, PREV PITCH: -0.46037996, VALID: true, PHASE: PRIMARY
[19:28:03] [Client thread/INFO]: [CHAT] §8[§9§lLiquidBounce§8]§r PREV YAW: 17.379333, PREV PITCH: -1.2660449, VALID: true, PHASE: PRIMARY
[19:28:03] [Client thread/INFO]: [CHAT] §8[§9§lLiquidBounce§8]§r PREV YAW: 16.688782, PREV PITCH: 15.307632, VALID: true, PHASE: COMPLETE
[19:28:03] [Client thread/INFO]: [CHAT] §8[§9§lLiquidBounce§8]§r PREV YAW: 8.286835, PREV PITCH: 7.5962696, VALID: true, PHASE: PRIMARY
[19:28:03] [Client thread/INFO]: [CHAT] §8[§9§lLiquidBounce§8]§r PREV YAW: -5.5245667, PREV PITCH: -4.83399, VALID: true, PHASE: PRIMARY
[19:28:03] [Client thread/INFO]: [CHAT] §8[§9§lLiquidBounce§8]§r PREV YAW: -3.2226562, PREV PITCH: -4.4887047, VALID: true, PHASE: COMPLETE
[19:28:03] [Client thread/INFO]: [CHAT] §8[§9§lLiquidBounce§8]§r PREV YAW: -2.8773804, PREV PITCH: -2.8773746, VALID: true, PHASE: PRIMARY
[19:28:03] [Client thread/INFO]: [CHAT] §8[§9§lLiquidBounce§8]§r PREV YAW: -6.2151184, PREV PITCH: -7.826459, VALID: true, PHASE: PRIMARY
[19:28:03] [Client thread/INFO]: [CHAT] §8[§9§lLiquidBounce§8]§r PREV YAW: -6.6755066, PREV PITCH: -5.0641794, VALID: true, PHASE: COMPLETE
[19:28:03] [Client thread/INFO]: [CHAT] 
§9§l  Join our Discord Server
 §fChat with players, read announcements and join giveaways!
 §e§lClick here: §e§nhttps://pika-network.net/discord

[19:28:03] [Client thread/INFO]: [CHAT] §8[§9§lLiquidBounce§8]§r PREV YAW: -2.6471863, PREV PITCH: -3.2226596, VALID: true, PHASE: COMPLETE
[19:28:03] [Client thread/INFO]: [CHAT] §8[§9§lLiquidBounce§8]§r PREV YAW: -2.6471863, PREV PITCH: -1.2660446, VALID: true, PHASE: COMPLETE
[19:28:03] [Client thread/INFO]: [CHAT] §8[§9§lLiquidBounce§8]§r PREV YAW: -1.956604, PREV PITCH: -2.5320892, VALID: true, PHASE: COMPLETE
[19:28:03] [Client thread/INFO]: [CHAT] §8[§9§lLiquidBounce§8]§r PREV YAW: -1.956604, PREV PITCH: 0.805665, VALID: true, PHASE: COMPLETE
[19:28:03] [Client thread/INFO]: [CHAT] §8[§9§lLiquidBounce§8]§r PREV YAW: -1.6113281, PREV PITCH: 2.1868048, VALID: true, PHASE: COMPLETE
[19:28:03] [Client thread/INFO]: [CHAT] §8[§9§lLiquidBounce§8]§r PREV YAW: -2.5321045, PREV PITCH: 3.9132295, VALID: true, PHASE: COMPLETE
[19:28:03] [Client thread/INFO]: [CHAT] §8[§9§lLiquidBounce§8]§r PREV YAW: -2.0717163, PREV PITCH: 3.9132295, VALID: true, PHASE: COMPLETE
[19:28:04] [Client thread/INFO]: [CHAT] §8[§9§lLiquidBounce§8]§r PREV YAW: -5.5245667, PREV PITCH: -0.23018998, VALID: true, PHASE: COMPLETE
[19:28:04] [Client thread/INFO]: [CHAT] §8[§9§lLiquidBounce§8]§r PREV YAW: -5.9849243, PREV PITCH: 0.57547486, VALID: true, PHASE: COMPLETE
[19:28:04] [Client thread/INFO]: [CHAT] §8[§9§lLiquidBounce§8]§r PREV YAW: -4.0283203, PREV PITCH: -0.11509502, VALID: true, PHASE: PRIMARY
[19:28:04] [Client thread/INFO]: [CHAT] §8[§9§lLiquidBounce§8]§r PREV YAW: -11.394409, PREV PITCH: -0.92075986, VALID: true, PHASE: PRIMARY
[19:28:04] [Client thread/INFO]: [CHAT] §8[§9§lLiquidBounce§8]§r PREV YAW: -24.05484, PREV PITCH: -1.3811398, VALID: true, PHASE: COMPLETE
[19:28:04] [Client thread/INFO]: [CHAT] §8[§9§lLiquidBounce§8]§r PREV YAW: -15.077454, PREV PITCH: -1.2660449, VALID: true, PHASE: PRIMARY
[19:28:04] [Client thread/INFO]: [CHAT] §8[§9§lLiquidBounce§8]§r PREV YAW: -5.8698425, PREV PITCH: 9.437788, VALID: true, PHASE: PRIMARY
[19:28:04] [Client thread/INFO]: [CHAT] §8[§9§lLiquidBounce§8]§r PREV YAW: -5.0641785, PREV PITCH: 9.437789, VALID: true, PHASE: COMPLETE
[19:28:04] [Client thread/INFO]: [CHAT] §8[§9§lLiquidBounce§8]§r PREV YAW: -2.6471863, PREV PITCH: 1.7264252, VALID: true, PHASE: COMPLETE
[19:28:04] [Client thread/INFO]: [CHAT] §8[§9§lLiquidBounce§8]§r PREV YAW: 0.92074585, PREV PITCH: -0.23019028, VALID: false, PHASE: PRIMARY
[19:28:04] [Client thread/INFO]: [CHAT] §8[§9§lLiquidBounce§8]§r PREV YAW: 14.156677, PREV PITCH: -6.5604143, VALID: true, PHASE: PRIMARY
[19:28:04] [Client thread/INFO]: [CHAT] §8[§9§lLiquidBounce§8]§r PREV YAW: 4.9490967, PREV PITCH: -7.941554, VALID: true, PHASE: COMPLETE
[19:28:04] [Client thread/INFO]: [CHAT] §8[§9§lLiquidBounce§8]§r PREV YAW: 4.1434326, PREV PITCH: -4.718894, VALID: true, PHASE: COMPLETE
[19:28:04] [Client thread/INFO]: [CHAT] §8[§9§lLiquidBounce§8]§r PREV YAW: 2.762268, PREV PITCH: -4.833989, VALID: true, PHASE: COMPLETE
[19:28:04] [Client thread/INFO]: [CHAT] §8[§9§lLiquidBounce§8]§r PREV YAW: 2.0717163, PREV PITCH: -2.8773746, VALID: true, PHASE: COMPLETE
[19:28:04] [Client thread/INFO]: [CHAT] §8[§9§lLiquidBounce§8]§r PREV YAW: 2.186798, PREV PITCH: -3.913229, VALID: true, PHASE: COMPLETE
[19:28:04] [Client thread/INFO]: [CHAT] §8[§9§lLiquidBounce§8]§r PREV YAW: 1.2660522, PREV PITCH: -0.57547474, VALID: true, PHASE: COMPLETE
[19:28:04] [Client thread/INFO]: [CHAT] §8[§9§lLiquidBounce§8]§r PREV YAW: 1.2660522, PREV PITCH: 1.2660446, VALID: true, PHASE: COMPLETE
[19:28:04] [Client thread/INFO]: [CHAT] §8[§9§lLiquidBounce§8]§r PREV YAW: 0.80566406, PREV PITCH: 2.5320892, VALID: false, PHASE: PRIMARY
[19:28:04] [Client thread/INFO]: [CHAT] §8[§9§lLiquidBounce§8]§r PREV YAW: 0.0, PREV PITCH: 10.358548, VALID: false, PHASE: PRIMARY
[19:28:05] [Client thread/INFO]: [CHAT] §8[§9§lLiquidBounce§8]§r PREV YAW: 0.46038818, PREV PITCH: 6.6755085, VALID: true, PHASE: COMPLETE
[19:28:05] [Client thread/INFO]: [CHAT] §8[§9§lLiquidBounce§8]§r PREV YAW: 0.46038818, PREV PITCH: 2.3018994, VALID: true, PHASE: COMPLETE
[19:28:05] [Client thread/INFO]: [CHAT] §8[§9§lLiquidBounce§8]§r PREV YAW: 0.0, PREV PITCH: -0.23019028, VALID: true, PHASE: COMPLETE
[19:28:05] [Client thread/INFO]: [CHAT] §8[§9§lLiquidBounce§8]§r PREV YAW: 0.11508179, PREV PITCH: -0.6905699, VALID: true, PHASE: COMPLETE
[19:28:05] [Client thread/INFO]: [CHAT] §8[§9§lLiquidBounce§8]§r PREV YAW: -0.57547, PREV PITCH: -2.1868048, VALID: true, PHASE: COMPLETE
[19:28:05] [Client thread/INFO]: [CHAT] §8[§9§lLiquidBounce§8]§r PREV YAW: -0.46038818, PREV PITCH: -3.3377545, VALID: true, PHASE: COMPLETE
[19:28:05] [Client thread/INFO]: [CHAT] §8[§9§lLiquidBounce§8]§r PREV YAW: -0.46038818, PREV PITCH: -3.9132295, VALID: true, PHASE: COMPLETE
[19:28:05] [Client thread/INFO]: [CHAT] §8[§9§lLiquidBounce§8]§r PREV YAW: -0.57547, PREV PITCH: -0.345285, VALID: true, PHASE: COMPLETE
[19:28:05] [Client thread/INFO]: [CHAT] §8[§9§lLiquidBounce§8]§r PREV YAW: 1.381134, PREV PITCH: 5.2943687, VALID: true, PHASE: COMPLETE
[19:28:05] [Client thread/INFO]: [CHAT] §8[§9§lLiquidBounce§8]§r PREV YAW: -1.4962463, PREV PITCH: 3.7981348, VALID: true, PHASE: COMPLETE
[19:28:05] [Client thread/INFO]: [CHAT] §8[§9§lLiquidBounce§8]§r PREV YAW: 1.381134, PREV PITCH: 1.9566145, VALID: true, PHASE: COMPLETE
[19:28:05] [Client thread/INFO]: [CHAT] §8[§9§lLiquidBounce§8]§r PREV YAW: -1.0358582, PREV PITCH: 1.9566145, VALID: true, PHASE: COMPLETE
[19:28:05] [Client thread/INFO]: [CHAT] §8[§9§lLiquidBounce§8]§r PREV YAW: -1.8415222, PREV PITCH: -0.6905699, VALID: true, PHASE: COMPLETE
[19:28:05] [Client thread/INFO]: [CHAT] §8[§9§lLiquidBounce§8]§r PREV YAW: -0.57547, PREV PITCH: -1.8415194, VALID: true, PHASE: COMPLETE
[19:28:05] [Client thread/INFO]: [CHAT] §8[§9§lLiquidBounce§8]§r PREV YAW: 0.46038818, PREV PITCH: -3.4528494, VALID: true, PHASE: COMPLETE
[19:28:05] [Client thread/INFO]: [CHAT] §8[§9§lLiquidBounce§8]§r PREV YAW: 0.46038818, PREV PITCH: -3.7981343, VALID: true, PHASE: COMPLETE
[19:28:05] [Client thread/INFO]: [CHAT] §8[§9§lLiquidBounce§8]§r PREV YAW: 0.11508179, PREV PITCH: -3.2226596, VALID: true, PHASE: COMPLETE
[19:28:05] [Client thread/INFO]: [CHAT] §8[§9§lLiquidBounce§8]§r PREV YAW: 0.46038818, PREV PITCH: 0.0, VALID: true, PHASE: COMPLETE
[19:28:05] [Client thread/INFO]: [CHAT] §8[§9§lLiquidBounce§8]§r PREV YAW: 0.0, PREV PITCH: -0.23018992, VALID: true, PHASE: COMPLETE
[19:28:05] [Client thread/INFO]: [CHAT] §8[§9§lLiquidBounce§8]§r PREV YAW: 0.0, PREV PITCH: 4.833989, VALID: true, PHASE: COMPLETE
[19:28:06] [Client thread/INFO]: [CHAT] §8[§9§lLiquidBounce§8]§r PREV YAW: 0.0, PREV PITCH: 3.6830392, VALID: true, PHASE: COMPLETE
[19:28:06] [Client thread/INFO]: [CHAT] §8[§9§lLiquidBounce§8]§r PREV YAW: 0.0, PREV PITCH: 2.6471844, VALID: true, PHASE: COMPLETE
[19:28:06] [Client thread/INFO]: [CHAT] §8[§9§lLiquidBounce§8]§r PREV YAW: 1.8415222, PREV PITCH: 1.2660446, VALID: true, PHASE: PRIMARY
[19:28:06] [Client thread/INFO]: [CHAT] §8[§9§lLiquidBounce§8]§r PREV YAW: -0.23019409, PREV PITCH: 1.1509495, VALID: true, PHASE: PRIMARY
[19:28:06] [Client thread/INFO]: [CHAT] §8[§9§lLiquidBounce§8]§r PREV YAW: -0.80566406, PREV PITCH: -1.4962349, VALID: true, PHASE: COMPLETE
[19:28:06] [Client thread/INFO]: [CHAT] §8[§9§lLiquidBounce§8]§r PREV YAW: 0.23019409, PREV PITCH: -2.8773746, VALID: true, PHASE: COMPLETE
[19:28:06] [Client thread/INFO]: [CHAT] §8[§9§lLiquidBounce§8]§r PREV YAW: 0.11508179, PREV PITCH: -4.833989, VALID: true, PHASE: COMPLETE
[19:28:06] [Client thread/INFO]: [CHAT] §8[§9§lLiquidBounce§8]§r PREV YAW: 0.34527588, PREV PITCH: -4.488704, VALID: true, PHASE: COMPLETE
[19:28:06] [Client thread/INFO]: [CHAT] §8[§9§lLiquidBounce§8]§r PREV YAW: 0.11508179, PREV PITCH: -0.11509502, VALID: true, PHASE: COMPLETE
[19:28:06] [Client thread/INFO]: [CHAT] §8[§9§lLiquidBounce§8]§r PREV YAW: 0.0, PREV PITCH: -0.11509502, VALID: true, PHASE: COMPLETE
[19:28:06] [Client thread/INFO]: [CHAT] §8[§9§lLiquidBounce§8]§r PREV YAW: 0.11508179, PREV PITCH: 6.330224, VALID: true, PHASE: COMPLETE
[19:28:06] [Client thread/INFO]: [CHAT] §8[§9§lLiquidBounce§8]§r PREV YAW: -0.23019409, PREV PITCH: 5.064179, VALID: true, PHASE: COMPLETE
[19:28:06] [Client thread/INFO]: [CHAT] §8[§9§lLiquidBounce§8]§r PREV YAW: -0.23019409, PREV PITCH: 4.2585144, VALID: true, PHASE: COMPLETE
[19:28:06] [Client thread/INFO]: [CHAT] §8[§9§lLiquidBounce§8]§r PREV YAW: -0.23019409, PREV PITCH: 2.9924688, VALID: true, PHASE: COMPLETE
[19:28:06] [Client thread/INFO]: [CHAT] §8[§9§lLiquidBounce§8]§r PREV YAW: -0.34527588, PREV PITCH: 0.46038055, VALID: true, PHASE: COMPLETE
[19:28:06] [Client thread/INFO]: [CHAT] §8[§9§lLiquidBounce§8]§r PREV YAW: -0.57547, PREV PITCH: -1.1509495, VALID: true, PHASE: COMPLETE
[19:28:06] [Client thread/INFO]: [CHAT] §8[§9§lLiquidBounce§8]§r PREV YAW: 0.23019409, PREV PITCH: -3.107565, VALID: true, PHASE: PRIMARY
[19:28:06] [Client thread/INFO]: [CHAT] §8[§9§lLiquidBounce§8]§r PREV YAW: 2.762268, PREV PITCH: -13.005733, VALID: true, PHASE: PRIMARY
[19:28:06] [Client thread/INFO]: [CHAT] §8[§9§lLiquidBounce§8]§r PREV YAW: -0.6905823, PREV PITCH: -11.854784, VALID: true, PHASE: COMPLETE
[19:28:06] [Client thread/INFO]: [CHAT] §8[§9§lLiquidBounce§8]§r PREV YAW: -0.46038818, PREV PITCH: -0.11509514, VALID: true, PHASE: COMPLETE
[19:28:07] [Client thread/INFO]: [CHAT] §8[§9§lLiquidBounce§8]§r PREV YAW: 0.0, PREV PITCH: -1.1509495, VALID: true, PHASE: COMPLETE
[19:28:07] [Client thread/INFO]: [CHAT] §8[§9§lLiquidBounce§8]§r PREV YAW: 0.0, PREV PITCH: -1.3811398, VALID: true, PHASE: COMPLETE
[19:28:07] [Client thread/INFO]: [CHAT] §8[§9§lLiquidBounce§8]§r PREV YAW: -0.23019409, PREV PITCH: 1.2660446, VALID: true, PHASE: COMPLETE
[19:28:07] [Client thread/INFO]: [CHAT] §8[§9§lLiquidBounce§8]§r PREV YAW: -0.11508179, PREV PITCH: 0.57547474, VALID: true, PHASE: COMPLETE
[19:28:07] [Client thread/INFO]: [CHAT] §8[§9§lLiquidBounce§8]§r PREV YAW: -0.11508179, PREV PITCH: 3.3377542, VALID: true, PHASE: COMPLETE
[19:28:07] [Client thread/INFO]: [CHAT] §8[§9§lLiquidBounce§8]§r PREV YAW: 0.0, PREV PITCH: 2.7622795, VALID: true, PHASE: COMPLETE
[19:28:07] [Client thread/INFO]: [CHAT] §8[§9§lLiquidBounce§8]§r PREV YAW: 0.46038818, PREV PITCH: 5.524559, VALID: true, PHASE: COMPLETE
[19:28:07] [Client thread/INFO]: [CHAT] §8[§9§lLiquidBounce§8]§r PREV YAW: 2.0717163, PREV PITCH: 4.833989, VALID: true, PHASE: COMPLETE
[19:28:07] [Client thread/INFO]: [CHAT] §8[§9§lLiquidBounce§8]§r PREV YAW: -1.4962463, PREV PITCH: 0.46038008, VALID: true, PHASE: COMPLETE
[19:28:07] [Client thread/INFO]: [CHAT] §8[§9§lLiquidBounce§8]§r PREV YAW: 0.46038818, PREV PITCH: 0.9207597, VALID: true, PHASE: COMPLETE
[19:28:07] [Client thread/INFO]: [CHAT] §8[§9§lLiquidBounce§8]§r PREV YAW: 5.4094543, PREV PITCH: -0.2301898, VALID: true, PHASE: COMPLETE
[19:28:07] [Client thread/INFO]: [CHAT] §8[§9§lLiquidBounce§8]§r PREV YAW: 6.3302307, PREV PITCH: 0.11509514, VALID: true, PHASE: COMPLETE
[19:28:07] [Client thread/INFO]: [CHAT] §8[§9§lLiquidBounce§8]§r PREV YAW: 4.9490967, PREV PITCH: 0.11509514, VALID: false, PHASE: PRIMARY
[19:28:07] [Client thread/INFO]: [CHAT] §8[§9§lLiquidBounce§8]§r PREV YAW: 10.243439, PREV PITCH: 4.8339896, VALID: false, PHASE: PRIMARY
[19:28:07] [Client thread/INFO]: [CHAT] §8[§9§lLiquidBounce§8]§r PREV YAW: 9.783081, PREV PITCH: 6.1000347, VALID: true, PHASE: COMPLETE
[19:28:07] [Client thread/INFO]: [CHAT] §8[§9§lLiquidBounce§8]§r PREV YAW: 2.186798, PREV PITCH: 1.8415203, VALID: true, PHASE: PRIMARY
[19:28:07] [Client thread/INFO]: [CHAT] §8[§9§lLiquidBounce§8]§r PREV YAW: -11.509491, PREV PITCH: -7.3660793, VALID: true, PHASE: PRIMARY
[19:28:07] [Client thread/INFO]: [CHAT] §8[§9§lLiquidBounce§8]§r PREV YAW: -6.790619, PREV PITCH: -5.639654, VALID: true, PHASE: COMPLETE
[19:28:07] [Client thread/INFO]: [CHAT] §8[§9§lLiquidBounce§8]§r PREV YAW: -4.8339844, PREV PITCH: -2.8773746, VALID: true, PHASE: COMPLETE
[19:28:07] [Client thread/INFO]: [CHAT] §8[§9§lLiquidBounce§8]§r PREV YAW: -2.5321045, PREV PITCH: -3.1075644, VALID: true, PHASE: COMPLETE
[19:28:08] [Client thread/INFO]: [CHAT] §8[§9§lLiquidBounce§8]§r PREV YAW: -2.8773804, PREV PITCH: -1.3811398, VALID: true, PHASE: COMPLETE
[19:28:08] [Client thread/INFO]: [CHAT] §8[§9§lLiquidBounce§8]§r PREV YAW: -2.186798, PREV PITCH: -2.3018994, VALID: true, PHASE: COMPLETE
[19:28:08] [Client thread/INFO]: [CHAT] §8[§9§lLiquidBounce§8]§r PREV YAW: -1.956604, PREV PITCH: -0.9207597, VALID: true, PHASE: COMPLETE
[19:28:08] [Client thread/INFO]: [CHAT] §8[§9§lLiquidBounce§8]§r PREV YAW: -1.6113281, PREV PITCH: -0.57547474, VALID: true, PHASE: COMPLETE
[19:28:08] [Client thread/INFO]: [CHAT] §8[§9§lLiquidBounce§8]§r PREV YAW: -1.7264099, PREV PITCH: 3.3377545, VALID: true, PHASE: COMPLETE
[19:28:08] [Client thread/INFO]: [CHAT] §8[§9§lLiquidBounce§8]§r PREV YAW: -1.6113281, PREV PITCH: 2.6471846, VALID: true, PHASE: COMPLETE
[19:28:08] [Client thread/INFO]: [CHAT] §8[§9§lLiquidBounce§8]§r PREV YAW: -2.3019104, PREV PITCH: 1.1509498, VALID: true, PHASE: COMPLETE
[19:28:08] [Client thread/INFO]: [CHAT] §8[§9§lLiquidBounce§8]§r PREV YAW: -2.3019104, PREV PITCH: 1.2660447, VALID: true, PHASE: COMPLETE
[19:28:08] [Client thread/INFO]: [CHAT] §8[§9§lLiquidBounce§8]§r PREV YAW: -3.2226562, PREV PITCH: -0.1150949, VALID: true, PHASE: COMPLETE
[19:28:08] [Client thread/INFO]: [CHAT] §8[§9§lLiquidBounce§8]§r PREV YAW: -3.3377686, PREV PITCH: 0.34528494, VALID: true, PHASE: COMPLETE
[19:28:08] [Client thread/INFO]: [CHAT] §8[§9§lLiquidBounce§8]§r PREV YAW: -4.4887085, PREV PITCH: -0.1150949, VALID: true, PHASE: COMPLETE
[19:28:08] [Client thread/INFO]: [CHAT] §8[§9§lLiquidBounce§8]§r PREV YAW: -5.5245667, PREV PITCH: 0.1150949, VALID: true, PHASE: COMPLETE
[19:28:08] [Client thread/INFO]: [CHAT] §8[§9§lLiquidBounce§8]§r PREV YAW: -6.560425, PREV PITCH: 0.23019004, VALID: true, PHASE: COMPLETE
[19:28:08] [Client thread/INFO]: [CHAT] §8[§9§lLiquidBounce§8]§r PREV YAW: -4.4887085, PREV PITCH: 0.46037984, VALID: true, PHASE: PRIMARY
[19:28:08] [Client thread/INFO]: [CHAT] §8[§9§lLiquidBounce§8]§r PREV YAW: -13.005737, PREV PITCH: 0.575475, VALID: true, PHASE: PRIMARY
[19:28:08] [Client thread/INFO]: [CHAT] §8[§9§lLiquidBounce§8]§r PREV YAW: -20.486908, PREV PITCH: 0.805665, VALID: true, PHASE: COMPLETE
[19:28:08] [Client thread/INFO]: [CHAT] §8[§9§lLiquidBounce§8]§r PREV YAW: -13.581207, PREV PITCH: 1.15095, VALID: true, PHASE: PRIMARY
[19:28:08] [Client thread/INFO]: [CHAT] §8[§9§lLiquidBounce§8]§r PREV YAW: -24.63034, PREV PITCH: -0.6905699, VALID: true, PHASE: PRIMARY
[19:28:08] [Client thread/INFO]: [CHAT] §8[§9§lLiquidBounce§8]§r PREV YAW: -24.63034, PREV PITCH: -1.4962347, VALID: false, PHASE: PRIMARY
[19:28:08] [Client thread/INFO]: [CHAT] §8[§9§lLiquidBounce§8]§r PREV YAW: -23.249176, PREV PITCH: -0.9207599, VALID: true, PHASE: COMPLETE
[19:28:09] [Client thread/INFO]: [CHAT] §8[§9§lLiquidBounce§8]§r PREV YAW: -11.509491, PREV PITCH: 1.0358548, VALID: true, PHASE: PRIMARY
[19:28:09] [Client thread/INFO]: [CHAT] §8[§9§lLiquidBounce§8]§r PREV YAW: 2.0717163, PREV PITCH: 6.7906036, VALID: true, PHASE: PRIMARY
[19:28:09] [Client thread/INFO]: [CHAT] §8[§9§lLiquidBounce§8]§r PREV YAW: 24.63034, PREV PITCH: 2.3019, VALID: true, PHASE: PRIMARY
[19:28:09] [Client thread/INFO]: [CHAT] §8[§9§lLiquidBounce§8]§r PREV YAW: 23.594482, PREV PITCH: 1.1509495, VALID: true, PHASE: COMPLETE
[19:28:09] [Client thread/INFO]: [CHAT] §8[§9§lLiquidBounce§8]§r PREV YAW: 11.969879, PREV PITCH: -0.11509514, VALID: true, PHASE: PRIMARY
[19:28:09] [Client thread/INFO]: [CHAT] §8[§9§lLiquidBounce§8]§r PREV YAW: 6.6755066, PREV PITCH: -3.107565, VALID: true, PHASE: PRIMARY
[19:28:09] [Client thread/INFO]: [CHAT] §8[§9§lLiquidBounce§8]§r PREV YAW: 7.941559, PREV PITCH: -0.4603796, VALID: true, PHASE: COMPLETE
[19:28:09] [Client thread/INFO]: [CHAT] §8[§9§lLiquidBounce§8]§r PREV YAW: 5.5245667, PREV PITCH: 0.4603796, VALID: true, PHASE: COMPLETE
[19:28:09] [Client thread/INFO]: [CHAT] §8[§9§lLiquidBounce§8]§r PREV YAW: 4.0283203, PREV PITCH: 0.11509514, VALID: true, PHASE: COMPLETE
[19:28:09] [Client thread/INFO]: [CHAT] §8[§9§lLiquidBounce§8]§r PREV YAW: 4.2585144, PREV PITCH: -0.57547474, VALID: true, PHASE: COMPLETE
[19:28:09] [Client thread/INFO]: [CHAT] §8[§9§lLiquidBounce§8]§r PREV YAW: 3.4528503, PREV PITCH: 0.57547474, VALID: true, PHASE: COMPLETE
[19:28:09] [Client thread/INFO]: [CHAT] §8[§9§lLiquidBounce§8]§r PREV YAW: 3.6830444, PREV PITCH: -0.34528542, VALID: true, PHASE: COMPLETE
[19:28:09] [Client thread/INFO]: [CHAT] §8[§9§lLiquidBounce§8]§r PREV YAW: 2.0717163, PREV PITCH: -1.9566145, VALID: true, PHASE: COMPLETE
[19:28:09] [Client thread/INFO]: [CHAT] §8[§9§lLiquidBounce§8]§r PREV YAW: 2.762268, PREV PITCH: -3.7981343, VALID: true, PHASE: COMPLETE
[19:28:09] [Client thread/INFO]: [CHAT] §8[§9§lLiquidBounce§8]§r PREV YAW: 2.762268, PREV PITCH: -1.8415198, VALID: true, PHASE: COMPLETE
[19:28:09] [Client thread/INFO]: [CHAT] §8[§9§lLiquidBounce§8]§r PREV YAW: 3.4528503, PREV PITCH: 0.34528494, VALID: true, PHASE: COMPLETE
[19:28:09] [Client thread/INFO]: [CHAT] §8[§9§lLiquidBounce§8]§r PREV YAW: 4.1434326, PREV PITCH: -0.1150949, VALID: true, PHASE: COMPLETE
[19:28:09] [Client thread/INFO]: [CHAT] §8[§9§lLiquidBounce§8]§r PREV YAW: 2.8773804, PREV PITCH: 0.9207599, VALID: true, PHASE: PRIMARY
[19:28:09] [Client thread/INFO]: [CHAT] §8[§9§lLiquidBounce§8]§r PREV YAW: 6.4453125, PREV PITCH: 5.754749, VALID: true, PHASE: PRIMARY
[19:28:09] [Client thread/INFO]: [CHAT] §8[§9§lLiquidBounce§8]§r PREV YAW: 7.7113647, PREV PITCH: 4.4887047, VALID: true, PHASE: COMPLETE
[19:28:10] [Client thread/INFO]: [CHAT] §8[§9§lLiquidBounce§8]§r PREV YAW: 5.0641785, PREV PITCH: 1.8415194, VALID: true, PHASE: COMPLETE
[19:28:10] [Client thread/INFO]: [CHAT] §8[§9§lLiquidBounce§8]§r PREV YAW: 3.4528503, PREV PITCH: 0.5754757, VALID: true, PHASE: PRIMARY
[19:28:10] [Client thread/INFO]: [CHAT] §8[§9§lLiquidBounce§8]§r PREV YAW: 7.596283, PREV PITCH: -0.805665, VALID: true, PHASE: PRIMARY
[19:28:10] [Client thread/INFO]: [CHAT] §8[§9§lLiquidBounce§8]§r PREV YAW: 9.437775, PREV PITCH: -3.107565, VALID: true, PHASE: COMPLETE
[19:28:10] [Client thread/INFO]: [CHAT] §8[§9§lLiquidBounce§8]§r PREV YAW: 3.1075745, PREV PITCH: -3.4528494, VALID: true, PHASE: PRIMARY
[19:28:10] [Client thread/INFO]: [CHAT] §8[§9§lLiquidBounce§8]§r PREV YAW: -6.790619, PREV PITCH: -11.509499, VALID: true, PHASE: PRIMARY
[19:28:10] [Client thread/INFO]: [CHAT] §8[§9§lLiquidBounce§8]§r PREV YAW: -6.4453125, PREV PITCH: -9.437788, VALID: true, PHASE: COMPLETE
[19:28:10] [Client thread/INFO]: [CHAT] §8[§9§lLiquidBounce§8]§r PREV YAW: -1.956604, PREV PITCH: -1.4962349, VALID: true, PHASE: COMPLETE
[19:28:10] [Client thread/INFO]: [CHAT] §8[§9§lLiquidBounce§8]§r PREV YAW: -2.8773804, PREV PITCH: -2.8773746, VALID: true, PHASE: COMPLETE
[19:28:10] [Client thread/INFO]: [CHAT] §8[§9§lLiquidBounce§8]§r PREV YAW: -1.7264099, PREV PITCH: -1.3811398, VALID: true, PHASE: COMPLETE
[19:28:10] [Client thread/INFO]: [CHAT] §8[§9§lLiquidBounce§8]§r PREV YAW: -3.9132385, PREV PITCH: 0.11509514, VALID: true, PHASE: COMPLETE
[19:28:10] [Client thread/INFO]: [CHAT] §8[§9§lLiquidBounce§8]§r PREV YAW: -2.4169922, PREV PITCH: 0.34528542, VALID: true, PHASE: COMPLETE
[19:28:10] [Client thread/INFO]: [CHAT] §8[§9§lLiquidBounce§8]§r PREV YAW: -0.57547, PREV PITCH: 4.1434193, VALID: true, PHASE: COMPLETE
[19:28:10] [Client thread/INFO]: [CHAT] §8[§9§lLiquidBounce§8]§r PREV YAW: -0.23019409, PREV PITCH: 3.7981348, VALID: true, PHASE: COMPLETE
[19:28:10] [Client thread/INFO]: [CHAT] §8[§9§lLiquidBounce§8]§r PREV YAW: -0.23019409, PREV PITCH: 3.1075644, VALID: true, PHASE: PRIMARY
[19:28:10] [Client thread/INFO]: [CHAT] §8[§9§lLiquidBounce§8]§r PREV YAW: -0.34527588, PREV PITCH: 8.171743, VALID: true, PHASE: PRIMARY
[19:28:10] [Client thread/INFO]: [CHAT] §8[§9§lLiquidBounce§8]§r PREV YAW: -0.6905823, PREV PITCH: 2.7622797, VALID: true, PHASE: COMPLETE
[19:28:10] [Client thread/INFO]: [CHAT] §8[§9§lLiquidBounce§8]§r PREV YAW: -0.80566406, PREV PITCH: 1.0358548, VALID: true, PHASE: COMPLETE
[19:28:10] [Client thread/INFO]: [CHAT] §8[§9§lLiquidBounce§8]§r PREV YAW: 0.34527588, PREV PITCH: -1.0358548, VALID: true, PHASE: PRIMARY
[19:28:11] [Client thread/INFO]: [CHAT] §8[§9§lLiquidBounce§8]§r PREV YAW: 2.0717163, PREV PITCH: -7.941554, VALID: true, PHASE: PRIMARY
[19:28:11] [Client thread/INFO]: [CHAT] §8[§9§lLiquidBounce§8]§r PREV YAW: 1.8415222, PREV PITCH: -8.977408, VALID: true, PHASE: COMPLETE
[19:28:11] [Client thread/INFO]: [CHAT] §8[§9§lLiquidBounce§8]§r PREV YAW: 1.0358582, PREV PITCH: -5.0641794, VALID: true, PHASE: COMPLETE
[19:28:11] [Client thread/INFO]: [CHAT] §8[§9§lLiquidBounce§8]§r PREV YAW: 0.92074585, PREV PITCH: -2.1868038, VALID: true, PHASE: COMPLETE
[19:28:11] [Client thread/INFO]: [CHAT] §8[§9§lLiquidBounce§8]§r PREV YAW: 0.6905823, PREV PITCH: -2.1868038, VALID: true, PHASE: COMPLETE
[19:28:11] [Client thread/INFO]: [CHAT] §8[§9§lLiquidBounce§8]§r PREV YAW: 1.15094, PREV PITCH: 1.9566154, VALID: true, PHASE: COMPLETE
[19:28:11] [Client thread/INFO]: [CHAT] §8[§9§lLiquidBounce§8]§r PREV YAW: 0.92074585, PREV PITCH: 1.8415203, VALID: true, PHASE: COMPLETE
[19:28:11] [Client thread/INFO]: [CHAT] §8[§9§lLiquidBounce§8]§r PREV YAW: 0.6905823, PREV PITCH: 4.833989, VALID: true, PHASE: COMPLETE
[19:28:11] [Client thread/INFO]: [CHAT] §8[§9§lLiquidBounce§8]§r PREV YAW: 0.92074585, PREV PITCH: 4.4887047, VALID: true, PHASE: COMPLETE
[19:28:11] [Client thread/INFO]: [CHAT] §8[§9§lLiquidBounce§8]§r PREV YAW: 0.23019409, PREV PITCH: 3.3377542, VALID: true, PHASE: PRIMARY
[19:28:11] [Client thread/INFO]: [CHAT] §8[§9§lLiquidBounce§8]§r PREV YAW: 0.80566406, PREV PITCH: 7.020794, VALID: true, PHASE: PRIMARY
[19:28:11] [Client thread/INFO]: [CHAT] §8[§9§lLiquidBounce§8]§r PREV YAW: 1.0358582, PREV PITCH: 2.4169946, VALID: true, PHASE: COMPLETE
[19:28:11] [Client thread/INFO]: [CHAT] §8[§9§lLiquidBounce§8]§r PREV YAW: 0.6905823, PREV PITCH: 0.9207597, VALID: true, PHASE: COMPLETE
[19:28:11] [Client thread/INFO]: [CHAT] §8[§9§lLiquidBounce§8]§r PREV YAW: -1.6113281, PREV PITCH: -6.215129, VALID: true, PHASE: COMPLETE
[19:28:11] [Client thread/INFO]: [CHAT] §8[§9§lLiquidBounce§8]§r PREV YAW: 3.1075745, PREV PITCH: 3.4528494, VALID: true, PHASE: COMPLETE
[19:28:11] [Client thread/INFO]: [CHAT] §8[§9§lLiquidBounce§8]§r PREV YAW: -3.2226562, PREV PITCH: -1.4962348, VALID: true, PHASE: COMPLETE
[19:28:11] [Client thread/INFO]: [CHAT] §8[§9§lLiquidBounce§8]§r PREV YAW: -0.34527588, PREV PITCH: -1.0358548, VALID: true, PHASE: COMPLETE
[19:28:11] [Client thread/INFO]: [CHAT] §8[§9§lLiquidBounce§8]§r PREV YAW: -0.23019409, PREV PITCH: 0.23018995, VALID: true, PHASE: COMPLETE
[19:28:11] [Client thread/INFO]: [CHAT] §8[§9§lLiquidBounce§8]§r PREV YAW: -0.46038818, PREV PITCH: -0.6905699, VALID: true, PHASE: COMPLETE
[19:28:11] [Client thread/INFO]: [CHAT] §8[§9§lLiquidBounce§8]§r PREV YAW: -0.80566406, PREV PITCH: 1.0358548, VALID: true, PHASE: COMPLETE
[19:28:11] [Client thread/INFO]: [CHAT] §8[§9§lLiquidBounce§8]§r PREV YAW: -0.6905823, PREV PITCH: -0.34528494, VALID: true, PHASE: COMPLETE
[19:28:12] [Client thread/INFO]: [CHAT] §8[§9§lLiquidBounce§8]§r PREV YAW: -0.6905823, PREV PITCH: 1.0358548, VALID: true, PHASE: COMPLETE
[19:28:12] [Client thread/INFO]: [CHAT] §8[§9§lLiquidBounce§8]§r PREV YAW: -0.92074585, PREV PITCH: -0.23018992, VALID: true, PHASE: COMPLETE
[19:28:12] [Client thread/INFO]: [CHAT] §8[§9§lLiquidBounce§8]§r PREV YAW: -0.92074585, PREV PITCH: 0.34528494, VALID: true, PHASE: COMPLETE
[19:28:12] [Client thread/INFO]: [CHAT] §8[§9§lLiquidBounce§8]§r PREV YAW: -0.6905823, PREV PITCH: 0.57547486, VALID: true, PHASE: COMPLETE
[19:28:12] [Client thread/INFO]: [CHAT] §8[§9§lLiquidBounce§8]§r PREV YAW: -2.6471863, PREV PITCH: 0.0, VALID: true, PHASE: COMPLETE
[19:28:12] [Client thread/INFO]: [CHAT] §8[§9§lLiquidBounce§8]§r PREV YAW: -2.5321045, PREV PITCH: 0.46037984, VALID: true, PHASE: COMPLETE
[19:28:12] [Client thread/INFO]: [CHAT] §8[§9§lLiquidBounce§8]§r PREV YAW: -3.6830444, PREV PITCH: -0.23019004, VALID: true, PHASE: COMPLETE
[19:28:12] [Client thread/INFO]: [CHAT] §8[§9§lLiquidBounce§8]§r PREV YAW: -4.1434326, PREV PITCH: 0.23019004, VALID: true, PHASE: COMPLETE
[19:28:12] [Client thread/INFO]: [CHAT] §8[§9§lLiquidBounce§8]§r PREV YAW: -5.0641785, PREV PITCH: 0.1150949, VALID: true, PHASE: COMPLETE
[19:28:12] [Client thread/INFO]: [CHAT] §8[§9§lLiquidBounce§8]§r PREV YAW: -3.4528503, PREV PITCH: -0.1150949, VALID: true, PHASE: PRIMARY
[19:28:12] [Client thread/INFO]: [CHAT] §8[§9§lLiquidBounce§8]§r PREV YAW: -9.783081, PREV PITCH: 0.46037984, VALID: true, PHASE: PRIMARY
[19:28:12] [Client thread/INFO]: [CHAT] §8[§9§lLiquidBounce§8]§r PREV YAW: -15.652924, PREV PITCH: 1.035855, VALID: true, PHASE: COMPLETE
[19:28:12] [Client thread/INFO]: [CHAT] §8[§9§lLiquidBounce§8]§r PREV YAW: -9.898163, PREV PITCH: 0.9207597, VALID: true, PHASE: PRIMARY
[19:28:12] [Client thread/INFO]: [CHAT] §8[§9§lLiquidBounce§8]§r PREV YAW: -24.63034, PREV PITCH: 0.57547474, VALID: true, PHASE: PRIMARY
[19:28:12] [Client thread/INFO]: [CHAT] §8[§9§lLiquidBounce§8]§r PREV YAW: -3.5679321, PREV PITCH: 9.783073, VALID: true, PHASE: COMPLETE
[19:28:12] [Client thread/INFO]: [CHAT] §8[§9§lLiquidBounce§8]§r PREV YAW: -2.8773804, PREV PITCH: 5.7547483, VALID: true, PHASE: PRIMARY
[19:28:12] [Client thread/INFO]: [CHAT] §8[§9§lLiquidBounce§8]§r PREV YAW: -7.941559, PREV PITCH: 4.83399, VALID: true, PHASE: PRIMARY
[19:28:12] [Client thread/INFO]: [CHAT] §8[§9§lLiquidBounce§8]§r PREV YAW: 14.386871, PREV PITCH: -3.4528503, VALID: true, PHASE: COMPLETE
[19:28:12] [Client thread/INFO]: [CHAT] §8[§9§lLiquidBounce§8]§r PREV YAW: 8.747223, PREV PITCH: -3.22266, VALID: true, PHASE: PRIMARY
[19:28:12] [Client thread/INFO]: [CHAT] §8[§9§lLiquidBounce§8]§r PREV YAW: 10.013275, PREV PITCH: -8.286839, VALID: true, PHASE: PRIMARY
[19:28:13] [Client thread/INFO]: [CHAT] §8[§9§lLiquidBounce§8]§r PREV YAW: 12.200073, PREV PITCH: -9.207599, VALID: true, PHASE: COMPLETE
[19:28:13] [Client thread/INFO]: [CHAT] §8[§9§lLiquidBounce§8]§r PREV YAW: 6.1000366, PREV PITCH: -5.179274, VALID: true, PHASE: PRIMARY
[19:28:13] [Client thread/INFO]: [CHAT] §8[§9§lLiquidBounce§8]§r PREV YAW: 3.9132385, PREV PITCH: -3.9132295, VALID: true, PHASE: PRIMARY
[19:28:13] [Client thread/INFO]: [CHAT] §8[§9§lLiquidBounce§8]§r PREV YAW: 4.6037903, PREV PITCH: -5.0641794, VALID: true, PHASE: COMPLETE
[19:28:13] [Client thread/INFO]: [CHAT] §8[§9§lLiquidBounce§8]§r PREV YAW: 3.4528503, PREV PITCH: 0.23019028, VALID: true, PHASE: COMPLETE
[19:28:13] [Client thread/INFO]: [CHAT] §8[§9§lLiquidBounce§8]§r PREV YAW: 3.2226562, PREV PITCH: 1.8415194, VALID: true, PHASE: COMPLETE
[19:28:13] [Client thread/INFO]: [CHAT] §8[§9§lLiquidBounce§8]§r PREV YAW: 0.57547, PREV PITCH: 5.4094644, VALID: true, PHASE: COMPLETE
[19:28:13] [Client thread/INFO]: [CHAT] §8[§9§lLiquidBounce§8]§r PREV YAW: -0.57547, PREV PITCH: 4.6037993, VALID: true, PHASE: COMPLETE
[19:28:13] [Client thread/INFO]: [CHAT] §8[§9§lLiquidBounce§8]§r PREV YAW: -2.3019104, PREV PITCH: 1.9566147, VALID: true, PHASE: COMPLETE
[19:28:13] [Client thread/INFO]: [CHAT] §8[§9§lLiquidBounce§8]§r PREV YAW: -2.186798, PREV PITCH: 2.1868048, VALID: true, PHASE: COMPLETE
[19:28:13] [Client thread/INFO]: [CHAT] §8[§9§lLiquidBounce§8]§r PREV YAW: -3.2226562, PREV PITCH: 0.0, VALID: true, PHASE: COMPLETE
[19:28:13] [Client thread/INFO]: [CHAT] §8[§9§lLiquidBounce§8]§r PREV YAW: -3.2226562, PREV PITCH: 0.57547474, VALID: true, PHASE: COMPLETE
[19:28:13] [Client thread/INFO]: [CHAT] §8[§9§lLiquidBounce§8]§r PREV YAW: -4.6037903, PREV PITCH: 0.34528494, VALID: true, PHASE: COMPLETE
[19:28:13] [Client thread/INFO]: [CHAT] §8[§9§lLiquidBounce§8]§r PREV YAW: -6.1000366, PREV PITCH: 1.2660446, VALID: true, PHASE: COMPLETE
[19:28:13] [Client thread/INFO]: [CHAT] §8[§9§lLiquidBounce§8]§r PREV YAW: 1.381134, PREV PITCH: 3.1075644, VALID: false, PHASE: PRIMARY
[19:28:13] [Client thread/INFO]: [CHAT] §8[§9§lLiquidBounce§8]§r PREV YAW: 20.486908, PREV PITCH: 13.926493, VALID: true, PHASE: PRIMARY
[19:28:13] [Client thread/INFO]: [CHAT] §8[§9§lLiquidBounce§8]§r PREV YAW: 15.4227295, PREV PITCH: 16.228394, VALID: true, PHASE: COMPLETE
[19:28:13] [Client thread/INFO]: [CHAT] §8[§9§lLiquidBounce§8]§r PREV YAW: 5.7547607, PREV PITCH: 4.833988, VALID: true, PHASE: PRIMARY
[19:28:13] [Client thread/INFO]: [CHAT] §8[§9§lLiquidBounce§8]§r PREV YAW: -6.6755066, PREV PITCH: -18.415197, VALID: true, PHASE: PRIMARY
[19:28:13] [Client thread/INFO]: [CHAT] §8[§9§lLiquidBounce§8]§r PREV YAW: -2.3019104, PREV PITCH: -16.343487, VALID: true, PHASE: COMPLETE
[19:28:14] [Client thread/INFO]: [CHAT] §8[§9§lLiquidBounce§8]§r PREV YAW: -2.0717163, PREV PITCH: -7.5962687, VALID: true, PHASE: PRIMARY
[19:28:14] [Client thread/INFO]: [CHAT] §8[§9§lLiquidBounce§8]§r PREV YAW: -3.5679321, PREV PITCH: -7.596269, VALID: true, PHASE: PRIMARY
[19:28:14] [Client thread/INFO]: [CHAT] §8[§9§lLiquidBounce§8]§r PREV YAW: -3.6830444, PREV PITCH: -6.675509, VALID: true, PHASE: COMPLETE
[19:28:14] [Client thread/INFO]: [CHAT] §8[§9§lLiquidBounce§8]§r PREV YAW: -2.762268, PREV PITCH: -4.718895, VALID: true, PHASE: COMPLETE
[19:28:14] [Client thread/INFO]: [CHAT] §8[§9§lLiquidBounce§8]§r PREV YAW: -1.381134, PREV PITCH: 0.5754757, VALID: false, PHASE: PRIMARY
[19:28:14] [Client thread/INFO]: [CHAT] §8[§9§lLiquidBounce§8]§r PREV YAW: -0.92074585, PREV PITCH: 12.890638, VALID: true, PHASE: PRIMARY
[19:28:14] [Client thread/INFO]: [CHAT] §8[§9§lLiquidBounce§8]§r PREV YAW: -0.34527588, PREV PITCH: 9.092504, VALID: true, PHASE: COMPLETE
[19:28:14] [Client thread/INFO]: [CHAT] §8[§9§lLiquidBounce§8]§r PREV YAW: -0.80566406, PREV PITCH: 3.7981343, VALID: true, PHASE: COMPLETE
[19:28:14] [Client thread/INFO]: [CHAT] §8[§9§lLiquidBounce§8]§r PREV YAW: -0.92074585, PREV PITCH: 0.92076015, VALID: true, PHASE: COMPLETE
[19:28:14] [Client thread/INFO]: [CHAT] §8[§9§lLiquidBounce§8]§r PREV YAW: -0.92074585, PREV PITCH: 0.0, VALID: true, PHASE: COMPLETE
[19:28:14] [Client thread/INFO]: [CHAT] §8[§9§lLiquidBounce§8]§r PREV YAW: -1.0358582, PREV PITCH: -0.805665, VALID: true, PHASE: COMPLETE
[19:28:14] [Client thread/INFO]: [CHAT] §8[§9§lLiquidBounce§8]§r PREV YAW: 0.0, PREV PITCH: -2.7622795, VALID: true, PHASE: COMPLETE
[19:28:14] [Client thread/INFO]: [CHAT] §8[§9§lLiquidBounce§8]§r PREV YAW: -0.23019409, PREV PITCH: -3.5679445, VALID: true, PHASE: COMPLETE
[19:28:14] [Client thread/INFO]: [CHAT] §8[§9§lLiquidBounce§8]§r PREV YAW: -0.34527588, PREV PITCH: -1.6113298, VALID: true, PHASE: COMPLETE
[19:28:14] [Client thread/INFO]: [CHAT] §8[§9§lLiquidBounce§8]§r PREV YAW: 0.23019409, PREV PITCH: 2.3018997, VALID: true, PHASE: COMPLETE
[19:28:14] [Client thread/INFO]: [CHAT] §8[§9§lLiquidBounce§8]§r PREV YAW: 0.11508179, PREV PITCH: 1.7264247, VALID: true, PHASE: COMPLETE
[19:28:14] [Client thread/INFO]: [CHAT] §8[§9§lLiquidBounce§8]§r PREV YAW: 0.0, PREV PITCH: 1.2660446, VALID: true, PHASE: COMPLETE
[19:28:14] [Client thread/INFO]: [CHAT] §8[§9§lLiquidBounce§8]§r PREV YAW: -0.11508179, PREV PITCH: -0.46038008, VALID: true, PHASE: COMPLETE
[19:28:14] [Client thread/INFO]: [CHAT] §8[§9§lLiquidBounce§8]§r PREV YAW: 0.0, PREV PITCH: 0.2301898, VALID: true, PHASE: COMPLETE
[19:28:14] [Client thread/INFO]: [CHAT] §8[§9§lLiquidBounce§8]§r PREV YAW: -0.11508179, PREV PITCH: -0.57547474, VALID: true, PHASE: COMPLETE
[19:28:15] [Client thread/INFO]: [CHAT] §8[§9§lLiquidBounce§8]§r PREV YAW: 0.34527588, PREV PITCH: -0.34528494, VALID: true, PHASE: COMPLETE
[19:28:15] [Client thread/INFO]: [CHAT] §8[§9§lLiquidBounce§8]§r PREV YAW: 0.0, PREV PITCH: -2.1868048, VALID: true, PHASE: COMPLETE
[19:28:15] [Client thread/INFO]: [CHAT] §8[§9§lLiquidBounce§8]§r PREV YAW: 0.0, PREV PITCH: -2.1868048, VALID: true, PHASE: COMPLETE
[19:28:15] [Client thread/INFO]: [CHAT] §8[§9§lLiquidBounce§8]§r PREV YAW: 0.11508179, PREV PITCH: 0.23018992, VALID: true, PHASE: COMPLETE
[19:28:15] [Client thread/INFO]: [CHAT] §8[§9§lLiquidBounce§8]§r PREV YAW: 0.0, PREV PITCH: 0.23018992, VALID: true, PHASE: COMPLETE
[19:28:15] [Client thread/INFO]: [CHAT] §8[§9§lLiquidBounce§8]§r PREV YAW: 0.0, PREV PITCH: 0.46037996, VALID: true, PHASE: COMPLETE
[19:28:15] [Client thread/INFO]: [CHAT] §8[§9§lLiquidBounce§8]§r PREV YAW: -0.11508179, PREV PITCH: 0.575475, VALID: true, PHASE: COMPLETE
[19:28:15] [Client thread/INFO]: [CHAT] §8[§9§lLiquidBounce§8]§r PREV YAW: 0.46038818, PREV PITCH: 1.2660446, VALID: true, PHASE: COMPLETE
[19:28:15] [Client thread/INFO]: [CHAT] §8[§9§lLiquidBounce§8]§r PREV YAW: -0.11508179, PREV PITCH: 2.7622795, VALID: true, PHASE: PRIMARY
[19:28:15] [Client thread/INFO]: [CHAT] §8[§9§lLiquidBounce§8]§r PREV YAW: -0.34527588, PREV PITCH: 16.688772, VALID: true, PHASE: PRIMARY
[19:28:15] [Client thread/INFO]: [CHAT] §8[§9§lLiquidBounce§8]§r PREV YAW: 0.34527588, PREV PITCH: 19.105768, VALID: true, PHASE: COMPLETE
[19:28:15] [Client thread/INFO]: [CHAT] §8[§9§lLiquidBounce§8]§r PREV YAW: 0.0, PREV PITCH: 9.43779, VALID: true, PHASE: PRIMARY
[19:28:15] [Client thread/INFO]: [CHAT] §8[§9§lLiquidBounce§8]§r PREV YAW: 1.7264099, PREV PITCH: 9.66798, VALID: true, PHASE: PRIMARY
[19:28:15] [Client thread/INFO]: [CHAT] §8[§9§lLiquidBounce§8]§r PREV YAW: -0.46038818, PREV PITCH: -25.320896, VALID: true, PHASE: COMPLETE
[19:28:15] [Client thread/INFO]: [CHAT] §8[§9§lLiquidBounce§8]§r PREV YAW: 0.34527588, PREV PITCH: -13.235924, VALID: true, PHASE: PRIMARY
[19:28:15] [Client thread/INFO]: [CHAT] §8[§9§lLiquidBounce§8]§r PREV YAW: 0.34527588, PREV PITCH: -14.501967, VALID: true, PHASE: PRIMARY
[19:28:15] [Client thread/INFO]: [CHAT] §8[§9§lLiquidBounce§8]§r PREV YAW: 0.57547, PREV PITCH: -17.149153, VALID: true, PHASE: COMPLETE
[19:28:15] [Client thread/INFO]: [CHAT] §8[§9§lLiquidBounce§8]§r PREV YAW: 0.34527588, PREV PITCH: -5.409464, VALID: true, PHASE: COMPLETE
[19:28:15] [Client thread/INFO]: [CHAT] §8[§9§lLiquidBounce§8]§r PREV YAW: 0.23019409, PREV PITCH: -1.8415194, VALID: true, PHASE: COMPLETE
[19:28:16] [Client thread/INFO]: [CHAT] §8[§9§lLiquidBounce§8]§r PREV YAW: 2.4169922, PREV PITCH: 1.4962349, VALID: true, PHASE: COMPLETE
[19:28:16] [Client thread/INFO]: [CHAT] §8[§9§lLiquidBounce§8]§r PREV YAW: 2.762268, PREV PITCH: 0.92076015, VALID: true, PHASE: COMPLETE
[19:28:16] [Client thread/INFO]: [CHAT] §8[§9§lLiquidBounce§8]§r PREV YAW: 2.6471863, PREV PITCH: 3.5679445, VALID: true, PHASE: COMPLETE
[19:28:16] [Client thread/INFO]: [CHAT] §8[§9§lLiquidBounce§8]§r PREV YAW: 3.3377686, PREV PITCH: 3.3377542, VALID: true, PHASE: COMPLETE
[19:28:16] [Client thread/INFO]: [CHAT] §8[§9§lLiquidBounce§8]§r PREV YAW: 3.6830444, PREV PITCH: 5.524559, VALID: true, PHASE: COMPLETE
[19:28:16] [Client thread/INFO]: [CHAT] §8[§9§lLiquidBounce§8]§r PREV YAW: 3.4528503, PREV PITCH: 4.6037993, VALID: true, PHASE: COMPLETE
[19:28:16] [Client thread/INFO]: [CHAT] §8[§9§lLiquidBounce§8]§r PREV YAW: 6.790619, PREV PITCH: 0.1150949, VALID: true, PHASE: COMPLETE
[19:28:16] [Client thread/INFO]: [CHAT] §8[§9§lLiquidBounce§8]§r PREV YAW: 5.2943726, PREV PITCH: 0.9207599, VALID: true, PHASE: COMPLETE
[19:28:16] [Client thread/INFO]: [CHAT] §8[§9§lLiquidBounce§8]§r PREV YAW: 4.6037903, PREV PITCH: 0.11509514, VALID: false, PHASE: PRIMARY
[19:28:16] [Client thread/INFO]: [CHAT] §8[§9§lLiquidBounce§8]§r PREV YAW: 16.803864, PREV PITCH: -0.34528494, VALID: true, PHASE: PRIMARY
[19:28:16] [Client thread/INFO]: [CHAT] §8[§9§lLiquidBounce§8]§r PREV YAW: 21.868042, PREV PITCH: -1.1509497, VALID: true, PHASE: PRIMARY
[19:28:16] [Client thread/INFO]: [CHAT] §8[§9§lLiquidBounce§8]§r PREV YAW: 18.415192, PREV PITCH: 0.0, VALID: true, PHASE: COMPLETE
[19:28:16] [Client thread/INFO]: [CHAT] §8[§9§lLiquidBounce§8]§r PREV YAW: 10.588745, PREV PITCH: 0.34528494, VALID: true, PHASE: PRIMARY
[19:28:16] [Client thread/INFO]: [CHAT] §8[§9§lLiquidBounce§8]§r PREV YAW: 12.775543, PREV PITCH: -0.46037984, VALID: true, PHASE: PRIMARY
[19:28:16] [Client thread/INFO]: [CHAT] §8[§9§lLiquidBounce§8]§r PREV YAW: 0.23019409, PREV PITCH: -9.783073, VALID: true, PHASE: COMPLETE
[19:28:16] [Client thread/INFO]: [CHAT] §8[§9§lLiquidBounce§8]§r PREV YAW: -3.9132385, PREV PITCH: -1.6113296, VALID: true, PHASE: PRIMARY
[19:28:16] [Client thread/INFO]: [CHAT] §8[§9§lLiquidBounce§8]§r PREV YAW: -24.63034, PREV PITCH: 7.020794, VALID: true, PHASE: PRIMARY
[19:28:16] [Client thread/INFO]: [CHAT] §8[§9§lLiquidBounce§8]§r PREV YAW: -23.709564, PREV PITCH: 1.0358548, VALID: true, PHASE: COMPLETE
[19:28:16] [Client thread/INFO]: [CHAT] §8[§9§lLiquidBounce§8]§r PREV YAW: -11.279297, PREV PITCH: 0.8056649, VALID: true, PHASE: PRIMARY
[19:28:16] [Client thread/INFO]: [CHAT] §8[§9§lLiquidBounce§8]§r PREV YAW: -3.7981262, PREV PITCH: -0.6905699, VALID: true, PHASE: PRIMARY
[19:28:17] [Client thread/INFO]: [CHAT] §8[§9§lLiquidBounce§8]§r PREV YAW: -7.366089, PREV PITCH: 1.6113297, VALID: true, PHASE: COMPLETE
[19:28:17] [Client thread/INFO]: [CHAT] §8[§9§lLiquidBounce§8]§r PREV YAW: -4.8339844, PREV PITCH: -0.57547486, VALID: true, PHASE: COMPLETE
[19:28:17] [Client thread/INFO]: [CHAT] §8[§9§lLiquidBounce§8]§r PREV YAW: -4.8339844, PREV PITCH: 2.1868048, VALID: true, PHASE: COMPLETE
[19:28:17] [Client thread/INFO]: [CHAT] §8[§9§lLiquidBounce§8]§r PREV YAW: -3.9132385, PREV PITCH: -0.46037984, VALID: true, PHASE: COMPLETE
[19:28:17] [Client thread/INFO]: [CHAT] §8[§9§lLiquidBounce§8]§r PREV YAW: -3.5679321, PREV PITCH: 0.9207599, VALID: true, PHASE: COMPLETE
[19:28:17] [Client thread/INFO]: [CHAT] §8[§9§lLiquidBounce§8]§r PREV YAW: -1.15094, PREV PITCH: 2.1868045, VALID: false, PHASE: PRIMARY
[19:28:17] [Client thread/INFO]: [CHAT] §8[§9§lLiquidBounce§8]§r PREV YAW: -0.46038818, PREV PITCH: 6.905699, VALID: true, PHASE: PRIMARY
[19:28:17] [Client thread/INFO]: [CHAT] §8[§9§lLiquidBounce§8]§r PREV YAW: -1.8415222, PREV PITCH: 4.4887047, VALID: true, PHASE: COMPLETE
[19:28:17] [Client thread/INFO]: [CHAT] §8[§9§lLiquidBounce§8]§r PREV YAW: 2.5321045, PREV PITCH: -5.524559, VALID: true, PHASE: COMPLETE
[19:28:17] [Client thread/INFO]: [CHAT] §8[§9§lLiquidBounce§8]§r PREV YAW: 1.2660522, PREV PITCH: -4.1434193, VALID: true, PHASE: COMPLETE
[19:28:17] [Client thread/INFO]: [CHAT] §8[§9§lLiquidBounce§8]§r PREV YAW: 2.5321045, PREV PITCH: -4.2585144, VALID: true, PHASE: COMPLETE
[19:28:17] [Client thread/INFO]: [CHAT] §8[§9§lLiquidBounce§8]§r PREV YAW: 1.6113281, PREV PITCH: -5.294369, VALID: true, PHASE: COMPLETE
[19:28:17] [Client thread/INFO]: [CHAT] §8[§9§lLiquidBounce§8]§r PREV YAW: 1.2660522, PREV PITCH: -3.9132295, VALID: true, PHASE: COMPLETE
[19:28:17] [Client thread/INFO]: [CHAT] §8[§9§lLiquidBounce§8]§r PREV YAW: 0.92074585, PREV PITCH: -4.3736095, VALID: true, PHASE: COMPLETE
[19:28:17] [Client thread/INFO]: [CHAT] §8[§9§lLiquidBounce§8]§r PREV YAW: 0.57547, PREV PITCH: -0.34528542, VALID: true, PHASE: COMPLETE
[19:28:17] [Client thread/INFO]: [CHAT] §8[§9§lLiquidBounce§8]§r PREV YAW: 0.0, PREV PITCH: 0.6905699, VALID: true, PHASE: COMPLETE
[19:28:17] [Client thread/INFO]: [CHAT] §8[§9§lLiquidBounce§8]§r PREV YAW: -0.11508179, PREV PITCH: 2.7622795, VALID: true, PHASE: COMPLETE
[19:28:17] [Client thread/INFO]: [CHAT] §8[§9§lLiquidBounce§8]§r PREV YAW: 0.11508179, PREV PITCH: 2.0717096, VALID: true, PHASE: COMPLETE
[19:28:17] [Client thread/INFO]: [CHAT] §8[§9§lLiquidBounce§8]§r PREV YAW: -0.92074585, PREV PITCH: 4.488704, VALID: true, PHASE: COMPLETE
[19:28:17] [Client thread/INFO]: [CHAT] §8[§9§lLiquidBounce§8]§r PREV YAW: -0.46038818, PREV PITCH: 4.0283246, VALID: true, PHASE: COMPLETE
[19:28:18] [Client thread/INFO]: [CHAT] §8[§9§lLiquidBounce§8]§r PREV YAW: 3.2226562, PREV PITCH: 0.23019004, VALID: true, PHASE: COMPLETE
[19:28:18] [Client thread/INFO]: [CHAT] §8[§9§lLiquidBounce§8]§r PREV YAW: 2.9924622, PREV PITCH: 1.035855, VALID: true, PHASE: COMPLETE
[19:28:18] [Client thread/INFO]: [CHAT] §8[§9§lLiquidBounce§8]§r PREV YAW: 2.762268, PREV PITCH: 0.46038008, VALID: true, PHASE: PRIMARY
[19:28:18] [Client thread/INFO]: [CHAT] §8[§9§lLiquidBounce§8]§r PREV YAW: 11.164215, PREV PITCH: 0.0, VALID: true, PHASE: PRIMARY
[19:28:18] [Client thread/INFO]: [CHAT] §8[§9§lLiquidBounce§8]§r PREV YAW: 19.681244, PREV PITCH: 0.0, VALID: true, PHASE: COMPLETE
[19:28:18] [Client thread/INFO]: [CHAT] §8[§9§lLiquidBounce§8]§r PREV YAW: 11.854797, PREV PITCH: 0.46038008, VALID: true, PHASE: PRIMARY
[19:28:18] [Client thread/INFO]: [CHAT] §8[§9§lLiquidBounce§8]§r PREV YAW: 24.63034, PREV PITCH: 0.0, VALID: true, PHASE: PRIMARY
[19:28:18] [Client thread/INFO]: [CHAT] §8[§9§lLiquidBounce§8]§r PREV YAW: 19.220856, PREV PITCH: 15.883108, VALID: true, PHASE: COMPLETE
[19:28:18] [Client thread/INFO]: [CHAT] §8[§9§lLiquidBounce§8]§r PREV YAW: 8.977417, PREV PITCH: 8.286839, VALID: true, PHASE: PRIMARY
[19:28:18] [Client thread/INFO]: [CHAT] §8[§9§lLiquidBounce§8]§r PREV YAW: -22.213318, PREV PITCH: -0.80566406, VALID: true, PHASE: PRIMARY
[19:28:18] [Client thread/INFO]: [CHAT] §8[§9§lLiquidBounce§8]§r PREV YAW: -24.63034, PREV PITCH: -9.437788, VALID: true, PHASE: PRIMARY
[19:28:18] [Client thread/INFO]: [CHAT] §8[§9§lLiquidBounce§8]§r PREV YAW: -19.911438, PREV PITCH: -8.286839, VALID: true, PHASE: COMPLETE
[19:28:18] [Client thread/INFO]: [CHAT] §8[§9§lLiquidBounce§8]§r PREV YAW: -10.588745, PREV PITCH: -4.3736095, VALID: true, PHASE: PRIMARY
[19:28:18] [Client thread/INFO]: [CHAT] §8[§9§lLiquidBounce§8]§r PREV YAW: -6.560425, PREV PITCH: -6.445319, VALID: true, PHASE: PRIMARY
[19:28:18] [Client thread/INFO]: [CHAT] §8[§9§lLiquidBounce§8]§r PREV YAW: -4.2585144, PREV PITCH: -3.9132295, VALID: true, PHASE: COMPLETE
[19:28:18] [Client thread/INFO]: [CHAT] §8[§9§lLiquidBounce§8]§r PREV YAW: -2.9924622, PREV PITCH: -2.6471846, VALID: true, PHASE: PRIMARY
[19:28:18] [Client thread/INFO]: [CHAT] §8[§9§lLiquidBounce§8]§r PREV YAW: -4.2585144, PREV PITCH: -2.3018994, VALID: true, PHASE: PRIMARY
[19:28:18] [Client thread/INFO]: [CHAT] §8[§9§lLiquidBounce§8]§r PREV YAW: -3.9132385, PREV PITCH: -1.4962349, VALID: true, PHASE: COMPLETE
[19:28:18] [Client thread/INFO]: [CHAT] §8[§9§lLiquidBounce§8]§r PREV YAW: -2.762268, PREV PITCH: 5.4094644, VALID: true, PHASE: COMPLETE
[19:28:18] [Client thread/INFO]: [CHAT] §8[§9§lLiquidBounce§8]§r PREV YAW: -2.3019104, PREV PITCH: 4.3736095, VALID: true, PHASE: COMPLETE
[19:28:19] [Client thread/INFO]: [CHAT] §8[§9§lLiquidBounce§8]§r PREV YAW: -2.8773804, PREV PITCH: 1.9566147, VALID: true, PHASE: COMPLETE
[19:28:19] [Client thread/INFO]: [CHAT] §8[§9§lLiquidBounce§8]§r PREV YAW: -3.4528503, PREV PITCH: 2.0717096, VALID: true, PHASE: COMPLETE
[19:28:19] [Client thread/INFO]: [CHAT] §8[§9§lLiquidBounce§8]§r PREV YAW: -5.9849243, PREV PITCH: 0.0, VALID: true, PHASE: COMPLETE
[19:28:19] [Client thread/INFO]: [CHAT] §8[§9§lLiquidBounce§8]§r PREV YAW: -4.0283203, PREV PITCH: -0.1150949, VALID: true, PHASE: PRIMARY
[19:28:19] [Client thread/INFO]: [CHAT] §8[§9§lLiquidBounce§8]§r PREV YAW: -9.437775, PREV PITCH: 0.46037984, VALID: true, PHASE: PRIMARY
[19:28:19] [Client thread/INFO]: [CHAT] §8[§9§lLiquidBounce§8]§r PREV YAW: -12.315155, PREV PITCH: 1.0358548, VALID: true, PHASE: COMPLETE
[19:28:19] [Client thread/INFO]: [CHAT] §8[§9§lLiquidBounce§8]§r PREV YAW: -8.401947, PREV PITCH: 1.15095, VALID: true, PHASE: PRIMARY
[19:28:19] [Client thread/INFO]: [CHAT] §8[§9§lLiquidBounce§8]§r PREV YAW: -4.9490967, PREV PITCH: 13.120828, VALID: true, PHASE: PRIMARY
[19:28:19] [Client thread/INFO]: [CHAT] §8[§9§lLiquidBounce§8]§r PREV YAW: -8.517029, PREV PITCH: 22.558615, VALID: true, PHASE: COMPLETE
[19:28:19] [Client thread/INFO]: [CHAT] §8[§9§lLiquidBounce§8]§r PREV YAW: 2.762268, PREV PITCH: 7.250984, VALID: false, PHASE: PRIMARY
[19:28:19] [Client thread/INFO]: [CHAT] §8[§9§lLiquidBounce§8]§r PREV YAW: 24.63034, PREV PITCH: -22.443521, VALID: false, PHASE: PRIMARY
[19:28:19] [Client thread/INFO]: [CHAT] §8[§9§lLiquidBounce§8]§r PREV YAW: 18.184998, PREV PITCH: -15.883107, VALID: true, PHASE: COMPLETE
[19:28:19] [Client thread/INFO]: [CHAT] §8[§9§lLiquidBounce§8]§r PREV YAW: 7.7113647, PREV PITCH: -7.711364, VALID: true, PHASE: PRIMARY
[19:28:19] [Client thread/INFO]: [CHAT] §8[§9§lLiquidBounce§8]§r PREV YAW: -1.4962463, PREV PITCH: -3.6830394, VALID: true, PHASE: PRIMARY
[19:28:19] [Client thread/INFO]: [CHAT] §8[§9§lLiquidBounce§8]§r PREV YAW: 0.46038818, PREV PITCH: -3.6830394, VALID: true, PHASE: COMPLETE
[19:28:19] [Client thread/INFO]: [CHAT] §8[§9§lLiquidBounce§8]§r PREV YAW: 0.80566406, PREV PITCH: -2.1868048, VALID: true, PHASE: COMPLETE
[19:28:19] [Client thread/INFO]: [CHAT] §8[§9§lLiquidBounce§8]§r PREV YAW: 0.57547, PREV PITCH: -2.1868043, VALID: true, PHASE: COMPLETE
[19:28:19] [Client thread/INFO]: [CHAT] §8[§9§lLiquidBounce§8]§r PREV YAW: 0.11508179, PREV PITCH: -1.2660446, VALID: true, PHASE: COMPLETE
[19:28:19] [Client thread/INFO]: [CHAT] §8[§9§lLiquidBounce§8]§r PREV YAW: 0.80566406, PREV PITCH: 5.0641794, VALID: true, PHASE: COMPLETE
[19:28:19] [Client thread/INFO]: [CHAT] §8[§9§lLiquidBounce§8]§r PREV YAW: -0.11508179, PREV PITCH: 4.488704, VALID: true, PHASE: COMPLETE
[19:28:20] [Client thread/INFO]: [CHAT] §8[§9§lLiquidBounce§8]§r PREV YAW: 0.34527588, PREV PITCH: 1.9566146, VALID: true, PHASE: COMPLETE
[19:28:20] [Client thread/INFO]: [CHAT] §8[§9§lLiquidBounce§8]§r PREV YAW: 1.4962463, PREV PITCH: 2.4169948, VALID: true, PHASE: COMPLETE
[19:28:20] [Client thread/INFO]: [CHAT] §8[§9§lLiquidBounce§8]§r PREV YAW: -0.57547, PREV PITCH: 0.2301898, VALID: true, PHASE: COMPLETE
[19:28:20] [Client thread/INFO]: [CHAT] §8[§9§lLiquidBounce§8]§r PREV YAW: 0.6905823, PREV PITCH: 1.0358548, VALID: true, PHASE: COMPLETE
[19:28:20] [Client thread/INFO]: [CHAT] §8[§9§lLiquidBounce§8]§r PREV YAW: -0.92074585, PREV PITCH: 1.4962349, VALID: true, PHASE: COMPLETE
[19:28:20] [Client thread/INFO]: [CHAT] §8[§9§lLiquidBounce§8]§r PREV YAW: -1.8415222, PREV PITCH: 4.488704, VALID: true, PHASE: COMPLETE
[19:28:20] [Client thread/INFO]: [CHAT] §8[§9§lLiquidBounce§8]§r PREV YAW: -5.0641785, PREV PITCH: 2.6471844, VALID: true, PHASE: OVERSHOOT
[19:28:20] [Client thread/INFO]: [CHAT] §8[§9§lLiquidBounce§8]§r PREV YAW: -15.192535, PREV PITCH: 10.818929, VALID: false, PHASE: OVERSHOOT
[19:28:20] [Client thread/INFO]: [CHAT] §8[§9§lLiquidBounce§8]§r PREV YAW: -13.235931, PREV PITCH: 4.6038, VALID: false, PHASE: OVERSHOOT
[19:28:20] [Client thread/INFO]: [CHAT] §8[§9§lLiquidBounce§8]§r PREV YAW: 21.637848, PREV PITCH: 2.7622814, VALID: true, PHASE: OVERSHOOT
[19:28:20] [Client thread/INFO]: [CHAT] §8[§9§lLiquidBounce§8]§r PREV YAW: 3.9132385, PREV PITCH: -7.250984, VALID: true, PHASE: OVERSHOOT
[19:28:20] [Client thread/INFO]: [CHAT] §8[§9§lLiquidBounce§8]§r PREV YAW: 4.9490967, PREV PITCH: -9.552883, VALID: true, PHASE: OVERSHOOT
[19:28:20] [Client thread/INFO]: [CHAT] §8[§9§lLiquidBounce§8]§r PREV YAW: 2.8773804, PREV PITCH: -9.092504, VALID: true, PHASE: OVERSHOOT
[19:28:20] [Client thread/INFO]: [CHAT] §8[§9§lLiquidBounce§8]§r PREV YAW: 1.0358582, PREV PITCH: -7.2509837, VALID: true, PHASE: OVERSHOOT
[19:28:20] [Client thread/INFO]: [CHAT] §8[§9§lLiquidBounce§8]§r PREV YAW: 1.2660522, PREV PITCH: -2.8773744, VALID: true, PHASE: OVERSHOOT
[19:28:20] [Client thread/INFO]: [CHAT] §8[§9§lLiquidBounce§8]§r PREV YAW: 0.23019409, PREV PITCH: -2.1868048, VALID: true, PHASE: CORRECTION
[19:28:20] [Client thread/INFO]: [CHAT] §8[§9§lLiquidBounce§8]§r PREV YAW: -0.23019409, PREV PITCH: -3.6830392, VALID: true, PHASE: COMPLETE
[19:28:20] [Client thread/INFO]: [CHAT] §8[§9§lLiquidBounce§8]§r PREV YAW: 0.0, PREV PITCH: -1.0358553, VALID: true, PHASE: COMPLETE
[19:28:20] [Client thread/INFO]: [CHAT] §8[§9§lLiquidBounce§8]§r PREV YAW: -0.11508179, PREV PITCH: 5.639654, VALID: true, PHASE: COMPLETE
[19:28:20] [Client thread/INFO]: [CHAT] §8[§9§lLiquidBounce§8]§r PREV YAW: -0.23019409, PREV PITCH: 4.833989, VALID: true, PHASE: COMPLETE
[19:28:21] [Client thread/INFO]: [CHAT] §8[§9§lLiquidBounce§8]§r PREV YAW: -0.11508179, PREV PITCH: 2.3018997, VALID: true, PHASE: COMPLETE
[19:28:21] [Client thread/INFO]: [CHAT] §8[§9§lLiquidBounce§8]§r PREV YAW: -0.11508179, PREV PITCH: 1.2660449, VALID: true, PHASE: COMPLETE
[19:28:21] [Client thread/INFO]: [CHAT] §8[§9§lLiquidBounce§8]§r PREV YAW: -0.34527588, PREV PITCH: 1.15095, VALID: true, PHASE: COMPLETE
[19:28:21] [Client thread/INFO]: [CHAT] §8[§9§lLiquidBounce§8]§r PREV YAW: 0.46038818, PREV PITCH: -6.215129, VALID: true, PHASE: COMPLETE
[19:28:21] [Client thread/INFO]: [CHAT] §8[§9§lLiquidBounce§8]§r PREV YAW: 0.46038818, PREV PITCH: -4.2585144, VALID: true, PHASE: PRIMARY
[19:28:21] [Client thread/INFO]: [CHAT] §8[§9§lLiquidBounce§8]§r PREV YAW: 0.11508179, PREV PITCH: -7.596269, VALID: true, PHASE: PRIMARY
[19:28:21] [Client thread/INFO]: [CHAT] §8[§9§lLiquidBounce§8]§r PREV YAW: -0.11508179, PREV PITCH: -7.941554, VALID: true, PHASE: COMPLETE
[19:28:21] [Client thread/INFO]: [CHAT] §8[§9§lLiquidBounce§8]§r PREV YAW: -0.11508179, PREV PITCH: -4.3736095, VALID: true, PHASE: COMPLETE
[19:28:21] [Client thread/INFO]: [CHAT] §8[§9§lLiquidBounce§8]§r PREV YAW: -1.15094, PREV PITCH: -0.80566406, VALID: true, PHASE: COMPLETE
[19:28:21] [Client thread/INFO]: [CHAT] §8[§9§lLiquidBounce§8]§r PREV YAW: -0.11508179, PREV PITCH: -1.8415203, VALID: true, PHASE: COMPLETE
[19:28:21] [Client thread/INFO]: [CHAT] §8[§9§lLiquidBounce§8]§r PREV YAW: 0.46038818, PREV PITCH: 0.46038055, VALID: true, PHASE: COMPLETE
[19:28:21] [Client thread/INFO]: [CHAT] §8[§9§lLiquidBounce§8]§r PREV YAW: -0.57547, PREV PITCH: 1.0358543, VALID: true, PHASE: COMPLETE
[19:28:21] [Client thread/INFO]: [CHAT] §8[§9§lLiquidBounce§8]§r PREV YAW: -0.57547, PREV PITCH: 2.5320892, VALID: true, PHASE: PRIMARY
[19:28:21] [Client thread/INFO]: [CHAT] §8[§9§lLiquidBounce§8]§r PREV YAW: -1.956604, PREV PITCH: 18.185007, VALID: true, PHASE: PRIMARY
[19:28:21] [Client thread/INFO]: [CHAT] §8[§9§lLiquidBounce§8]§r PREV YAW: -4.6037903, PREV PITCH: 19.566147, VALID: true, PHASE: COMPLETE
[19:28:21] [Client thread/INFO]: [CHAT] §8[§9§lLiquidBounce§8]§r PREV YAW: 0.46038818, PREV PITCH: 13.696302, VALID: true, PHASE: PRIMARY
[19:28:21] [Client thread/INFO]: [CHAT] §8[§9§lLiquidBounce§8]§r PREV YAW: 6.790619, PREV PITCH: 25.435991, VALID: true, PHASE: PRIMARY
[19:28:21] [Client thread/INFO]: [CHAT] §8[§9§lLiquidBounce§8]§r PREV YAW: 1.15094, PREV PITCH: 21.983143, VALID: true, PHASE: PRIMARY
[19:28:21] [Client thread/INFO]: [CHAT] §8[§9§lLiquidBounce§8]§r PREV YAW: -0.46038818, PREV PITCH: -11.624592, VALID: true, PHASE: COMPLETE
[19:28:21] [Client thread/INFO]: [CHAT] §8[§9§lLiquidBounce§8]§r PREV YAW: 0.11508179, PREV PITCH: -8.747219, VALID: true, PHASE: PRIMARY
[19:28:22] [Client thread/INFO]: [CHAT] §8[§9§lLiquidBounce§8]§r PREV YAW: -2.3019104, PREV PITCH: -24.169947, VALID: true, PHASE: PRIMARY
[19:28:22] [Client thread/INFO]: [CHAT] §8[§9§lLiquidBounce§8]§r PREV YAW: 0.0, PREV PITCH: -24.054852, VALID: true, PHASE: COMPLETE
[19:28:22] [Client thread/INFO]: [CHAT] §8[§9§lLiquidBounce§8]§r PREV YAW: 0.80566406, PREV PITCH: -13.466113, VALID: true, PHASE: PRIMARY
[19:28:22] [Client thread/INFO]: [CHAT] §8[§9§lLiquidBounce§8]§r PREV YAW: 1.381134, PREV PITCH: -17.954817, VALID: true, PHASE: PRIMARY
[19:28:22] [Client thread/INFO]: [CHAT] §8[§9§lLiquidBounce§8]§r PREV YAW: -2.9924622, PREV PITCH: -9.207598, VALID: true, PHASE: COMPLETE
[19:28:22] [Client thread/INFO]: [CHAT] §8[§9§lLiquidBounce§8]§r PREV YAW: 0.6905823, PREV PITCH: -3.5679436, VALID: true, PHASE: COMPLETE
[19:28:22] [Client thread/INFO]: [CHAT] §8[§9§lLiquidBounce§8]§r PREV YAW: -0.11508179, PREV PITCH: 4.3736076, VALID: true, PHASE: COMPLETE
[19:28:22] [Client thread/INFO]: [CHAT] §8[§9§lLiquidBounce§8]§r PREV YAW: -0.46038818, PREV PITCH: 7.941553, VALID: true, PHASE: PRIMARY
[19:28:22] [Client thread/INFO]: [CHAT] §8[§9§lLiquidBounce§8]§r PREV YAW: 1.0358582, PREV PITCH: 27.73789, VALID: false, PHASE: PRIMARY
[19:28:22] [Client thread/INFO]: [CHAT] §8[§9§lLiquidBounce§8]§r PREV YAW: 1.6113281, PREV PITCH: 26.35675, VALID: true, PHASE: COMPLETE
[19:28:22] [Client thread/INFO]: [CHAT] §8[§9§lLiquidBounce§8]§r PREV YAW: 1.0358582, PREV PITCH: 12.084972, VALID: true, PHASE: PRIMARY
[19:28:22] [Client thread/INFO]: [CHAT] §8[§9§lLiquidBounce§8]§r PREV YAW: -0.11508179, PREV PITCH: -5.7547493, VALID: true, PHASE: PRIMARY
[19:28:22] [Client thread/INFO]: [CHAT] §8[§9§lLiquidBounce§8]§r PREV YAW: -0.80566406, PREV PITCH: -17.609531, VALID: true, PHASE: COMPLETE
[19:28:22] [Client thread/INFO]: [CHAT] §8[§9§lLiquidBounce§8]§r PREV YAW: -0.11508179, PREV PITCH: -9.322693, VALID: true, PHASE: PRIMARY
[19:28:22] [Client thread/INFO]: [CHAT] §8[§9§lLiquidBounce§8]§r PREV YAW: 0.80566406, PREV PITCH: -12.660448, VALID: true, PHASE: PRIMARY
[19:28:22] [Client thread/INFO]: [CHAT] §8[§9§lLiquidBounce§8]§r PREV YAW: -0.34527588, PREV PITCH: -14.156683, VALID: true, PHASE: COMPLETE
[19:28:22] [Client thread/INFO]: [CHAT] §8[§9§lLiquidBounce§8]§r PREV YAW: -0.23019409, PREV PITCH: -3.3377552, VALID: true, PHASE: COMPLETE
[19:28:22] [Client thread/INFO]: [CHAT] §8[§9§lLiquidBounce§8]§r PREV YAW: -0.23019409, PREV PITCH: -3.7981339, VALID: true, PHASE: COMPLETE
[19:28:22] [Client thread/INFO]: [CHAT] §8[§9§lLiquidBounce§8]§r PREV YAW: 0.34527588, PREV PITCH: 0.9207592, VALID: false, PHASE: PRIMARY
[19:28:22] [Client thread/INFO]: [CHAT] §8[§9§lLiquidBounce§8]§r PREV YAW: 0.80566406, PREV PITCH: 14.847253, VALID: true, PHASE: PRIMARY
[19:28:23] [Client thread/INFO]: [CHAT] §8[§9§lLiquidBounce§8]§r PREV YAW: 0.0, PREV PITCH: 12.430258, VALID: true, PHASE: COMPLETE
[19:28:23] [Client thread/INFO]: [CHAT] §8[§9§lLiquidBounce§8]§r PREV YAW: 0.57547, PREV PITCH: 4.028324, VALID: true, PHASE: COMPLETE
[19:28:23] [Client thread/INFO]: [CHAT] §8[§9§lLiquidBounce§8]§r PREV YAW: 0.0, PREV PITCH: 5.869844, VALID: true, PHASE: COMPLETE
[19:28:23] [Client thread/INFO]: [CHAT] §8[§9§lLiquidBounce§8]§r PREV YAW: -0.11508179, PREV PITCH: 3.6830397, VALID: true, PHASE: COMPLETE
[19:28:23] [Client thread/INFO]: [CHAT] §8[§9§lLiquidBounce§8]§r PREV YAW: -0.34527588, PREV PITCH: -1.4962349, VALID: true, PHASE: COMPLETE
[19:28:23] [Client thread/INFO]: [CHAT] §8[§9§lLiquidBounce§8]§r PREV YAW: -0.34527588, PREV PITCH: -3.7981348, VALID: true, PHASE: COMPLETE
[19:28:23] [Client thread/INFO]: [CHAT] §8[§9§lLiquidBounce§8]§r PREV YAW: 0.0, PREV PITCH: -4.9490843, VALID: true, PHASE: COMPLETE
[19:28:23] [Client thread/INFO]: [CHAT] §8[§9§lLiquidBounce§8]§r PREV YAW: -0.34527588, PREV PITCH: -3.4528494, VALID: true, PHASE: PRIMARY
[19:28:23] [Client thread/INFO]: [CHAT] §8[§9§lLiquidBounce§8]§r PREV YAW: -0.80566406, PREV PITCH: -9.092504, VALID: true, PHASE: PRIMARY
[19:28:23] [Client thread/INFO]: [CHAT] §8[§9§lLiquidBounce§8]§r PREV YAW: -0.11508179, PREV PITCH: -8.747219, VALID: true, PHASE: COMPLETE
[19:28:23] [Client thread/INFO]: [CHAT] §8[§9§lLiquidBounce§8]§r PREV YAW: 0.0, PREV PITCH: -2.1868038, VALID: true, PHASE: COMPLETE
[19:28:23] [Client thread/INFO]: [CHAT] §8[§9§lLiquidBounce§8]§r PREV YAW: 0.11508179, PREV PITCH: -2.5320892, VALID: true, PHASE: COMPLETE
[19:28:23] [Client thread/INFO]: [CHAT] §8[§9§lLiquidBounce§8]§r PREV YAW: 0.23019409, PREV PITCH: 0.69057083, VALID: true, PHASE: COMPLETE
[19:28:23] [Client thread/INFO]: [CHAT] §8[§9§lLiquidBounce§8]§r PREV YAW: 0.23019409, PREV PITCH: 0.23019028, VALID: true, PHASE: COMPLETE
[19:28:23] [Client thread/INFO]: [CHAT] §8[§9§lLiquidBounce§8]§r PREV YAW: 0.11508179, PREV PITCH: 2.0717106, VALID: true, PHASE: COMPLETE
[19:28:23] [Client thread/INFO]: [CHAT] §8[§9§lLiquidBounce§8]§r PREV YAW: 0.11508179, PREV PITCH: 2.6471844, VALID: true, PHASE: COMPLETE
[19:28:23] [Client thread/INFO]: [CHAT] §8[§9§lLiquidBounce§8]§r PREV YAW: -0.11508179, PREV PITCH: 2.6471844, VALID: true, PHASE: PRIMARY
[19:28:23] [Client thread/INFO]: [CHAT] §8[§9§lLiquidBounce§8]§r PREV YAW: -0.57547, PREV PITCH: 9.437788, VALID: true, PHASE: PRIMARY
[19:28:23] [Client thread/INFO]: [CHAT] §8[§9§lLiquidBounce§8]§r PREV YAW: 0.11508179, PREV PITCH: 6.445319, VALID: true, PHASE: COMPLETE
[19:28:23] [Client thread/INFO]: [CHAT] §8[§9§lLiquidBounce§8]§r PREV YAW: 1.0358582, PREV PITCH: 4.028324, VALID: true, PHASE: COMPLETE
[19:28:24] [Client thread/INFO]: [CHAT] §8[§9§lLiquidBounce§8]§r PREV YAW: -0.23019409, PREV PITCH: 1.8415198, VALID: true, PHASE: COMPLETE
[19:28:24] [Client thread/INFO]: [CHAT] §8[§9§lLiquidBounce§8]§r PREV YAW: -0.23019409, PREV PITCH: 3.4528494, VALID: true, PHASE: PRIMARY
[19:28:24] [Client thread/INFO]: [CHAT] §8[§9§lLiquidBounce§8]§r PREV YAW: -1.15094, PREV PITCH: 6.330223, VALID: true, PHASE: PRIMARY
[19:28:24] [Client thread/INFO]: [CHAT] §8[§9§lLiquidBounce§8]§r PREV YAW: -0.57547, PREV PITCH: 2.7622795, VALID: true, PHASE: COMPLETE
[19:28:24] [Client thread/INFO]: [CHAT] §8[§9§lLiquidBounce§8]§r PREV YAW: 0.34527588, PREV PITCH: -0.5754757, VALID: true, PHASE: PRIMARY
[19:28:24] [Client thread/INFO]: [CHAT] §8[§9§lLiquidBounce§8]§r PREV YAW: 1.6113281, PREV PITCH: -11.279308, VALID: true, PHASE: PRIMARY
[19:28:24] [Client thread/INFO]: [CHAT] §8[§9§lLiquidBounce§8]§r PREV YAW: 1.7264099, PREV PITCH: -7.4811735, VALID: true, PHASE: COMPLETE
[19:28:24] [Client thread/INFO]: [CHAT] §8[§9§lLiquidBounce§8]§r PREV YAW: 0.92074585, PREV PITCH: -6.7906036, VALID: true, PHASE: COMPLETE
[19:28:24] [Client thread/INFO]: [CHAT] §8[§9§lLiquidBounce§8]§r PREV YAW: 1.7264099, PREV PITCH: -1.8415198, VALID: true, PHASE: COMPLETE
[19:28:24] [Client thread/INFO]: [CHAT] §8[§9§lLiquidBounce§8]§r PREV YAW: -0.11508179, PREV PITCH: -5.8698444, VALID: true, PHASE: COMPLETE
[19:28:24] [Client thread/INFO]: [CHAT] §8[§9§lLiquidBounce§8]§r PREV YAW: 1.7264099, PREV PITCH: -1.4962349, VALID: true, PHASE: COMPLETE
[19:28:24] [Client thread/INFO]: [CHAT] §8[§9§lLiquidBounce§8]§r PREV YAW: 0.92074585, PREV PITCH: -1.1509495, VALID: true, PHASE: COMPLETE
[19:28:24] [Client thread/INFO]: [CHAT] §8[§9§lLiquidBounce§8]§r PREV YAW: 0.23019409, PREV PITCH: 3.913229, VALID: false, PHASE: PRIMARY
[19:28:24] [Client thread/INFO]: [CHAT] §8[§9§lLiquidBounce§8]§r PREV YAW: 1.2660522, PREV PITCH: 19.796337, VALID: true, PHASE: PRIMARY
[19:28:24] [Client thread/INFO]: [CHAT] §8[§9§lLiquidBounce§8]§r PREV YAW: 1.4962463, PREV PITCH: 13.005733, VALID: true, PHASE: COMPLETE
[19:28:24] [Client thread/INFO]: [CHAT] §8[§9§lLiquidBounce§8]§r PREV YAW: 0.57547, PREV PITCH: -2.1868038, VALID: true, PHASE: COMPLETE
[19:28:24] [Client thread/INFO]: [CHAT] §8[§9§lLiquidBounce§8]§r PREV YAW: 0.0, PREV PITCH: -6.7906036, VALID: true, PHASE: COMPLETE
[19:28:24] [Client thread/INFO]: [CHAT] §8[§9§lLiquidBounce§8]§r PREV YAW: -0.11508179, PREV PITCH: -5.869844, VALID: true, PHASE: COMPLETE
[19:28:24] [Client thread/INFO]: [CHAT] §8[§9§lLiquidBounce§8]§r PREV YAW: 0.11508179, PREV PITCH: -4.2585144, VALID: true, PHASE: PRIMARY
[19:28:24] [Client thread/INFO]: [CHAT] §8[§9§lLiquidBounce§8]§r PREV YAW: 1.4962463, PREV PITCH: -10.473643, VALID: true, PHASE: PRIMARY
[19:28:25] [Client thread/INFO]: [CHAT] §8[§9§lLiquidBounce§8]§r PREV YAW: 2.3019104, PREV PITCH: -7.8264585, VALID: true, PHASE: COMPLETE
[19:28:25] [Client thread/INFO]: [CHAT] §8[§9§lLiquidBounce§8]§r PREV YAW: 2.9924622, PREV PITCH: -4.4887037, VALID: true, PHASE: COMPLETE
[19:28:25] [Client thread/INFO]: [CHAT] §8[§9§lLiquidBounce§8]§r PREV YAW: -0.46038818, PREV PITCH: 0.80566406, VALID: true, PHASE: COMPLETE
[19:28:25] [Client thread/INFO]: [CHAT] §8[§9§lLiquidBounce§8]§r PREV YAW: 2.5321045, PREV PITCH: 0.5754757, VALID: true, PHASE: COMPLETE
[19:28:25] [Client thread/INFO]: [CHAT] §8[§9§lLiquidBounce§8]§r PREV YAW: 2.186798, PREV PITCH: 1.0358543, VALID: true, PHASE: PRIMARY
[19:28:25] [Client thread/INFO]: [CHAT] §8[§9§lLiquidBounce§8]§r PREV YAW: 6.3302307, PREV PITCH: 5.7547493, VALID: true, PHASE: PRIMARY
[19:28:25] [Client thread/INFO]: [CHAT] §8[§9§lLiquidBounce§8]§r PREV YAW: 7.596283, PREV PITCH: 10.703834, VALID: true, PHASE: COMPLETE
[19:28:25] [Client thread/INFO]: [CHAT] §8[§9§lLiquidBounce§8]§r PREV YAW: 2.6471863, PREV PITCH: 7.250984, VALID: true, PHASE: PRIMARY
[19:28:25] [Client thread/INFO]: [CHAT] §8[§9§lLiquidBounce§8]§r PREV YAW: -7.4811707, PREV PITCH: 10.243454, VALID: true, PHASE: PRIMARY
[19:28:25] [Client thread/INFO]: [CHAT] §8[§9§lLiquidBounce§8]§r PREV YAW: -5.0641785, PREV PITCH: 9.437788, VALID: true, PHASE: COMPLETE
[19:28:25] [Client thread/INFO]: [CHAT] §8[§9§lLiquidBounce§8]§r PREV YAW: -3.5679321, PREV PITCH: -4.9490833, VALID: true, PHASE: COMPLETE
[19:28:25] [Client thread/INFO]: [CHAT] §8[§9§lLiquidBounce§8]§r PREV YAW: -2.762268, PREV PITCH: -3.6830387, VALID: true, PHASE: COMPLETE
[19:28:25] [Client thread/INFO]: [CHAT] §8[§9§lLiquidBounce§8]§r PREV YAW: -1.381134, PREV PITCH: -3.222659, VALID: true, PHASE: PRIMARY
[19:28:25] [Client thread/INFO]: [CHAT] §8[§9§lLiquidBounce§8]§r PREV YAW: 1.0358582, PREV PITCH: -9.207599, VALID: true, PHASE: PRIMARY
[19:28:25] [Client thread/INFO]: [CHAT] §8[§9§lLiquidBounce§8]§r PREV YAW: -2.6471863, PREV PITCH: -7.826459, VALID: true, PHASE: COMPLETE
[19:28:25] [Client thread/INFO]: [CHAT] §8[§9§lLiquidBounce§8]§r PREV YAW: -0.46038818, PREV PITCH: -5.639654, VALID: true, PHASE: COMPLETE
[19:28:25] [Client thread/INFO]: [CHAT] §8[§9§lLiquidBounce§8]§r PREV YAW: 0.34527588, PREV PITCH: -3.107565, VALID: true, PHASE: COMPLETE
[19:28:25] [Client thread/INFO]: [CHAT] §8[§9§lLiquidBounce§8]§r PREV YAW: -0.23019409, PREV PITCH: -2.416995, VALID: true, PHASE: COMPLETE
[19:28:25] [Client thread/INFO]: [CHAT] §8[§9§lLiquidBounce§8]§r PREV YAW: 0.57547, PREV PITCH: 4.028324, VALID: true, PHASE: COMPLETE
[19:28:25] [Client thread/INFO]: [CHAT] §8[§9§lLiquidBounce§8]§r PREV YAW: 2.186798, PREV PITCH: 2.7622795, VALID: true, PHASE: PRIMARY
[19:28:26] [Client thread/INFO]: [CHAT] §8[§9§lLiquidBounce§8]§r PREV YAW: 2.186798, PREV PITCH: 4.718894, VALID: true, PHASE: PRIMARY
[19:28:26] [Client thread/INFO]: [CHAT] §8[§9§lLiquidBounce§8]§r PREV YAW: 3.2226562, PREV PITCH: 7.250984, VALID: true, PHASE: COMPLETE
[19:28:26] [Client thread/INFO]: [CHAT] §8[§9§lLiquidBounce§8]§r PREV YAW: 1.381134, PREV PITCH: 0.46038008, VALID: true, PHASE: COMPLETE
[19:28:26] [Client thread/INFO]: [CHAT] §8[§9§lLiquidBounce§8]§r PREV YAW: 1.2660522, PREV PITCH: 1.4962349, VALID: true, PHASE: COMPLETE
[19:28:26] [Client thread/INFO]: [CHAT] §8[§9§lLiquidBounce§8]§r PREV YAW: 3.2226562, PREV PITCH: 0.9207597, VALID: true, PHASE: COMPLETE
[19:28:26] [Client thread/INFO]: [CHAT] §8[§9§lLiquidBounce§8]§r PREV YAW: 6.3302307, PREV PITCH: 2.416995, VALID: true, PHASE: COMPLETE
[19:28:26] [Client thread/INFO]: [CHAT] §8[§9§lLiquidBounce§8]§r PREV YAW: -3.4528503, PREV PITCH: 3.3377542, VALID: true, PHASE: PRIMARY
[19:28:26] [Client thread/INFO]: [CHAT] §8[§9§lLiquidBounce§8]§r PREV YAW: -24.63034, PREV PITCH: 18.645386, VALID: true, PHASE: PRIMARY
[19:28:26] [Client thread/INFO]: [CHAT] §8[§9§lLiquidBounce§8]§r PREV YAW: -12.200073, PREV PITCH: -4.2585144, VALID: true, PHASE: COMPLETE
[19:28:26] [Client thread/INFO]: [CHAT] §8[§9§lLiquidBounce§8]§r PREV YAW: 0.11508179, PREV PITCH: -4.4887047, VALID: true, PHASE: COMPLETE
[19:28:26] [Client thread/INFO]: [CHAT] §8[§9§lLiquidBounce§8]§r PREV YAW: 1.381134, PREV PITCH: -3.913229, VALID: true, PHASE: PRIMARY
[19:28:26] [Client thread/INFO]: [CHAT] §8[§9§lLiquidBounce§8]§r PREV YAW: 4.7189026, PREV PITCH: -11.509499, VALID: true, PHASE: PRIMARY
[19:28:26] [Client thread/INFO]: [CHAT] §8[§9§lLiquidBounce§8]§r PREV YAW: 3.5679321, PREV PITCH: -8.171743, VALID: true, PHASE: COMPLETE
[19:28:26] [Client thread/INFO]: [CHAT] §8[§9§lLiquidBounce§8]§r PREV YAW: 0.80566406, PREV PITCH: -6.215129, VALID: true, PHASE: COMPLETE
[19:28:26] [Client thread/INFO]: [CHAT] §8[§9§lLiquidBounce§8]§r PREV YAW: 0.80566406, PREV PITCH: -2.416995, VALID: true, PHASE: COMPLETE
[19:28:26] [Client thread/INFO]: [CHAT] §8[§9§lLiquidBounce§8]§r PREV YAW: 0.23019409, PREV PITCH: -4.718894, VALID: true, PHASE: COMPLETE
[19:28:26] [Client thread/INFO]: [CHAT] §8[§9§lLiquidBounce§8]§r PREV YAW: 0.0, PREV PITCH: 1.0358553, VALID: true, PHASE: COMPLETE
[19:28:26] [Client thread/INFO]: [CHAT] §8[§9§lLiquidBounce§8]§r PREV YAW: -1.4962463, PREV PITCH: 3.7981348, VALID: true, PHASE: COMPLETE
[19:28:26] [Client thread/INFO]: [CHAT] §8[§9§lLiquidBounce§8]§r PREV YAW: -1.6113281, PREV PITCH: 3.1075644, VALID: true, PHASE: PRIMARY
[19:28:26] [Client thread/INFO]: [CHAT] §8[§9§lLiquidBounce§8]§r PREV YAW: -1.4962463, PREV PITCH: 12.430258, VALID: true, PHASE: PRIMARY
[19:28:27] [Client thread/INFO]: [CHAT] §8[§9§lLiquidBounce§8]§r PREV YAW: 1.2660522, PREV PITCH: 8.171743, VALID: true, PHASE: COMPLETE
[19:28:27] [Client thread/INFO]: [CHAT] §8[§9§lLiquidBounce§8]§r PREV YAW: 1.6113281, PREV PITCH: 3.7981348, VALID: true, PHASE: COMPLETE
[19:28:27] [Client thread/INFO]: [CHAT] §8[§9§lLiquidBounce§8]§r PREV YAW: 1.956604, PREV PITCH: -5.2943687, VALID: true, PHASE: COMPLETE
[19:28:27] [Client thread/INFO]: [CHAT] §8[§9§lLiquidBounce§8]§r PREV YAW: 1.4962463, PREV PITCH: -4.3736095, VALID: true, PHASE: COMPLETE
[19:28:27] [Client thread/INFO]: [CHAT] §8[§9§lLiquidBounce§8]§r PREV YAW: 0.6905823, PREV PITCH: -3.3377542, VALID: true, PHASE: PRIMARY
[19:28:27] [Client thread/INFO]: [CHAT] §8[§9§lLiquidBounce§8]§r PREV YAW: -0.92074585, PREV PITCH: -8.747219, VALID: true, PHASE: PRIMARY
[19:28:27] [Client thread/INFO]: [CHAT] §8[§9§lLiquidBounce§8]§r PREV YAW: -0.46038818, PREV PITCH: -7.7113643, VALID: true, PHASE: COMPLETE
[19:28:27] [Client thread/INFO]: [CHAT] §8[§9§lLiquidBounce§8]§r PREV YAW: -1.15094, PREV PITCH: -4.028324, VALID: true, PHASE: COMPLETE
[19:28:27] [Client thread/INFO]: [CHAT] §8[§9§lLiquidBounce§8]§r PREV YAW: -1.4962463, PREV PITCH: 1.1509495, VALID: true, PHASE: COMPLETE
[19:28:27] [Client thread/INFO]: [CHAT] §8[§9§lLiquidBounce§8]§r PREV YAW: -2.6471863, PREV PITCH: 0.57547474, VALID: true, PHASE: COMPLETE
[19:28:27] [Client thread/INFO]: [CHAT] §8[§9§lLiquidBounce§8]§r PREV YAW: -2.8773804, PREV PITCH: 3.4528494, VALID: true, PHASE: COMPLETE
[19:28:27] [Client thread/INFO]: [CHAT] §8[§9§lLiquidBounce§8]§r PREV YAW: -3.7981262, PREV PITCH: 3.1075644, VALID: true, PHASE: COMPLETE
[19:28:27] [Client thread/INFO]: [CHAT] §8[§9§lLiquidBounce§8]§r PREV YAW: -3.5679321, PREV PITCH: 5.869844, VALID: true, PHASE: COMPLETE
[19:28:27] [Client thread/INFO]: [CHAT] §8[§9§lLiquidBounce§8]§r PREV YAW: -2.4169922, PREV PITCH: 5.179274, VALID: true, PHASE: COMPLETE
[19:28:27] [Client thread/INFO]: [CHAT] §8[§9§lLiquidBounce§8]§r PREV YAW: -4.7189026, PREV PITCH: 0.46038008, VALID: true, PHASE: COMPLETE
[19:28:27] [Client thread/INFO]: [CHAT] §8[§9§lLiquidBounce§8]§r PREV YAW: -1.8415222, PREV PITCH: 1.4962349, VALID: true, PHASE: COMPLETE
[19:28:27] [Client thread/INFO]: [CHAT] §8[§9§lLiquidBounce§8]§r PREV YAW: -2.186798, PREV PITCH: 1.0358548, VALID: true, PHASE: PRIMARY
[19:28:27] [Client thread/INFO]: [CHAT] §8[§9§lLiquidBounce§8]§r PREV YAW: -9.207611, PREV PITCH: 3.1075644, VALID: true, PHASE: PRIMARY
[19:28:27] [Client thread/INFO]: [CHAT] §8[§9§lLiquidBounce§8]§r PREV YAW: 24.63034, PREV PITCH: 12.545354, VALID: false, PHASE: PRIMARY
[19:28:27] [Client thread/INFO]: [CHAT] §8[§9§lLiquidBounce§8]§r PREV YAW: 24.63034, PREV PITCH: 13.926495, VALID: false, PHASE: PRIMARY
[19:28:28] [Client thread/INFO]: [CHAT] §8[§9§lLiquidBounce§8]§r PREV YAW: 15.077454, PREV PITCH: -9.898169, VALID: true, PHASE: COMPLETE
[19:28:28] [Client thread/INFO]: [CHAT] §8[§9§lLiquidBounce§8]§r PREV YAW: 5.1792603, PREV PITCH: -6.330223, VALID: true, PHASE: PRIMARY
[19:28:28] [Client thread/INFO]: [CHAT] §8[§9§lLiquidBounce§8]§r PREV YAW: -8.401947, PREV PITCH: -9.092504, VALID: true, PHASE: PRIMARY
[19:28:28] [Client thread/INFO]: [CHAT] §8[§9§lLiquidBounce§8]§r PREV YAW: -3.1075745, PREV PITCH: -8.632124, VALID: true, PHASE: COMPLETE
[19:28:28] [Client thread/INFO]: [CHAT] §8[§9§lLiquidBounce§8]§r PREV YAW: 0.23019409, PREV PITCH: -3.3377545, VALID: true, PHASE: COMPLETE
[19:28:28] [Client thread/INFO]: [CHAT] §8[§9§lLiquidBounce§8]§r PREV YAW: 0.57547, PREV PITCH: -4.3736095, VALID: true, PHASE: COMPLETE
[19:28:28] [Client thread/INFO]: [CHAT] §8[§9§lLiquidBounce§8]§r PREV YAW: 1.6113281, PREV PITCH: -1.2660446, VALID: true, PHASE: COMPLETE
[19:28:28] [Client thread/INFO]: [CHAT] §8[§9§lLiquidBounce§8]§r PREV YAW: 1.8415222, PREV PITCH: -1.7264247, VALID: true, PHASE: COMPLETE
[19:28:28] [Client thread/INFO]: [CHAT] §8[§9§lLiquidBounce§8]§r PREV YAW: 2.186798, PREV PITCH: 0.34528494, VALID: true, PHASE: COMPLETE
[19:28:28] [Client thread/INFO]: [CHAT] §8[§9§lLiquidBounce§8]§r PREV YAW: 2.6471863, PREV PITCH: 2.5320897, VALID: true, PHASE: COMPLETE
[19:28:28] [Client thread/INFO]: [CHAT] §8[§9§lLiquidBounce§8]§r PREV YAW: 3.6830444, PREV PITCH: 4.3736095, VALID: true, PHASE: COMPLETE
[19:28:28] [Client thread/INFO]: [CHAT] §8[§9§lLiquidBounce§8]§r PREV YAW: 3.5679321, PREV PITCH: 3.5679445, VALID: true, PHASE: COMPLETE
[19:28:28] [Client thread/INFO]: [CHAT] §8[§9§lLiquidBounce§8]§r PREV YAW: 1.8415222, PREV PITCH: 0.0, VALID: true, PHASE: COMPLETE
[19:28:28] [Client thread/INFO]: [CHAT] §8[§9§lLiquidBounce§8]§r PREV YAW: 0.57547, PREV PITCH: 0.8056648, VALID: true, PHASE: COMPLETE
[19:28:28] [Client thread/INFO]: [CHAT] §8[§9§lLiquidBounce§8]§r PREV YAW: -0.80566406, PREV PITCH: 0.0, VALID: true, PHASE: COMPLETE
[19:28:28] [Client thread/INFO]: [CHAT] §8[§9§lLiquidBounce§8]§r PREV YAW: -2.4169922, PREV PITCH: 0.57547474, VALID: true, PHASE: COMPLETE
[19:28:28] [Client thread/INFO]: [CHAT] §8[§9§lLiquidBounce§8]§r PREV YAW: -3.5679321, PREV PITCH: 1.15095, VALID: true, PHASE: COMPLETE
[19:28:28] [Client thread/INFO]: [CHAT] §8[§9§lLiquidBounce§8]§r PREV YAW: -5.7547607, PREV PITCH: 3.3377547, VALID: true, PHASE: PRIMARY
[19:28:28] [Client thread/INFO]: [CHAT] §8[§9§lLiquidBounce§8]§r PREV YAW: -22.558624, PREV PITCH: 17.839722, VALID: true, PHASE: PRIMARY
[19:28:28] [Client thread/INFO]: [CHAT] §8[§9§lLiquidBounce§8]§r PREV YAW: -24.400146, PREV PITCH: 13.581207, VALID: true, PHASE: COMPLETE
[19:28:29] [Client thread/INFO]: [CHAT] §8[§9§lLiquidBounce§8]§r PREV YAW: -13.926483, PREV PITCH: 5.6396523, VALID: true, PHASE: PRIMARY
[19:28:29] [Client thread/INFO]: [CHAT] §8[§9§lLiquidBounce§8]§r PREV YAW: -17.264252, PREV PITCH: -3.107563, VALID: true, PHASE: PRIMARY
[19:28:29] [Client thread/INFO]: [CHAT] §8[§9§lLiquidBounce§8]§r PREV YAW: 10.703827, PREV PITCH: -9.2076, VALID: true, PHASE: COMPLETE
[19:28:29] [Client thread/INFO]: [CHAT] §8[§9§lLiquidBounce§8]§r PREV YAW: 8.747223, PREV PITCH: -6.5604134, VALID: false, PHASE: PRIMARY
[19:28:29] [Client thread/INFO]: [CHAT] §8[§9§lLiquidBounce§8]§r PREV YAW: 18.87558, PREV PITCH: -17.724628, VALID: true, PHASE: PRIMARY
[19:28:29] [Client thread/INFO]: [CHAT] §8[§9§lLiquidBounce§8]§r PREV YAW: 15.883118, PREV PITCH: -20.832191, VALID: true, PHASE: COMPLETE
[19:28:29] [Client thread/INFO]: [CHAT] §8[§9§lLiquidBounce§8]§r PREV YAW: 7.941559, PREV PITCH: -10.128358, VALID: true, PHASE: PRIMARY
[19:28:29] [Client thread/INFO]: [CHAT] §8[§9§lLiquidBounce§8]§r PREV YAW: 6.2151184, PREV PITCH: -2.1868038, VALID: true, PHASE: PRIMARY
[19:28:29] [Client thread/INFO]: [CHAT] §8[§9§lLiquidBounce§8]§r PREV YAW: 14.041595, PREV PITCH: 11.279308, VALID: true, PHASE: COMPLETE
[19:28:29] [Client thread/INFO]: [CHAT] §8[§9§lLiquidBounce§8]§r PREV YAW: 6.4453125, PREV PITCH: 6.100034, VALID: true, PHASE: PRIMARY
[19:28:29] [Client thread/INFO]: [CHAT] §8[§9§lLiquidBounce§8]§r PREV YAW: 0.0, PREV PITCH: 5.639654, VALID: true, PHASE: PRIMARY
[19:28:29] [Client thread/INFO]: [CHAT] §8[§9§lLiquidBounce§8]§r PREV YAW: 2.186798, PREV PITCH: 4.7188945, VALID: true, PHASE: COMPLETE
[19:28:29] [Client thread/INFO]: [CHAT] §8[§9§lLiquidBounce§8]§r PREV YAW: 1.7264099, PREV PITCH: 3.7981346, VALID: true, PHASE: COMPLETE
[19:28:29] [Client thread/INFO]: [CHAT] §8[§9§lLiquidBounce§8]§r PREV YAW: 2.3019104, PREV PITCH: 2.3018994, VALID: true, PHASE: COMPLETE
[19:28:29] [Client thread/INFO]: [CHAT] §8[§9§lLiquidBounce§8]§r PREV YAW: 1.2660522, PREV PITCH: -1.7264252, VALID: true, PHASE: COMPLETE
[19:28:29] [Client thread/INFO]: [CHAT] §8[§9§lLiquidBounce§8]§r PREV YAW: 1.4962463, PREV PITCH: -2.3018994, VALID: true, PHASE: COMPLETE
[19:28:29] [Client thread/INFO]: [CHAT] §8[§9§lLiquidBounce§8]§r PREV YAW: -2.186798, PREV PITCH: -6.330224, VALID: true, PHASE: COMPLETE
[19:28:29] [Client thread/INFO]: [CHAT] §8[§9§lLiquidBounce§8]§r PREV YAW: -0.92074585, PREV PITCH: -2.6471846, VALID: true, PHASE: COMPLETE
[19:28:29] [Client thread/INFO]: [CHAT] §8[§9§lLiquidBounce§8]§r PREV YAW: -3.1075745, PREV PITCH: -4.3736095, VALID: true, PHASE: COMPLETE
[19:28:29] [Client thread/INFO]: [CHAT] §8[§9§lLiquidBounce§8]§r PREV YAW: -2.4169922, PREV PITCH: -3.3377547, VALID: true, PHASE: COMPLETE
[19:28:30] [Client thread/INFO]: [CHAT] §8[§9§lLiquidBounce§8]§r PREV YAW: -1.956604, PREV PITCH: -1.2660446, VALID: true, PHASE: COMPLETE
[19:28:30] [Client thread/INFO]: [CHAT] §8[§9§lLiquidBounce§8]§r PREV YAW: -1.381134, PREV PITCH: -1.8415194, VALID: true, PHASE: COMPLETE
[19:28:30] [Client thread/INFO]: [CHAT] §8[§9§lLiquidBounce§8]§r PREV YAW: -1.6113281, PREV PITCH: 1.3811398, VALID: true, PHASE: COMPLETE
[19:28:30] [Client thread/INFO]: [CHAT] §8[§9§lLiquidBounce§8]§r PREV YAW: -1.15094, PREV PITCH: 0.34528542, VALID: true, PHASE: COMPLETE
[19:28:30] [Client thread/INFO]: [CHAT] §8[§9§lLiquidBounce§8]§r PREV YAW: -1.15094, PREV PITCH: 3.107565, VALID: true, PHASE: COMPLETE
[19:28:30] [Client thread/INFO]: [CHAT] §8[§9§lLiquidBounce§8]§r PREV YAW: -1.15094, PREV PITCH: 2.6471844, VALID: true, PHASE: COMPLETE
[19:28:30] [Client thread/INFO]: [CHAT] §8[§9§lLiquidBounce§8]§r PREV YAW: -2.6471863, PREV PITCH: 5.524559, VALID: true, PHASE: COMPLETE
[19:28:30] [Client thread/INFO]: [CHAT] §8[§9§lLiquidBounce§8]§r PREV YAW: -2.186798, PREV PITCH: 4.833989, VALID: true, PHASE: COMPLETE
[19:28:30] [Client thread/INFO]: [CHAT] §8[§9§lLiquidBounce§8]§r PREV YAW: -2.6471863, PREV PITCH: 1.8415198, VALID: true, PHASE: PRIMARY
[19:28:30] [Client thread/INFO]: [CHAT] §8[§9§lLiquidBounce§8]§r PREV YAW: -9.092499, PREV PITCH: -0.2301898, VALID: true, PHASE: PRIMARY
[19:28:30] [Client thread/INFO]: [CHAT] §8[§9§lLiquidBounce§8]§r PREV YAW: -16.57367, PREV PITCH: 0.34528494, VALID: true, PHASE: COMPLETE
[19:28:30] [Client thread/INFO]: [CHAT] §8[§9§lLiquidBounce§8]§r PREV YAW: -9.783081, PREV PITCH: 0.57547474, VALID: true, PHASE: PRIMARY
[19:28:30] [Client thread/INFO]: [CHAT] §8[§9§lLiquidBounce§8]§r PREV YAW: 5.9849243, PREV PITCH: 7.9415536, VALID: true, PHASE: PRIMARY
[19:28:30] [Client thread/INFO]: [CHAT] §8[§9§lLiquidBounce§8]§r PREV YAW: 4.8339844, PREV PITCH: 16.113298, VALID: true, PHASE: COMPLETE
[19:28:30] [Client thread/INFO]: [CHAT] §8[§9§lLiquidBounce§8]§r PREV YAW: 3.3377686, PREV PITCH: 9.43779, VALID: true, PHASE: PRIMARY
[19:28:30] [Client thread/INFO]: [CHAT] §8[§9§lLiquidBounce§8]§r PREV YAW: 12.890625, PREV PITCH: -4.143421, VALID: true, PHASE: PRIMARY
[19:28:30] [Client thread/INFO]: [CHAT] §8[§9§lLiquidBounce§8]§r PREV YAW: 10.588745, PREV PITCH: -16.228392, VALID: true, PHASE: COMPLETE
[19:28:30] [Client thread/INFO]: [CHAT] §8[§9§lLiquidBounce§8]§r PREV YAW: 5.2943726, PREV PITCH: -8.171743, VALID: true, PHASE: PRIMARY
[19:28:30] [Client thread/INFO]: [CHAT] §8[§9§lLiquidBounce§8]§r PREV YAW: -0.46038818, PREV PITCH: -6.905699, VALID: true, PHASE: PRIMARY
[19:28:30] [Client thread/INFO]: [CHAT] §8[§9§lLiquidBounce§8]§r PREV YAW: -1.0358582, PREV PITCH: -10.358548, VALID: true, PHASE: COMPLETE
[19:28:31] [Client thread/INFO]: [CHAT] §8[§9§lLiquidBounce§8]§r PREV YAW: -1.4962463, PREV PITCH: -4.1434193, VALID: true, PHASE: COMPLETE
[19:28:31] [Client thread/INFO]: [CHAT] §8[§9§lLiquidBounce§8]§r PREV YAW: 0.57547, PREV PITCH: -5.7547493, VALID: true, PHASE: COMPLETE
[19:28:31] [Client thread/INFO]: [CHAT] §8[§9§lLiquidBounce§8]§r PREV YAW: 0.0, PREV PITCH: 0.11509514, VALID: false, PHASE: PRIMARY
[19:28:31] [Client thread/INFO]: [CHAT] §8[§9§lLiquidBounce§8]§r PREV YAW: -1.8415222, PREV PITCH: 12.084973, VALID: true, PHASE: PRIMARY
[19:28:31] [Client thread/INFO]: [CHAT] §8[§9§lLiquidBounce§8]§r PREV YAW: -1.15094, PREV PITCH: 9.898169, VALID: true, PHASE: COMPLETE
[19:28:31] [Client thread/INFO]: [CHAT] §8[§9§lLiquidBounce§8]§r PREV YAW: -0.23019409, PREV PITCH: 3.1075644, VALID: true, PHASE: COMPLETE
[19:28:31] [Client thread/INFO]: [CHAT] §8[§9§lLiquidBounce§8]§r PREV YAW: 0.0, PREV PITCH: 0.805665, VALID: true, PHASE: COMPLETE
[19:28:31] [Client thread/INFO]: [CHAT] §8[§9§lLiquidBounce§8]§r PREV YAW: 0.11508179, PREV PITCH: 0.0, VALID: true, PHASE: COMPLETE
[19:28:31] [Client thread/INFO]: [CHAT] §8[§9§lLiquidBounce§8]§r PREV YAW: 0.0, PREV PITCH: -1.7264252, VALID: true, PHASE: COMPLETE
[19:28:31] [Client thread/INFO]: [CHAT] §8[§9§lLiquidBounce§8]§r PREV YAW: 0.0, PREV PITCH: -2.0717096, VALID: true, PHASE: COMPLETE
[19:28:31] [Client thread/INFO]: [CHAT] §8[§9§lLiquidBounce§8]§r PREV YAW: 0.0, PREV PITCH: -3.2226596, VALID: true, PHASE: COMPLETE
[19:28:31] [Client thread/INFO]: [CHAT] §8[§9§lLiquidBounce§8]§r PREV YAW: 0.0, PREV PITCH: -1.6113298, VALID: true, PHASE: COMPLETE
[19:28:31] [Client thread/INFO]: [CHAT] §8[§9§lLiquidBounce§8]§r PREV YAW: 0.23019409, PREV PITCH: -0.11509502, VALID: true, PHASE: COMPLETE
[19:28:31] [Client thread/INFO]: [CHAT] §8[§9§lLiquidBounce§8]§r PREV YAW: 0.23019409, PREV PITCH: 0.0, VALID: true, PHASE: COMPLETE
[19:28:31] [Client thread/INFO]: [CHAT] §8[§9§lLiquidBounce§8]§r PREV YAW: -0.11508179, PREV PITCH: 0.0, VALID: true, PHASE: COMPLETE
[19:28:31] [Client thread/INFO]: [CHAT] §8[§9§lLiquidBounce§8]§r PREV YAW: 0.0, PREV PITCH: 0.11509502, VALID: true, PHASE: COMPLETE
[19:28:31] [Client thread/INFO]: [CHAT] §8[§9§lLiquidBounce§8]§r PREV YAW: 0.11508179, PREV PITCH: 0.11509502, VALID: true, PHASE: COMPLETE
[19:28:31] [Client thread/INFO]: [CHAT] §8[§9§lLiquidBounce§8]§r PREV YAW: -0.34527588, PREV PITCH: 0.23018992, VALID: true, PHASE: COMPLETE
[19:28:31] [Client thread/INFO]: [CHAT] §8[§9§lLiquidBounce§8]§r PREV YAW: -0.34527588, PREV PITCH: 0.34528494, VALID: true, PHASE: COMPLETE
[19:28:31] [Client thread/INFO]: [CHAT] §8[§9§lLiquidBounce§8]§r PREV YAW: -0.34527588, PREV PITCH: 0.46037984, VALID: true, PHASE: COMPLETE
[19:28:32] [Client thread/INFO]: [CHAT] §8[§9§lLiquidBounce§8]§r PREV YAW: -1.15094, PREV PITCH: 1.2660446, VALID: true, PHASE: COMPLETE
[19:28:32] [Client thread/INFO]: [CHAT] §8[§9§lLiquidBounce§8]§r PREV YAW: -4.4887085, PREV PITCH: 2.9924693, VALID: true, PHASE: COMPLETE
[19:28:32] [Client thread/INFO]: [CHAT] §8[§9§lLiquidBounce§8]§r PREV YAW: -1.2660522, PREV PITCH: 4.373609, VALID: true, PHASE: PRIMARY
[19:28:32] [Client thread/INFO]: [CHAT] §8[§9§lLiquidBounce§8]§r PREV YAW: 2.6471863, PREV PITCH: 21.868046, VALID: true, PHASE: PRIMARY
[19:28:32] [Client thread/INFO]: [CHAT] §8[§9§lLiquidBounce§8]§r PREV YAW: -1.8415222, PREV PITCH: 17.379341, VALID: true, PHASE: COMPLETE
[19:28:32] [Client thread/INFO]: [CHAT] §8[§9§lLiquidBounce§8]§r PREV YAW: -0.80566406, PREV PITCH: 8.977409, VALID: true, PHASE: PRIMARY
[19:28:32] [Client thread/INFO]: [CHAT] §8[§9§lLiquidBounce§8]§r PREV YAW: 4.0283203, PREV PITCH: -17.839722, VALID: true, PHASE: PRIMARY
[19:28:32] [Client thread/INFO]: [CHAT] §8[§9§lLiquidBounce§8]§r PREV YAW: 2.5321045, PREV PITCH: -25.090706, VALID: true, PHASE: COMPLETE
[19:28:32] [Client thread/INFO]: [CHAT] §8[§9§lLiquidBounce§8]§r PREV YAW: 0.92074585, PREV PITCH: -12.2000675, VALID: true, PHASE: PRIMARY
[19:28:32] [Client thread/INFO]: [CHAT] §8[§9§lLiquidBounce§8]§r PREV YAW: -0.6905823, PREV PITCH: -5.294369, VALID: true, PHASE: PRIMARY
[19:28:32] [Client thread/INFO]: [CHAT] §8[§9§lLiquidBounce§8]§r PREV YAW: 0.23019409, PREV PITCH: -6.905699, VALID: true, PHASE: COMPLETE
[19:28:32] [Client thread/INFO]: [CHAT] §8[§9§lLiquidBounce§8]§r PREV YAW: 0.57547, PREV PITCH: -5.7547493, VALID: true, PHASE: COMPLETE
[19:28:32] [Client thread/INFO]: [CHAT] §8[§9§lLiquidBounce§8]§r PREV YAW: -0.46038818, PREV PITCH: -0.34528542, VALID: true, PHASE: COMPLETE
[19:28:32] [Client thread/INFO]: [CHAT] §8[§9§lLiquidBounce§8]§r PREV YAW: -0.34527588, PREV PITCH: 0.92076015, VALID: true, PHASE: COMPLETE
[19:28:32] [Client thread/INFO]: [CHAT] §8[§9§lLiquidBounce§8]§r PREV YAW: 1.0358582, PREV PITCH: 3.5679445, VALID: true, PHASE: COMPLETE
[19:28:32] [Client thread/INFO]: [CHAT] §8[§9§lLiquidBounce§8]§r PREV YAW: -0.34527588, PREV PITCH: 3.1075644, VALID: true, PHASE: COMPLETE
[19:28:32] [Client thread/INFO]: [CHAT] §8[§9§lLiquidBounce§8]§r PREV YAW: -0.11508179, PREV PITCH: 5.4094644, VALID: true, PHASE: COMPLETE
[19:28:32] [Client thread/INFO]: [CHAT] §8[§9§lLiquidBounce§8]§r PREV YAW: 6.1000366, PREV PITCH: 1.7264247, VALID: true, PHASE: COMPLETE
[19:28:32] [Client thread/INFO]: [CHAT] §8[§9§lLiquidBounce§8]§r PREV YAW: 1.15094, PREV PITCH: 1.4962348, VALID: true, PHASE: PRIMARY
[19:28:33] [Client thread/INFO]: [CHAT] §8[§9§lLiquidBounce§8]§r PREV YAW: -6.4453125, PREV PITCH: 2.4169948, VALID: true, PHASE: PRIMARY
[19:28:33] [Client thread/INFO]: [CHAT] §8[§9§lLiquidBounce§8]§r PREV YAW: -3.6830444, PREV PITCH: 1.4962349, VALID: true, PHASE: COMPLETE
[19:28:33] [Client thread/INFO]: [CHAT] Baris_reaper was killed by FelineNag
[19:28:33] [Client thread/INFO]: [CHAT] 
[19:28:33] [Client thread/INFO]: [CHAT] ▬▬▬▬▬▬▬▬▬▬▬▬▬▬▬▬▬▬▬▬▬▬▬▬▬▬▬▬▬▬▬▬▬▬▬▬▬▬▬▬▬▬▬▬▬▬▬▬▬▬▬▬▬▬▬▬▬▬▬▬▬▬▬▬▬▬▬▬▬
[19:28:33] [Client thread/INFO]: [CHAT] 
[19:28:33] [Client thread/INFO]: [CHAT]                               MATCH OVER!
[19:28:33] [Client thread/INFO]: [CHAT] 
[19:28:33] [Client thread/INFO]: [CHAT]                  Baris_reaper 80 ▏ 100 FelineNag
[19:28:33] [Client thread/INFO]: [CHAT]                               LOSER!   WINNER!
[19:28:33] [Client thread/INFO]: [CHAT] §r
                       §e[View recap] §b[Rematch]   

[19:28:33] [Client thread/INFO]: [CHAT] ▬▬▬▬▬▬▬▬▬▬▬▬▬▬▬▬▬▬▬▬▬▬▬▬▬▬▬▬▬▬▬▬▬▬▬▬▬▬▬▬▬▬▬▬▬▬▬▬▬▬▬▬▬▬▬▬▬▬▬▬▬▬▬▬▬▬▬▬▬
[19:28:33] [Client thread/INFO]: [CHAT] 
[19:28:33] [Client thread/INFO]: [CHAT] §8[§9§lLiquidBounce§8]§r PREV YAW: -1.7264099, PREV PITCH: 2.5320892, VALID: true, PHASE: COMPLETE
[19:28:33] [Client thread/INFO]: [CHAT] §8[§9§lLiquidBounce§8]§r PREV YAW: 1.6113281, PREV PITCH: 0.92076015, VALID: false, PHASE: PRIMARY
[19:28:33] [Client thread/INFO]: [CHAT] §8[§9§lLiquidBounce§8]§r PREV YAW: 5.5245667, PREV PITCH: 4.1434193, VALID: false, PHASE: PRIMARY
[19:28:33] [Client thread/INFO]: [CHAT] §8[§9§lLiquidBounce§8]§r PREV YAW: 3.2226562, PREV PITCH: 2.301899, VALID: false, PHASE: COMPLETE
[19:28:33] [Client thread/INFO]: [FileManager] Saved config: modules.json.
[19:28:41] [Client thread/INFO]: [CHAT] You are already trying to connect to a server!
[19:28:41] [Client thread/INFO]: [CHAT] You are already trying to connect to a server!
[19:28:43] [Client thread/INFO]: [CHAT] zxc51083705 ► any1 cn or hk
[19:28:45] [Client thread/INFO]: [FileManager] Saved config: modules.json.
[19:28:49] [Client thread/INFO]: [CHAT] Mace Exemplar I NOXIUM ► I make Minecraft edits, anyone wanna see?
[19:28:52] [Client thread/INFO]: [CHAT] xSilex ► ez
[19:28:53] [Client thread/INFO]: [CHAT] Challenger CrazyAnishXD ► hlo
[19:28:55] [Client thread/INFO]: [FileManager] Saved config: clickgui.json.
[19:28:57] [Client thread/INFO]: Applying holder lookups
[19:28:57] [Client thread/INFO]: Holder lookups applied
[19:28:58] [Netty Client IO #1/INFO]: Attempting connection with missing mods [mcp, FML, Forge, foamfixcore, configurationsbackport, foamfix, nothirium, phosphor-lighting, renderlib] at SERVER
[19:28:58] [Netty Client IO #2/INFO]: Attempting connection with missing mods [mcp, FML, Forge, foamfixcore, configurationsbackport, foamfix, nothirium, phosphor-lighting, renderlib] at SERVER
[19:28:59] [Netty Client IO #3/INFO]: Attempting connection with missing mods [mcp, FML, Forge, foamfixcore, configurationsbackport, foamfix, nothirium, phosphor-lighting, renderlib] at SERVER
[19:28:59] [Netty Client IO #1/INFO]: Attempting connection with missing mods [mcp, FML, Forge, foamfixcore, configurationsbackport, foamfix, nothirium, phosphor-lighting, renderlib] at SERVER
[19:28:59] [Netty Client IO #2/INFO]: Attempting connection with missing mods [mcp, FML, Forge, foamfixcore, configurationsbackport, foamfix, nothirium, phosphor-lighting, renderlib] at SERVER
[19:29:01] [Netty Client IO #5/INFO]: Attempting connection with missing mods [mcp, FML, Forge, foamfixcore, configurationsbackport, foamfix, nothirium, phosphor-lighting, renderlib] at SERVER
[19:29:02] [Netty Client IO #0/INFO]: Attempting connection with missing mods [mcp, FML, Forge, foamfixcore, configurationsbackport, foamfix, nothirium, phosphor-lighting, renderlib] at SERVER
[19:29:03] [Client thread/INFO]: [FileManager] Saved config: modules.json.
[19:29:03] [Client thread/INFO]: [FileManager] Saved config: values.json.
[19:29:03] [Client thread/INFO]: [FileManager] Saved config: clickgui.json.
[19:29:04] [Client thread/INFO]: [FileManager] Saved config: accounts.json.
[19:29:04] [Client thread/INFO]: [FileManager] Saved config: friends.json.
[19:29:04] [Client thread/INFO]: [FileManager] Saved config: xray-blocks.json.
[19:29:04] [Client thread/INFO]: [FileManager] Saved config: hud.json.
[19:29:04] [Client thread/INFO]: [FileManager] Saved config: shortcuts.json.
[19:29:04] [Client thread/INFO]: Stopping!
[19:29:04] [Client thread/INFO]: SoundSystem shutting down...
[19:29:04] [Client thread/WARN]: Author: Paul Lamb, www.paulscode.com
